type,start,duration,timeline,subject,session,task,run,filepath,frequency,offset,stop,text,sequence_id,sentence,language,sentence_char,text_char,context,modality
Audio,0.0,60.0,default,default,,,,/content/drive/MyDrive/tribetest/Considering What   Paris 2024 Paralympic Games.wav,44100.0,0.0,60.0,,,,,,,,
Video,0.0,60.0,default,default,,,,/content/drive/MyDrive/tribetest/Considering What   Paris 2024 Paralympic Games.mp4,25.0,0.0,60.0,,,,,,,,
Sentence,0.31799900000000003,1.140002,default,default,,,,,,,1.4580009999999999,That biscotti's delicious. ,,,,,,,
Text,0.318,227.63199999999998,default,default,,,,,,,227.95,"That biscotti's delicious. I love the crunch. The texture's spot on. Really good. Gravity. It's totally self-centred. It wants to introduce your face to the floor, no matter who you are or what you look like. It breaks bones, hearts, and gives middle-aged men moods. Friction doesn't care. It's not here to make exceptions. You're going its way whether your lycra likes it or not. It's keeping your skin as a souvenir. Time doesn't stop for anyone. It just marches ruthlessly on. It says you're not going to qualify. You won't make the plane. Your pet's not coming back. You're not getting any younger. That force, that headwind, that 200-pound weight, that tennis ball headed straight for your face. That's a bit of magic. He's incredible for someone like that. He's so brave. She's doing so well considering. Considering what?. Of them give a flying toss. You are for what your backstory is. They would never say, he's amazing for someone in the wheelchair. That biscotti's delicious. I love the crunch. The texture's spot on. Really good. Gravity. It's totally self-centred. It wants to introduce your face to the floor, no matter who you are or what you look like. It breaks bones, hearts, and gives middle-aged men moods. Friction doesn't care. It's not here to make exceptions. You're going its way whether your lycra likes it or not. It's keeping your skin as a souvenir. Time doesn't stop for anyone. It just marches ruthlessly on. It says you're not going to qualify. You won't make the plane. Your pet's not coming back. You're not getting any younger. That force, that headwind, that 200-pound weight, that tennis ball headed straight for your face. That's a bit of magic. He's incredible for someone like that. He's so brave. She's doing so well considering. Considering what?. Of them give a flying toss. You are for what your backstory is. They would never say, he's amazing for someone in the wheelchair",0.0,,english,,,,
Word,0.318,0.12,default,default,,,,,,,0.438,That,0.0,That biscotti's delicious. ,english,0.0,0.0,That,
Word,0.458,0.54,default,default,,,,,,,0.998,biscotti's,0.0,That biscotti's delicious. ,english,5.0,5.0,That biscotti's,
Word,1.038,0.4199999999999999,default,default,,,,,,,1.458,delicious.,0.0,That biscotti's delicious. ,english,16.0,16.0,That biscotti's delicious.,
Sentence,1.758999,2.080002,default,default,,,,,,,3.8390009999999997,I love the crunch. ,,,,,,,
Word,1.759,0.3999999999999999,default,default,,,,,,,2.159,I,1.0,I love the crunch. ,english,0.0,27.0,That biscotti's delicious. I,
Word,2.459,0.3199999999999998,default,default,,,,,,,2.779,love,1.0,I love the crunch. ,english,2.0,29.0,That biscotti's delicious. I love,
Word,2.799,0.06,default,default,,,,,,,2.859,the,1.0,I love the crunch. ,english,7.0,34.0,That biscotti's delicious. I love the,
Word,2.919,0.92,default,default,,,,,,,3.839,crunch.,1.0,I love the crunch. ,english,11.0,38.0,That biscotti's delicious. I love the crunch.,
Sentence,4.218999,2.221002,default,default,,,,,,,6.4400010000000005,The texture's spot on. ,,,,,,,
Word,4.219,0.1009999999999999,default,default,,,,,,,4.32,The,2.0,The texture's spot on. ,english,0.0,46.0,That biscotti's delicious. I love the crunch. The,
Word,5.36,0.5,default,default,,,,,,,5.86,texture's,2.0,The texture's spot on. ,english,4.0,50.0,That biscotti's delicious. I love the crunch. The texture's,
Word,5.94,0.2999999999999998,default,default,,,,,,,6.24,spot,2.0,The texture's spot on. ,english,14.0,60.0,That biscotti's delicious. I love the crunch. The texture's spot,
Word,6.3,0.1400000000000005,default,default,,,,,,,6.44,on.,2.0,The texture's spot on. ,english,19.0,65.0,That biscotti's delicious. I love the crunch. The texture's spot on.,
Sentence,6.840999,0.48000199999999954,default,default,,,,,,,7.321001,Really good. ,,,,,,,
Word,6.841,0.2999999999999998,default,default,,,,,,,7.141,Really,3.0,Really good. ,english,0.0,69.0,That biscotti's delicious. I love the crunch. The texture's spot on. Really,
Word,7.181,0.1399999999999996,default,default,,,,,,,7.321,good.,3.0,Really good. ,english,7.0,76.0,That biscotti's delicious. I love the crunch. The texture's spot on. Really good.,
Sentence,7.440999,0.28000200000000025,default,default,,,,,,,7.721001,Gravity. ,,,,,,,
Word,7.441,0.2800000000000002,default,default,,,,,,,7.721,Gravity.,4.0,Gravity. ,english,0.0,82.0,That biscotti's delicious. I love the crunch. The texture's spot on. Really good. Gravity.,
Sentence,7.800999,1.5400019999999992,default,default,,,,,,,9.341000999999999,It's totally self-centred. ,,,,,,,
Word,7.801,0.1399999999999996,default,default,,,,,,,7.941,It's,5.0,It's totally self-centred. ,english,0.0,91.0,That biscotti's delicious. I love the crunch. The texture's spot on. Really good. Gravity. It's,
Word,7.961,0.379999999999999,default,default,,,,,,,8.341,totally,5.0,It's totally self-centred. ,english,5.0,96.0,That biscotti's delicious. I love the crunch. The texture's spot on. Really good. Gravity. It's totally,
Word,8.361,0.9799999999999986,default,default,,,,,,,9.341,self-centred.,5.0,It's totally self-centred. ,english,13.0,104.0,That biscotti's delicious. I love the crunch. The texture's spot on. Really good. Gravity. It's totally self-centred.,
Sentence,20.894999,7.405002000000001,default,default,,,,,,,28.300001,"It wants to introduce your face to the floor, no matter who you are or what you look like. ",,,,,,,
Word,20.895,0.0599999999999987,default,default,,,,,,,20.955,It,6.0,"It wants to introduce your face to the floor, no matter who you are or what you look like. ",english,0.0,118.0,That biscotti's delicious. I love the crunch. The texture's spot on. Really good. Gravity. It's totally self-centred. It,
Word,21.015,0.2399999999999984,default,default,,,,,,,21.255,wants,6.0,"It wants to introduce your face to the floor, no matter who you are or what you look like. ",english,3.0,121.0,That biscotti's delicious. I love the crunch. The texture's spot on. Really good. Gravity. It's totally self-centred. It wants,
Word,21.315,0.0799999999999983,default,default,,,,,,,21.395,to,6.0,"It wants to introduce your face to the floor, no matter who you are or what you look like. ",english,9.0,127.0,That biscotti's delicious. I love the crunch. The texture's spot on. Really good. Gravity. It's totally self-centred. It wants to,
Word,21.515,0.6009999999999991,default,default,,,,,,,22.116,introduce,6.0,"It wants to introduce your face to the floor, no matter who you are or what you look like. ",english,12.0,130.0,That biscotti's delicious. I love the crunch. The texture's spot on. Really good. Gravity. It's totally self-centred. It wants to introduce,
Word,22.216,0.1799999999999997,default,default,,,,,,,22.396,your,6.0,"It wants to introduce your face to the floor, no matter who you are or what you look like. ",english,22.0,140.0,That biscotti's delicious. I love the crunch. The texture's spot on. Really good. Gravity. It's totally self-centred. It wants to introduce your,
Word,22.536,0.2799999999999976,default,default,,,,,,,22.816,face,6.0,"It wants to introduce your face to the floor, no matter who you are or what you look like. ",english,27.0,145.0,That biscotti's delicious. I love the crunch. The texture's spot on. Really good. Gravity. It's totally self-centred. It wants to introduce your face,
Word,22.976,0.1010000000000026,default,default,,,,,,,23.077,to,6.0,"It wants to introduce your face to the floor, no matter who you are or what you look like. ",english,32.0,150.0,That biscotti's delicious. I love the crunch. The texture's spot on. Really good. Gravity. It's totally self-centred. It wants to introduce your face to,
Word,23.117,0.0799999999999983,default,default,,,,,,,23.197,the,6.0,"It wants to introduce your face to the floor, no matter who you are or what you look like. ",english,35.0,153.0,That biscotti's delicious. I love the crunch. The texture's spot on. Really good. Gravity. It's totally self-centred. It wants to introduce your face to the,
Word,23.257,0.379999999999999,default,default,,,,,,,23.637,"floor,",6.0,"It wants to introduce your face to the floor, no matter who you are or what you look like. ",english,39.0,157.0,"That biscotti's delicious. I love the crunch. The texture's spot on. Really good. Gravity. It's totally self-centred. It wants to introduce your face to the floor,",
Word,24.377,0.1010000000000026,default,default,,,,,,,24.478,no,6.0,"It wants to introduce your face to the floor, no matter who you are or what you look like. ",english,46.0,164.0,"That biscotti's delicious. I love the crunch. The texture's spot on. Really good. Gravity. It's totally self-centred. It wants to introduce your face to the floor, no",
Word,24.498,0.259999999999998,default,default,,,,,,,24.758,matter,6.0,"It wants to introduce your face to the floor, no matter who you are or what you look like. ",english,49.0,167.0,"That biscotti's delicious. I love the crunch. The texture's spot on. Really good. Gravity. It's totally self-centred. It wants to introduce your face to the floor, no matter",
Word,24.798,0.1400000000000005,default,default,,,,,,,24.938,who,6.0,"It wants to introduce your face to the floor, no matter who you are or what you look like. ",english,56.0,174.0,"That biscotti's delicious. I love the crunch. The texture's spot on. Really good. Gravity. It's totally self-centred. It wants to introduce your face to the floor, no matter who",
Word,24.978,0.1600000000000001,default,default,,,,,,,25.138,you,6.0,"It wants to introduce your face to the floor, no matter who you are or what you look like. ",english,60.0,178.0,"That biscotti's delicious. I love the crunch. The texture's spot on. Really good. Gravity. It's totally self-centred. It wants to introduce your face to the floor, no matter who you",
Word,25.358,0.1799999999999997,default,default,,,,,,,25.538,are,6.0,"It wants to introduce your face to the floor, no matter who you are or what you look like. ",english,64.0,182.0,"That biscotti's delicious. I love the crunch. The texture's spot on. Really good. Gravity. It's totally self-centred. It wants to introduce your face to the floor, no matter who you are",
Word,25.939,0.1400000000000005,default,default,,,,,,,26.079,or,6.0,"It wants to introduce your face to the floor, no matter who you are or what you look like. ",english,68.0,186.0,"That biscotti's delicious. I love the crunch. The texture's spot on. Really good. Gravity. It's totally self-centred. It wants to introduce your face to the floor, no matter who you are or",
Word,26.179,0.2200000000000024,default,default,,,,,,,26.399,what,6.0,"It wants to introduce your face to the floor, no matter who you are or what you look like. ",english,71.0,189.0,"That biscotti's delicious. I love the crunch. The texture's spot on. Really good. Gravity. It's totally self-centred. It wants to introduce your face to the floor, no matter who you are or what",
Word,26.419,0.1999999999999993,default,default,,,,,,,26.619,you,6.0,"It wants to introduce your face to the floor, no matter who you are or what you look like. ",english,76.0,194.0,"That biscotti's delicious. I love the crunch. The texture's spot on. Really good. Gravity. It's totally self-centred. It wants to introduce your face to the floor, no matter who you are or what you",
Word,26.699,0.2199999999999988,default,default,,,,,,,26.919,look,6.0,"It wants to introduce your face to the floor, no matter who you are or what you look like. ",english,80.0,198.0,"That biscotti's delicious. I love the crunch. The texture's spot on. Really good. Gravity. It's totally self-centred. It wants to introduce your face to the floor, no matter who you are or what you look",
Word,26.959,1.341000000000001,default,default,,,,,,,28.3,like.,6.0,"It wants to introduce your face to the floor, no matter who you are or what you look like. ",english,85.0,203.0,"That biscotti's delicious. I love the crunch. The texture's spot on. Really good. Gravity. It's totally self-centred. It wants to introduce your face to the floor, no matter who you are or what you look like.",
Sentence,28.379998999999998,6.625002000000004,default,default,,,,,,,35.005001,"It breaks bones, hearts, and gives middle-aged men moods. ",,,,,,,
Word,28.38,0.120000000000001,default,default,,,,,,,28.5,It,7.0,"It breaks bones, hearts, and gives middle-aged men moods. ",english,0.0,209.0,"That biscotti's delicious. I love the crunch. The texture's spot on. Really good. Gravity. It's totally self-centred. It wants to introduce your face to the floor, no matter who you are or what you look like. It",
Word,28.58,0.3810000000000002,default,default,,,,,,,28.961,breaks,7.0,"It breaks bones, hearts, and gives middle-aged men moods. ",english,3.0,212.0,"That biscotti's delicious. I love the crunch. The texture's spot on. Really good. Gravity. It's totally self-centred. It wants to introduce your face to the floor, no matter who you are or what you look like. It breaks",
Word,29.081,0.5399999999999991,default,default,,,,,,,29.621,"bones,",7.0,"It breaks bones, hearts, and gives middle-aged men moods. ",english,10.0,219.0,"That biscotti's delicious. I love the crunch. The texture's spot on. Really good. Gravity. It's totally self-centred. It wants to introduce your face to the floor, no matter who you are or what you look like. It breaks bones,",
Word,30.282,0.5,default,default,,,,,,,30.782,"hearts,",7.0,"It breaks bones, hearts, and gives middle-aged men moods. ",english,17.0,226.0,"That biscotti's delicious. I love the crunch. The texture's spot on. Really good. Gravity. It's totally self-centred. It wants to introduce your face to the floor, no matter who you are or what you look like. It breaks bones, hearts,",
Word,31.743,0.0600000000000022,default,default,,,,,,,31.803,and,7.0,"It breaks bones, hearts, and gives middle-aged men moods. ",english,25.0,234.0,"That biscotti's delicious. I love the crunch. The texture's spot on. Really good. Gravity. It's totally self-centred. It wants to introduce your face to the floor, no matter who you are or what you look like. It breaks bones, hearts, and",
Word,31.863,0.3599999999999994,default,default,,,,,,,32.223,gives,7.0,"It breaks bones, hearts, and gives middle-aged men moods. ",english,29.0,238.0,"That biscotti's delicious. I love the crunch. The texture's spot on. Really good. Gravity. It's totally self-centred. It wants to introduce your face to the floor, no matter who you are or what you look like. It breaks bones, hearts, and gives",
Word,32.343,0.6399999999999935,default,default,,,,,,,32.983,middle-aged,7.0,"It breaks bones, hearts, and gives middle-aged men moods. ",english,35.0,244.0,"That biscotti's delicious. I love the crunch. The texture's spot on. Really good. Gravity. It's totally self-centred. It wants to introduce your face to the floor, no matter who you are or what you look like. It breaks bones, hearts, and gives middle-aged",
Word,33.144,0.3000000000000042,default,default,,,,,,,33.444,men,7.0,"It breaks bones, hearts, and gives middle-aged men moods. ",english,47.0,256.0,"That biscotti's delicious. I love the crunch. The texture's spot on. Really good. Gravity. It's totally self-centred. It wants to introduce your face to the floor, no matter who you are or what you look like. It breaks bones, hearts, and gives middle-aged men",
Word,34.264,0.7409999999999997,default,default,,,,,,,35.005,moods.,7.0,"It breaks bones, hearts, and gives middle-aged men moods. ",english,51.0,260.0,"That biscotti's delicious. I love the crunch. The texture's spot on. Really good. Gravity. It's totally self-centred. It wants to introduce your face to the floor, no matter who you are or what you look like. It breaks bones, hearts, and gives middle-aged men moods.",
Sentence,37.065999000000005,2.2820019999999963,default,default,,,,,,,39.348001000000004,Friction doesn't care. ,,,,,,,
Word,37.066,0.4209999999999994,default,default,,,,,,,37.487,Friction,8.0,Friction doesn't care. ,english,0.0,267.0,"That biscotti's delicious. I love the crunch. The texture's spot on. Really good. Gravity. It's totally self-centred. It wants to introduce your face to the floor, no matter who you are or what you look like. It breaks bones, hearts, and gives middle-aged men moods. Friction",
Word,37.547,0.2600000000000051,default,default,,,,,,,37.807,doesn't,8.0,Friction doesn't care. ,english,9.0,276.0,"That biscotti's delicious. I love the crunch. The texture's spot on. Really good. Gravity. It's totally self-centred. It wants to introduce your face to the floor, no matter who you are or what you look like. It breaks bones, hearts, and gives middle-aged men moods. Friction doesn't",
Word,37.847,1.5009999999999977,default,default,,,,,,,39.348,care.,8.0,Friction doesn't care. ,english,17.0,284.0,"That biscotti's delicious. I love the crunch. The texture's spot on. Really good. Gravity. It's totally self-centred. It wants to introduce your face to the floor, no matter who you are or what you look like. It breaks bones, hearts, and gives middle-aged men moods. Friction doesn't care.",
Sentence,39.427999,2.061002,default,default,,,,,,,41.489001,It's not here to make exceptions. ,,,,,,,
Word,39.428,0.1200000000000045,default,default,,,,,,,39.548,It's,9.0,It's not here to make exceptions. ,english,0.0,290.0,"That biscotti's delicious. I love the crunch. The texture's spot on. Really good. Gravity. It's totally self-centred. It wants to introduce your face to the floor, no matter who you are or what you look like. It breaks bones, hearts, and gives middle-aged men moods. Friction doesn't care. It's",
Word,39.588,0.1599999999999966,default,default,,,,,,,39.748,not,9.0,It's not here to make exceptions. ,english,5.0,295.0,"That biscotti's delicious. I love the crunch. The texture's spot on. Really good. Gravity. It's totally self-centred. It wants to introduce your face to the floor, no matter who you are or what you look like. It breaks bones, hearts, and gives middle-aged men moods. Friction doesn't care. It's not",
Word,39.828,0.2999999999999971,default,default,,,,,,,40.128,here,9.0,It's not here to make exceptions. ,english,9.0,299.0,"That biscotti's delicious. I love the crunch. The texture's spot on. Really good. Gravity. It's totally self-centred. It wants to introduce your face to the floor, no matter who you are or what you look like. It breaks bones, hearts, and gives middle-aged men moods. Friction doesn't care. It's not here",
Word,40.168,0.081000000000003,default,default,,,,,,,40.249,to,9.0,It's not here to make exceptions. ,english,14.0,304.0,"That biscotti's delicious. I love the crunch. The texture's spot on. Really good. Gravity. It's totally self-centred. It wants to introduce your face to the floor, no matter who you are or what you look like. It breaks bones, hearts, and gives middle-aged men moods. Friction doesn't care. It's not here to",
Word,40.309,0.2200000000000059,default,default,,,,,,,40.529,make,9.0,It's not here to make exceptions. ,english,17.0,307.0,"That biscotti's delicious. I love the crunch. The texture's spot on. Really good. Gravity. It's totally self-centred. It wants to introduce your face to the floor, no matter who you are or what you look like. It breaks bones, hearts, and gives middle-aged men moods. Friction doesn't care. It's not here to make",
Word,40.589,0.8999999999999986,default,default,,,,,,,41.489,exceptions.,9.0,It's not here to make exceptions. ,english,22.0,312.0,"That biscotti's delicious. I love the crunch. The texture's spot on. Really good. Gravity. It's totally self-centred. It wants to introduce your face to the floor, no matter who you are or what you look like. It breaks bones, hearts, and gives middle-aged men moods. Friction doesn't care. It's not here to make exceptions.",
Sentence,42.629999000000005,3.7030019999999957,default,default,,,,,,,46.333001,You're going its way whether your lycra likes it or not. ,,,,,,,
Word,42.63,0.1599999999999966,default,default,,,,,,,42.79,You're,10.0,You're going its way whether your lycra likes it or not. ,english,0.0,324.0,"That biscotti's delicious. I love the crunch. The texture's spot on. Really good. Gravity. It's totally self-centred. It wants to introduce your face to the floor, no matter who you are or what you look like. It breaks bones, hearts, and gives middle-aged men moods. Friction doesn't care. It's not here to make exceptions. You're",
Word,42.83,0.2809999999999988,default,default,,,,,,,43.111,going,10.0,You're going its way whether your lycra likes it or not. ,english,7.0,331.0,"That biscotti's delicious. I love the crunch. The texture's spot on. Really good. Gravity. It's totally self-centred. It wants to introduce your face to the floor, no matter who you are or what you look like. It breaks bones, hearts, and gives middle-aged men moods. Friction doesn't care. It's not here to make exceptions. You're going",
Word,43.191,0.1199999999999974,default,default,,,,,,,43.311,its,10.0,You're going its way whether your lycra likes it or not. ,english,13.0,337.0,"That biscotti's delicious. I love the crunch. The texture's spot on. Really good. Gravity. It's totally self-centred. It wants to introduce your face to the floor, no matter who you are or what you look like. It breaks bones, hearts, and gives middle-aged men moods. Friction doesn't care. It's not here to make exceptions. You're going its",
Word,43.411,0.259999999999998,default,default,,,,,,,43.671,way,10.0,You're going its way whether your lycra likes it or not. ,english,17.0,341.0,"That biscotti's delicious. I love the crunch. The texture's spot on. Really good. Gravity. It's totally self-centred. It wants to introduce your face to the floor, no matter who you are or what you look like. It breaks bones, hearts, and gives middle-aged men moods. Friction doesn't care. It's not here to make exceptions. You're going its way",
Word,43.771,0.2800000000000011,default,default,,,,,,,44.051,whether,10.0,You're going its way whether your lycra likes it or not. ,english,21.0,345.0,"That biscotti's delicious. I love the crunch. The texture's spot on. Really good. Gravity. It's totally self-centred. It wants to introduce your face to the floor, no matter who you are or what you look like. It breaks bones, hearts, and gives middle-aged men moods. Friction doesn't care. It's not here to make exceptions. You're going its way whether",
Word,44.071,0.2000000000000028,default,default,,,,,,,44.271,your,10.0,You're going its way whether your lycra likes it or not. ,english,29.0,353.0,"That biscotti's delicious. I love the crunch. The texture's spot on. Really good. Gravity. It's totally self-centred. It wants to introduce your face to the floor, no matter who you are or what you look like. It breaks bones, hearts, and gives middle-aged men moods. Friction doesn't care. It's not here to make exceptions. You're going its way whether your",
Word,44.371,0.6809999999999974,default,default,,,,,,,45.052,lycra,10.0,You're going its way whether your lycra likes it or not. ,english,34.0,358.0,"That biscotti's delicious. I love the crunch. The texture's spot on. Really good. Gravity. It's totally self-centred. It wants to introduce your face to the floor, no matter who you are or what you look like. It breaks bones, hearts, and gives middle-aged men moods. Friction doesn't care. It's not here to make exceptions. You're going its way whether your lycra",
Word,45.152,0.2999999999999971,default,default,,,,,,,45.452,likes,10.0,You're going its way whether your lycra likes it or not. ,english,40.0,364.0,"That biscotti's delicious. I love the crunch. The texture's spot on. Really good. Gravity. It's totally self-centred. It wants to introduce your face to the floor, no matter who you are or what you look like. It breaks bones, hearts, and gives middle-aged men moods. Friction doesn't care. It's not here to make exceptions. You're going its way whether your lycra likes",
Word,45.532,0.0800000000000054,default,default,,,,,,,45.612,it,10.0,You're going its way whether your lycra likes it or not. ,english,46.0,370.0,"That biscotti's delicious. I love the crunch. The texture's spot on. Really good. Gravity. It's totally self-centred. It wants to introduce your face to the floor, no matter who you are or what you look like. It breaks bones, hearts, and gives middle-aged men moods. Friction doesn't care. It's not here to make exceptions. You're going its way whether your lycra likes it",
Word,45.732,0.0799999999999983,default,default,,,,,,,45.812,or,10.0,You're going its way whether your lycra likes it or not. ,english,49.0,373.0,"That biscotti's delicious. I love the crunch. The texture's spot on. Really good. Gravity. It's totally self-centred. It wants to introduce your face to the floor, no matter who you are or what you look like. It breaks bones, hearts, and gives middle-aged men moods. Friction doesn't care. It's not here to make exceptions. You're going its way whether your lycra likes it or",
Word,45.912,0.4209999999999994,default,default,,,,,,,46.333,not.,10.0,You're going its way whether your lycra likes it or not. ,english,52.0,376.0,"That biscotti's delicious. I love the crunch. The texture's spot on. Really good. Gravity. It's totally self-centred. It wants to introduce your face to the floor, no matter who you are or what you look like. It breaks bones, hearts, and gives middle-aged men moods. Friction doesn't care. It's not here to make exceptions. You're going its way whether your lycra likes it or not.",
Sentence,50.367999000000005,2.6430020000000005,default,default,,,,,,,53.01100100000001,It's keeping your skin as a souvenir. ,,,,,,,
Word,50.368,0.1199999999999974,default,default,,,,,,,50.488,It's,11.0,It's keeping your skin as a souvenir. ,english,0.0,381.0,"That biscotti's delicious. I love the crunch. The texture's spot on. Really good. Gravity. It's totally self-centred. It wants to introduce your face to the floor, no matter who you are or what you look like. It breaks bones, hearts, and gives middle-aged men moods. Friction doesn't care. It's not here to make exceptions. You're going its way whether your lycra likes it or not. It's",
Word,50.628,0.4010000000000033,default,default,,,,,,,51.029,keeping,11.0,It's keeping your skin as a souvenir. ,english,5.0,386.0,"That biscotti's delicious. I love the crunch. The texture's spot on. Really good. Gravity. It's totally self-centred. It wants to introduce your face to the floor, no matter who you are or what you look like. It breaks bones, hearts, and gives middle-aged men moods. Friction doesn't care. It's not here to make exceptions. You're going its way whether your lycra likes it or not. It's keeping",
Word,51.069,0.2199999999999988,default,default,,,,,,,51.289,your,11.0,It's keeping your skin as a souvenir. ,english,13.0,394.0,"That biscotti's delicious. I love the crunch. The texture's spot on. Really good. Gravity. It's totally self-centred. It wants to introduce your face to the floor, no matter who you are or what you look like. It breaks bones, hearts, and gives middle-aged men moods. Friction doesn't care. It's not here to make exceptions. You're going its way whether your lycra likes it or not. It's keeping your",
Word,51.349,0.4600000000000008,default,default,,,,,,,51.809,skin,11.0,It's keeping your skin as a souvenir. ,english,18.0,399.0,"That biscotti's delicious. I love the crunch. The texture's spot on. Really good. Gravity. It's totally self-centred. It wants to introduce your face to the floor, no matter who you are or what you look like. It breaks bones, hearts, and gives middle-aged men moods. Friction doesn't care. It's not here to make exceptions. You're going its way whether your lycra likes it or not. It's keeping your skin",
Word,51.95,0.0999999999999943,default,default,,,,,,,52.05,as,11.0,It's keeping your skin as a souvenir. ,english,23.0,404.0,"That biscotti's delicious. I love the crunch. The texture's spot on. Really good. Gravity. It's totally self-centred. It wants to introduce your face to the floor, no matter who you are or what you look like. It breaks bones, hearts, and gives middle-aged men moods. Friction doesn't care. It's not here to make exceptions. You're going its way whether your lycra likes it or not. It's keeping your skin as",
Word,52.09,0.0399999999999991,default,default,,,,,,,52.13,a,11.0,It's keeping your skin as a souvenir. ,english,26.0,407.0,"That biscotti's delicious. I love the crunch. The texture's spot on. Really good. Gravity. It's totally self-centred. It wants to introduce your face to the floor, no matter who you are or what you look like. It breaks bones, hearts, and gives middle-aged men moods. Friction doesn't care. It's not here to make exceptions. You're going its way whether your lycra likes it or not. It's keeping your skin as a",
Word,52.21,0.8010000000000019,default,default,,,,,,,53.011,souvenir.,11.0,It's keeping your skin as a souvenir. ,english,28.0,409.0,"That biscotti's delicious. I love the crunch. The texture's spot on. Really good. Gravity. It's totally self-centred. It wants to introduce your face to the floor, no matter who you are or what you look like. It breaks bones, hearts, and gives middle-aged men moods. Friction doesn't care. It's not here to make exceptions. You're going its way whether your lycra likes it or not. It's keeping your skin as a souvenir.",
Sentence,57.254999000000005,2.8220019999999955,default,default,,,,,,,60.077001,Time doesn't stop for anyone. ,,,,,,,
Word,57.255,0.4799999999999969,default,default,,,,,,,57.735,Time,12.0,Time doesn't stop for anyone. ,english,0.0,419.0,"That biscotti's delicious. I love the crunch. The texture's spot on. Really good. Gravity. It's totally self-centred. It wants to introduce your face to the floor, no matter who you are or what you look like. It breaks bones, hearts, and gives middle-aged men moods. Friction doesn't care. It's not here to make exceptions. You're going its way whether your lycra likes it or not. It's keeping your skin as a souvenir. Time",
Word,57.795,0.2999999999999971,default,default,,,,,,,58.095,doesn't,12.0,Time doesn't stop for anyone. ,english,5.0,424.0,"That biscotti's delicious. I love the crunch. The texture's spot on. Really good. Gravity. It's totally self-centred. It wants to introduce your face to the floor, no matter who you are or what you look like. It breaks bones, hearts, and gives middle-aged men moods. Friction doesn't care. It's not here to make exceptions. You're going its way whether your lycra likes it or not. It's keeping your skin as a souvenir. Time doesn't",
Word,58.155,0.3810000000000002,default,default,,,,,,,58.536,stop,12.0,Time doesn't stop for anyone. ,english,13.0,432.0,"That biscotti's delicious. I love the crunch. The texture's spot on. Really good. Gravity. It's totally self-centred. It wants to introduce your face to the floor, no matter who you are or what you look like. It breaks bones, hearts, and gives middle-aged men moods. Friction doesn't care. It's not here to make exceptions. You're going its way whether your lycra likes it or not. It's keeping your skin as a souvenir. Time doesn't stop",
Word,58.576,0.1400000000000005,default,default,,,,,,,58.716,for,12.0,Time doesn't stop for anyone. ,english,18.0,437.0,"That biscotti's delicious. I love the crunch. The texture's spot on. Really good. Gravity. It's totally self-centred. It wants to introduce your face to the floor, no matter who you are or what you look like. It breaks bones, hearts, and gives middle-aged men moods. Friction doesn't care. It's not here to make exceptions. You're going its way whether your lycra likes it or not. It's keeping your skin as a souvenir. Time doesn't stop for",
Word,58.896,1.1809999999999974,default,default,,,,,,,60.077,anyone.,12.0,Time doesn't stop for anyone. ,english,22.0,441.0,"That biscotti's delicious. I love the crunch. The texture's spot on. Really good. Gravity. It's totally self-centred. It wants to introduce your face to the floor, no matter who you are or what you look like. It breaks bones, hearts, and gives middle-aged men moods. Friction doesn't care. It's not here to make exceptions. You're going its way whether your lycra likes it or not. It's keeping your skin as a souvenir. Time doesn't stop for anyone.",
Audio,60.0,80.06,default,default,,,,/content/drive/MyDrive/tribetest/Considering What   Paris 2024 Paralympic Games.wav,44100.0,60.0,140.06,,,,,,,,
Video,60.0,80.06,default,default,,,,/content/drive/MyDrive/tribetest/Considering What   Paris 2024 Paralympic Games.mp4,25.0,60.0,140.06,,,,,,,,
Sentence,60.196999000000005,2.7030019999999957,default,default,,,,,,,62.900001,It just marches ruthlessly on. ,,,,,,,
Word,60.197,0.0799999999999983,default,default,,,,,,,60.277,It,13.0,It just marches ruthlessly on. ,english,0.0,449.0,"That biscotti's delicious. I love the crunch. The texture's spot on. Really good. Gravity. It's totally self-centred. It wants to introduce your face to the floor, no matter who you are or what you look like. It breaks bones, hearts, and gives middle-aged men moods. Friction doesn't care. It's not here to make exceptions. You're going its way whether your lycra likes it or not. It's keeping your skin as a souvenir. Time doesn't stop for anyone. It",
Word,60.297,0.2010000000000005,default,default,,,,,,,60.498,just,13.0,It just marches ruthlessly on. ,english,3.0,452.0,"That biscotti's delicious. I love the crunch. The texture's spot on. Really good. Gravity. It's totally self-centred. It wants to introduce your face to the floor, no matter who you are or what you look like. It breaks bones, hearts, and gives middle-aged men moods. Friction doesn't care. It's not here to make exceptions. You're going its way whether your lycra likes it or not. It's keeping your skin as a souvenir. Time doesn't stop for anyone. It just",
Word,60.558,0.4799999999999969,default,default,,,,,,,61.038,marches,13.0,It just marches ruthlessly on. ,english,8.0,457.0,"That biscotti's delicious. I love the crunch. The texture's spot on. Really good. Gravity. It's totally self-centred. It wants to introduce your face to the floor, no matter who you are or what you look like. It breaks bones, hearts, and gives middle-aged men moods. Friction doesn't care. It's not here to make exceptions. You're going its way whether your lycra likes it or not. It's keeping your skin as a souvenir. Time doesn't stop for anyone. It just marches",
Word,61.138,0.7010000000000005,default,default,,,,,,,61.839,ruthlessly,13.0,It just marches ruthlessly on. ,english,16.0,465.0,"That biscotti's delicious. I love the crunch. The texture's spot on. Really good. Gravity. It's totally self-centred. It wants to introduce your face to the floor, no matter who you are or what you look like. It breaks bones, hearts, and gives middle-aged men moods. Friction doesn't care. It's not here to make exceptions. You're going its way whether your lycra likes it or not. It's keeping your skin as a souvenir. Time doesn't stop for anyone. It just marches ruthlessly",
Word,61.999,0.9009999999999962,default,default,,,,,,,62.9,on.,13.0,It just marches ruthlessly on. ,english,27.0,476.0,"That biscotti's delicious. I love the crunch. The texture's spot on. Really good. Gravity. It's totally self-centred. It wants to introduce your face to the floor, no matter who you are or what you look like. It breaks bones, hearts, and gives middle-aged men moods. Friction doesn't care. It's not here to make exceptions. You're going its way whether your lycra likes it or not. It's keeping your skin as a souvenir. Time doesn't stop for anyone. It just marches ruthlessly on.",
Sentence,63.159999,2.182002000000002,default,default,,,,,,,65.342001,It says you're not going to qualify. ,,,,,,,
Word,63.16,0.3810000000000002,default,default,,,,,,,63.541,It,14.0,It says you're not going to qualify. ,english,0.0,480.0,"That biscotti's delicious. I love the crunch. The texture's spot on. Really good. Gravity. It's totally self-centred. It wants to introduce your face to the floor, no matter who you are or what you look like. It breaks bones, hearts, and gives middle-aged men moods. Friction doesn't care. It's not here to make exceptions. You're going its way whether your lycra likes it or not. It's keeping your skin as a souvenir. Time doesn't stop for anyone. It just marches ruthlessly on. It",
Word,63.561,0.2999999999999971,default,default,,,,,,,63.861,says,14.0,It says you're not going to qualify. ,english,3.0,483.0,"That biscotti's delicious. I love the crunch. The texture's spot on. Really good. Gravity. It's totally self-centred. It wants to introduce your face to the floor, no matter who you are or what you look like. It breaks bones, hearts, and gives middle-aged men moods. Friction doesn't care. It's not here to make exceptions. You're going its way whether your lycra likes it or not. It's keeping your skin as a souvenir. Time doesn't stop for anyone. It just marches ruthlessly on. It says",
Word,63.881,0.1599999999999966,default,default,,,,,,,64.041,you're,14.0,It says you're not going to qualify. ,english,8.0,488.0,"That biscotti's delicious. I love the crunch. The texture's spot on. Really good. Gravity. It's totally self-centred. It wants to introduce your face to the floor, no matter who you are or what you look like. It breaks bones, hearts, and gives middle-aged men moods. Friction doesn't care. It's not here to make exceptions. You're going its way whether your lycra likes it or not. It's keeping your skin as a souvenir. Time doesn't stop for anyone. It just marches ruthlessly on. It says you're",
Word,64.081,0.1400000000000005,default,default,,,,,,,64.221,not,14.0,It says you're not going to qualify. ,english,15.0,495.0,"That biscotti's delicious. I love the crunch. The texture's spot on. Really good. Gravity. It's totally self-centred. It wants to introduce your face to the floor, no matter who you are or what you look like. It breaks bones, hearts, and gives middle-aged men moods. Friction doesn't care. It's not here to make exceptions. You're going its way whether your lycra likes it or not. It's keeping your skin as a souvenir. Time doesn't stop for anyone. It just marches ruthlessly on. It says you're not",
Word,64.281,0.2409999999999996,default,default,,,,,,,64.522,going,14.0,It says you're not going to qualify. ,english,19.0,499.0,"That biscotti's delicious. I love the crunch. The texture's spot on. Really good. Gravity. It's totally self-centred. It wants to introduce your face to the floor, no matter who you are or what you look like. It breaks bones, hearts, and gives middle-aged men moods. Friction doesn't care. It's not here to make exceptions. You're going its way whether your lycra likes it or not. It's keeping your skin as a souvenir. Time doesn't stop for anyone. It just marches ruthlessly on. It says you're not going",
Word,64.562,0.0600000000000022,default,default,,,,,,,64.622,to,14.0,It says you're not going to qualify. ,english,25.0,505.0,"That biscotti's delicious. I love the crunch. The texture's spot on. Really good. Gravity. It's totally self-centred. It wants to introduce your face to the floor, no matter who you are or what you look like. It breaks bones, hearts, and gives middle-aged men moods. Friction doesn't care. It's not here to make exceptions. You're going its way whether your lycra likes it or not. It's keeping your skin as a souvenir. Time doesn't stop for anyone. It just marches ruthlessly on. It says you're not going to",
Word,64.682,0.6599999999999966,default,default,,,,,,,65.342,qualify.,14.0,It says you're not going to qualify. ,english,28.0,508.0,"That biscotti's delicious. I love the crunch. The texture's spot on. Really good. Gravity. It's totally self-centred. It wants to introduce your face to the floor, no matter who you are or what you look like. It breaks bones, hearts, and gives middle-aged men moods. Friction doesn't care. It's not here to make exceptions. You're going its way whether your lycra likes it or not. It's keeping your skin as a souvenir. Time doesn't stop for anyone. It just marches ruthlessly on. It says you're not going to qualify.",
Sentence,66.703999,1.1610020000000014,default,default,,,,,,,67.86500099999999,You won't make the plane. ,,,,,,,
Word,66.704,0.0800000000000125,default,default,,,,,,,66.784,You,15.0,You won't make the plane. ,english,0.0,517.0,"That biscotti's delicious. I love the crunch. The texture's spot on. Really good. Gravity. It's totally self-centred. It wants to introduce your face to the floor, no matter who you are or what you look like. It breaks bones, hearts, and gives middle-aged men moods. Friction doesn't care. It's not here to make exceptions. You're going its way whether your lycra likes it or not. It's keeping your skin as a souvenir. Time doesn't stop for anyone. It just marches ruthlessly on. It says you're not going to qualify. You",
Word,66.824,0.2000000000000028,default,default,,,,,,,67.024,won't,15.0,You won't make the plane. ,english,4.0,521.0,"That biscotti's delicious. I love the crunch. The texture's spot on. Really good. Gravity. It's totally self-centred. It wants to introduce your face to the floor, no matter who you are or what you look like. It breaks bones, hearts, and gives middle-aged men moods. Friction doesn't care. It's not here to make exceptions. You're going its way whether your lycra likes it or not. It's keeping your skin as a souvenir. Time doesn't stop for anyone. It just marches ruthlessly on. It says you're not going to qualify. You won't",
Word,67.064,0.1600000000000108,default,default,,,,,,,67.224,make,15.0,You won't make the plane. ,english,10.0,527.0,"That biscotti's delicious. I love the crunch. The texture's spot on. Really good. Gravity. It's totally self-centred. It wants to introduce your face to the floor, no matter who you are or what you look like. It breaks bones, hearts, and gives middle-aged men moods. Friction doesn't care. It's not here to make exceptions. You're going its way whether your lycra likes it or not. It's keeping your skin as a souvenir. Time doesn't stop for anyone. It just marches ruthlessly on. It says you're not going to qualify. You won't make",
Word,67.264,0.0799999999999983,default,default,,,,,,,67.344,the,15.0,You won't make the plane. ,english,15.0,532.0,"That biscotti's delicious. I love the crunch. The texture's spot on. Really good. Gravity. It's totally self-centred. It wants to introduce your face to the floor, no matter who you are or what you look like. It breaks bones, hearts, and gives middle-aged men moods. Friction doesn't care. It's not here to make exceptions. You're going its way whether your lycra likes it or not. It's keeping your skin as a souvenir. Time doesn't stop for anyone. It just marches ruthlessly on. It says you're not going to qualify. You won't make the",
Word,67.384,0.4809999999999945,default,default,,,,,,,67.865,plane.,15.0,You won't make the plane. ,english,19.0,536.0,"That biscotti's delicious. I love the crunch. The texture's spot on. Really good. Gravity. It's totally self-centred. It wants to introduce your face to the floor, no matter who you are or what you look like. It breaks bones, hearts, and gives middle-aged men moods. Friction doesn't care. It's not here to make exceptions. You're going its way whether your lycra likes it or not. It's keeping your skin as a souvenir. Time doesn't stop for anyone. It just marches ruthlessly on. It says you're not going to qualify. You won't make the plane.",
Sentence,69.065999,3.4630019999999937,default,default,,,,,,,72.529001,Your pet's not coming back. ,,,,,,,
Word,69.066,0.1400000000000005,default,default,,,,,,,69.206,Your,16.0,Your pet's not coming back. ,english,0.0,543.0,"That biscotti's delicious. I love the crunch. The texture's spot on. Really good. Gravity. It's totally self-centred. It wants to introduce your face to the floor, no matter who you are or what you look like. It breaks bones, hearts, and gives middle-aged men moods. Friction doesn't care. It's not here to make exceptions. You're going its way whether your lycra likes it or not. It's keeping your skin as a souvenir. Time doesn't stop for anyone. It just marches ruthlessly on. It says you're not going to qualify. You won't make the plane. Your",
Word,69.246,0.3000000000000113,default,default,,,,,,,69.546,pet's,16.0,Your pet's not coming back. ,english,5.0,548.0,"That biscotti's delicious. I love the crunch. The texture's spot on. Really good. Gravity. It's totally self-centred. It wants to introduce your face to the floor, no matter who you are or what you look like. It breaks bones, hearts, and gives middle-aged men moods. Friction doesn't care. It's not here to make exceptions. You're going its way whether your lycra likes it or not. It's keeping your skin as a souvenir. Time doesn't stop for anyone. It just marches ruthlessly on. It says you're not going to qualify. You won't make the plane. Your pet's",
Word,69.626,0.2209999999999894,default,default,,,,,,,69.847,not,16.0,Your pet's not coming back. ,english,11.0,554.0,"That biscotti's delicious. I love the crunch. The texture's spot on. Really good. Gravity. It's totally self-centred. It wants to introduce your face to the floor, no matter who you are or what you look like. It breaks bones, hearts, and gives middle-aged men moods. Friction doesn't care. It's not here to make exceptions. You're going its way whether your lycra likes it or not. It's keeping your skin as a souvenir. Time doesn't stop for anyone. It just marches ruthlessly on. It says you're not going to qualify. You won't make the plane. Your pet's not",
Word,69.927,0.3199999999999932,default,default,,,,,,,70.247,coming,16.0,Your pet's not coming back. ,english,15.0,558.0,"That biscotti's delicious. I love the crunch. The texture's spot on. Really good. Gravity. It's totally self-centred. It wants to introduce your face to the floor, no matter who you are or what you look like. It breaks bones, hearts, and gives middle-aged men moods. Friction doesn't care. It's not here to make exceptions. You're going its way whether your lycra likes it or not. It's keeping your skin as a souvenir. Time doesn't stop for anyone. It just marches ruthlessly on. It says you're not going to qualify. You won't make the plane. Your pet's not coming",
Word,70.307,2.221999999999994,default,default,,,,,,,72.529,back.,16.0,Your pet's not coming back. ,english,22.0,565.0,"That biscotti's delicious. I love the crunch. The texture's spot on. Really good. Gravity. It's totally self-centred. It wants to introduce your face to the floor, no matter who you are or what you look like. It breaks bones, hearts, and gives middle-aged men moods. Friction doesn't care. It's not here to make exceptions. You're going its way whether your lycra likes it or not. It's keeping your skin as a souvenir. Time doesn't stop for anyone. It just marches ruthlessly on. It says you're not going to qualify. You won't make the plane. Your pet's not coming back.",
Sentence,72.54899900000001,1.5820019999999937,default,default,,,,,,,74.131001,You're not getting any younger. ,,,,,,,
Word,72.549,0.1799999999999926,default,default,,,,,,,72.729,You're,17.0,You're not getting any younger. ,english,0.0,571.0,"That biscotti's delicious. I love the crunch. The texture's spot on. Really good. Gravity. It's totally self-centred. It wants to introduce your face to the floor, no matter who you are or what you look like. It breaks bones, hearts, and gives middle-aged men moods. Friction doesn't care. It's not here to make exceptions. You're going its way whether your lycra likes it or not. It's keeping your skin as a souvenir. Time doesn't stop for anyone. It just marches ruthlessly on. It says you're not going to qualify. You won't make the plane. Your pet's not coming back. You're",
Word,72.749,0.1600000000000108,default,default,,,,,,,72.909,not,17.0,You're not getting any younger. ,english,7.0,578.0,"That biscotti's delicious. I love the crunch. The texture's spot on. Really good. Gravity. It's totally self-centred. It wants to introduce your face to the floor, no matter who you are or what you look like. It breaks bones, hearts, and gives middle-aged men moods. Friction doesn't care. It's not here to make exceptions. You're going its way whether your lycra likes it or not. It's keeping your skin as a souvenir. Time doesn't stop for anyone. It just marches ruthlessly on. It says you're not going to qualify. You won't make the plane. Your pet's not coming back. You're not",
Word,72.99,0.3200000000000074,default,default,,,,,,,73.31,getting,17.0,You're not getting any younger. ,english,11.0,582.0,"That biscotti's delicious. I love the crunch. The texture's spot on. Really good. Gravity. It's totally self-centred. It wants to introduce your face to the floor, no matter who you are or what you look like. It breaks bones, hearts, and gives middle-aged men moods. Friction doesn't care. It's not here to make exceptions. You're going its way whether your lycra likes it or not. It's keeping your skin as a souvenir. Time doesn't stop for anyone. It just marches ruthlessly on. It says you're not going to qualify. You won't make the plane. Your pet's not coming back. You're not getting",
Word,73.41,0.1599999999999966,default,default,,,,,,,73.57,any,17.0,You're not getting any younger. ,english,19.0,590.0,"That biscotti's delicious. I love the crunch. The texture's spot on. Really good. Gravity. It's totally self-centred. It wants to introduce your face to the floor, no matter who you are or what you look like. It breaks bones, hearts, and gives middle-aged men moods. Friction doesn't care. It's not here to make exceptions. You're going its way whether your lycra likes it or not. It's keeping your skin as a souvenir. Time doesn't stop for anyone. It just marches ruthlessly on. It says you're not going to qualify. You won't make the plane. Your pet's not coming back. You're not getting any",
Word,73.63,0.5010000000000048,default,default,,,,,,,74.131,younger.,17.0,You're not getting any younger. ,english,23.0,594.0,"That biscotti's delicious. I love the crunch. The texture's spot on. Really good. Gravity. It's totally self-centred. It wants to introduce your face to the floor, no matter who you are or what you look like. It breaks bones, hearts, and gives middle-aged men moods. Friction doesn't care. It's not here to make exceptions. You're going its way whether your lycra likes it or not. It's keeping your skin as a souvenir. Time doesn't stop for anyone. It just marches ruthlessly on. It says you're not going to qualify. You won't make the plane. Your pet's not coming back. You're not getting any younger.",
Sentence,79.04299900000001,6.805001999999993,default,default,,,,,,,85.848001,"That force, that headwind, that 200-pound weight, that tennis ball headed straight for your face. ",,,,,,,
Word,79.043,0.1799999999999926,default,default,,,,,,,79.223,That,18.0,"That force, that headwind, that 200-pound weight, that tennis ball headed straight for your face. ",english,0.0,603.0,"That biscotti's delicious. I love the crunch. The texture's spot on. Really good. Gravity. It's totally self-centred. It wants to introduce your face to the floor, no matter who you are or what you look like. It breaks bones, hearts, and gives middle-aged men moods. Friction doesn't care. It's not here to make exceptions. You're going its way whether your lycra likes it or not. It's keeping your skin as a souvenir. Time doesn't stop for anyone. It just marches ruthlessly on. It says you're not going to qualify. You won't make the plane. Your pet's not coming back. You're not getting any younger. That",
Word,79.343,0.4209999999999922,default,default,,,,,,,79.764,"force,",18.0,"That force, that headwind, that 200-pound weight, that tennis ball headed straight for your face. ",english,5.0,608.0,"That biscotti's delicious. I love the crunch. The texture's spot on. Really good. Gravity. It's totally self-centred. It wants to introduce your face to the floor, no matter who you are or what you look like. It breaks bones, hearts, and gives middle-aged men moods. Friction doesn't care. It's not here to make exceptions. You're going its way whether your lycra likes it or not. It's keeping your skin as a souvenir. Time doesn't stop for anyone. It just marches ruthlessly on. It says you're not going to qualify. You won't make the plane. Your pet's not coming back. You're not getting any younger. That force,",
Word,80.244,0.2199999999999988,default,default,,,,,,,80.464,that,18.0,"That force, that headwind, that 200-pound weight, that tennis ball headed straight for your face. ",english,12.0,615.0,"That biscotti's delicious. I love the crunch. The texture's spot on. Really good. Gravity. It's totally self-centred. It wants to introduce your face to the floor, no matter who you are or what you look like. It breaks bones, hearts, and gives middle-aged men moods. Friction doesn't care. It's not here to make exceptions. You're going its way whether your lycra likes it or not. It's keeping your skin as a souvenir. Time doesn't stop for anyone. It just marches ruthlessly on. It says you're not going to qualify. You won't make the plane. Your pet's not coming back. You're not getting any younger. That force, that",
Word,80.564,0.9010000000000103,default,default,,,,,,,81.465,"headwind,",18.0,"That force, that headwind, that 200-pound weight, that tennis ball headed straight for your face. ",english,17.0,620.0,"That biscotti's delicious. I love the crunch. The texture's spot on. Really good. Gravity. It's totally self-centred. It wants to introduce your face to the floor, no matter who you are or what you look like. It breaks bones, hearts, and gives middle-aged men moods. Friction doesn't care. It's not here to make exceptions. You're going its way whether your lycra likes it or not. It's keeping your skin as a souvenir. Time doesn't stop for anyone. It just marches ruthlessly on. It says you're not going to qualify. You won't make the plane. Your pet's not coming back. You're not getting any younger. That force, that headwind,",
Word,81.485,0.2800000000000011,default,default,,,,,,,81.765,that,18.0,"That force, that headwind, that 200-pound weight, that tennis ball headed straight for your face. ",english,27.0,630.0,"That biscotti's delicious. I love the crunch. The texture's spot on. Really good. Gravity. It's totally self-centred. It wants to introduce your face to the floor, no matter who you are or what you look like. It breaks bones, hearts, and gives middle-aged men moods. Friction doesn't care. It's not here to make exceptions. You're going its way whether your lycra likes it or not. It's keeping your skin as a souvenir. Time doesn't stop for anyone. It just marches ruthlessly on. It says you're not going to qualify. You won't make the plane. Your pet's not coming back. You're not getting any younger. That force, that headwind, that",
Word,81.885,0.7609999999999957,default,default,,,,,,,82.646,200-pound,18.0,"That force, that headwind, that 200-pound weight, that tennis ball headed straight for your face. ",english,32.0,635.0,"That biscotti's delicious. I love the crunch. The texture's spot on. Really good. Gravity. It's totally self-centred. It wants to introduce your face to the floor, no matter who you are or what you look like. It breaks bones, hearts, and gives middle-aged men moods. Friction doesn't care. It's not here to make exceptions. You're going its way whether your lycra likes it or not. It's keeping your skin as a souvenir. Time doesn't stop for anyone. It just marches ruthlessly on. It says you're not going to qualify. You won't make the plane. Your pet's not coming back. You're not getting any younger. That force, that headwind, that 200-pound",
Word,82.686,0.3399999999999892,default,default,,,,,,,83.026,"weight,",18.0,"That force, that headwind, that 200-pound weight, that tennis ball headed straight for your face. ",english,42.0,645.0,"That biscotti's delicious. I love the crunch. The texture's spot on. Really good. Gravity. It's totally self-centred. It wants to introduce your face to the floor, no matter who you are or what you look like. It breaks bones, hearts, and gives middle-aged men moods. Friction doesn't care. It's not here to make exceptions. You're going its way whether your lycra likes it or not. It's keeping your skin as a souvenir. Time doesn't stop for anyone. It just marches ruthlessly on. It says you're not going to qualify. You won't make the plane. Your pet's not coming back. You're not getting any younger. That force, that headwind, that 200-pound weight,",
Word,83.526,0.2409999999999996,default,default,,,,,,,83.767,that,18.0,"That force, that headwind, that 200-pound weight, that tennis ball headed straight for your face. ",english,50.0,653.0,"That biscotti's delicious. I love the crunch. The texture's spot on. Really good. Gravity. It's totally self-centred. It wants to introduce your face to the floor, no matter who you are or what you look like. It breaks bones, hearts, and gives middle-aged men moods. Friction doesn't care. It's not here to make exceptions. You're going its way whether your lycra likes it or not. It's keeping your skin as a souvenir. Time doesn't stop for anyone. It just marches ruthlessly on. It says you're not going to qualify. You won't make the plane. Your pet's not coming back. You're not getting any younger. That force, that headwind, that 200-pound weight, that",
Word,83.827,0.4000000000000057,default,default,,,,,,,84.227,tennis,18.0,"That force, that headwind, that 200-pound weight, that tennis ball headed straight for your face. ",english,55.0,658.0,"That biscotti's delicious. I love the crunch. The texture's spot on. Really good. Gravity. It's totally self-centred. It wants to introduce your face to the floor, no matter who you are or what you look like. It breaks bones, hearts, and gives middle-aged men moods. Friction doesn't care. It's not here to make exceptions. You're going its way whether your lycra likes it or not. It's keeping your skin as a souvenir. Time doesn't stop for anyone. It just marches ruthlessly on. It says you're not going to qualify. You won't make the plane. Your pet's not coming back. You're not getting any younger. That force, that headwind, that 200-pound weight, that tennis",
Word,84.287,0.2799999999999869,default,default,,,,,,,84.567,ball,18.0,"That force, that headwind, that 200-pound weight, that tennis ball headed straight for your face. ",english,62.0,665.0,"That biscotti's delicious. I love the crunch. The texture's spot on. Really good. Gravity. It's totally self-centred. It wants to introduce your face to the floor, no matter who you are or what you look like. It breaks bones, hearts, and gives middle-aged men moods. Friction doesn't care. It's not here to make exceptions. You're going its way whether your lycra likes it or not. It's keeping your skin as a souvenir. Time doesn't stop for anyone. It just marches ruthlessly on. It says you're not going to qualify. You won't make the plane. Your pet's not coming back. You're not getting any younger. That force, that headwind, that 200-pound weight, that tennis ball",
Word,84.607,0.3400000000000034,default,default,,,,,,,84.947,headed,18.0,"That force, that headwind, that 200-pound weight, that tennis ball headed straight for your face. ",english,67.0,670.0,"That biscotti's delicious. I love the crunch. The texture's spot on. Really good. Gravity. It's totally self-centred. It wants to introduce your face to the floor, no matter who you are or what you look like. It breaks bones, hearts, and gives middle-aged men moods. Friction doesn't care. It's not here to make exceptions. You're going its way whether your lycra likes it or not. It's keeping your skin as a souvenir. Time doesn't stop for anyone. It just marches ruthlessly on. It says you're not going to qualify. You won't make the plane. Your pet's not coming back. You're not getting any younger. That force, that headwind, that 200-pound weight, that tennis ball headed",
Word,85.008,0.3599999999999994,default,default,,,,,,,85.368,straight,18.0,"That force, that headwind, that 200-pound weight, that tennis ball headed straight for your face. ",english,74.0,677.0,"That biscotti's delicious. I love the crunch. The texture's spot on. Really good. Gravity. It's totally self-centred. It wants to introduce your face to the floor, no matter who you are or what you look like. It breaks bones, hearts, and gives middle-aged men moods. Friction doesn't care. It's not here to make exceptions. You're going its way whether your lycra likes it or not. It's keeping your skin as a souvenir. Time doesn't stop for anyone. It just marches ruthlessly on. It says you're not going to qualify. You won't make the plane. Your pet's not coming back. You're not getting any younger. That force, that headwind, that 200-pound weight, that tennis ball headed straight",
Word,85.428,0.1800000000000068,default,default,,,,,,,85.608,for,18.0,"That force, that headwind, that 200-pound weight, that tennis ball headed straight for your face. ",english,83.0,686.0,"That biscotti's delicious. I love the crunch. The texture's spot on. Really good. Gravity. It's totally self-centred. It wants to introduce your face to the floor, no matter who you are or what you look like. It breaks bones, hearts, and gives middle-aged men moods. Friction doesn't care. It's not here to make exceptions. You're going its way whether your lycra likes it or not. It's keeping your skin as a souvenir. Time doesn't stop for anyone. It just marches ruthlessly on. It says you're not going to qualify. You won't make the plane. Your pet's not coming back. You're not getting any younger. That force, that headwind, that 200-pound weight, that tennis ball headed straight for",
Word,85.628,0.0999999999999943,default,default,,,,,,,85.728,your,18.0,"That force, that headwind, that 200-pound weight, that tennis ball headed straight for your face. ",english,87.0,690.0,"That biscotti's delicious. I love the crunch. The texture's spot on. Really good. Gravity. It's totally self-centred. It wants to introduce your face to the floor, no matter who you are or what you look like. It breaks bones, hearts, and gives middle-aged men moods. Friction doesn't care. It's not here to make exceptions. You're going its way whether your lycra likes it or not. It's keeping your skin as a souvenir. Time doesn't stop for anyone. It just marches ruthlessly on. It says you're not going to qualify. You won't make the plane. Your pet's not coming back. You're not getting any younger. That force, that headwind, that 200-pound weight, that tennis ball headed straight for your",
Word,85.748,0.0999999999999943,default,default,,,,,,,85.848,face.,18.0,"That force, that headwind, that 200-pound weight, that tennis ball headed straight for your face. ",english,92.0,695.0,"That biscotti's delicious. I love the crunch. The texture's spot on. Really good. Gravity. It's totally self-centred. It wants to introduce your face to the floor, no matter who you are or what you look like. It breaks bones, hearts, and gives middle-aged men moods. Friction doesn't care. It's not here to make exceptions. You're going its way whether your lycra likes it or not. It's keeping your skin as a souvenir. Time doesn't stop for anyone. It just marches ruthlessly on. It says you're not going to qualify. You won't make the plane. Your pet's not coming back. You're not getting any younger. That force, that headwind, that 200-pound weight, that tennis ball headed straight for your face.",
Sentence,85.927999,1.882002000000005,default,default,,,,,,,87.810001,That's a bit of magic. ,,,,,,,
Word,85.928,0.2999999999999971,default,default,,,,,,,86.228,That's,19.0,That's a bit of magic. ,english,0.0,701.0,"That biscotti's delicious. I love the crunch. The texture's spot on. Really good. Gravity. It's totally self-centred. It wants to introduce your face to the floor, no matter who you are or what you look like. It breaks bones, hearts, and gives middle-aged men moods. Friction doesn't care. It's not here to make exceptions. You're going its way whether your lycra likes it or not. It's keeping your skin as a souvenir. Time doesn't stop for anyone. It just marches ruthlessly on. It says you're not going to qualify. You won't make the plane. Your pet's not coming back. You're not getting any younger. That force, that headwind, that 200-pound weight, that tennis ball headed straight for your face. That's",
Word,86.248,0.019999999999996,default,default,,,,,,,86.268,a,19.0,That's a bit of magic. ,english,7.0,708.0,"That biscotti's delicious. I love the crunch. The texture's spot on. Really good. Gravity. It's totally self-centred. It wants to introduce your face to the floor, no matter who you are or what you look like. It breaks bones, hearts, and gives middle-aged men moods. Friction doesn't care. It's not here to make exceptions. You're going its way whether your lycra likes it or not. It's keeping your skin as a souvenir. Time doesn't stop for anyone. It just marches ruthlessly on. It says you're not going to qualify. You won't make the plane. Your pet's not coming back. You're not getting any younger. That force, that headwind, that 200-pound weight, that tennis ball headed straight for your face. That's a",
Word,87.129,0.1999999999999886,default,default,,,,,,,87.329,bit,19.0,That's a bit of magic. ,english,9.0,710.0,"That biscotti's delicious. I love the crunch. The texture's spot on. Really good. Gravity. It's totally self-centred. It wants to introduce your face to the floor, no matter who you are or what you look like. It breaks bones, hearts, and gives middle-aged men moods. Friction doesn't care. It's not here to make exceptions. You're going its way whether your lycra likes it or not. It's keeping your skin as a souvenir. Time doesn't stop for anyone. It just marches ruthlessly on. It says you're not going to qualify. You won't make the plane. Your pet's not coming back. You're not getting any younger. That force, that headwind, that 200-pound weight, that tennis ball headed straight for your face. That's a bit",
Word,87.389,0.0799999999999983,default,default,,,,,,,87.469,of,19.0,That's a bit of magic. ,english,13.0,714.0,"That biscotti's delicious. I love the crunch. The texture's spot on. Really good. Gravity. It's totally self-centred. It wants to introduce your face to the floor, no matter who you are or what you look like. It breaks bones, hearts, and gives middle-aged men moods. Friction doesn't care. It's not here to make exceptions. You're going its way whether your lycra likes it or not. It's keeping your skin as a souvenir. Time doesn't stop for anyone. It just marches ruthlessly on. It says you're not going to qualify. You won't make the plane. Your pet's not coming back. You're not getting any younger. That force, that headwind, that 200-pound weight, that tennis ball headed straight for your face. That's a bit of",
Word,87.489,0.3209999999999979,default,default,,,,,,,87.81,magic.,19.0,That's a bit of magic. ,english,16.0,717.0,"That biscotti's delicious. I love the crunch. The texture's spot on. Really good. Gravity. It's totally self-centred. It wants to introduce your face to the floor, no matter who you are or what you look like. It breaks bones, hearts, and gives middle-aged men moods. Friction doesn't care. It's not here to make exceptions. You're going its way whether your lycra likes it or not. It's keeping your skin as a souvenir. Time doesn't stop for anyone. It just marches ruthlessly on. It says you're not going to qualify. You won't make the plane. Your pet's not coming back. You're not getting any younger. That force, that headwind, that 200-pound weight, that tennis ball headed straight for your face. That's a bit of magic.",
Sentence,88.329999,1.8610020000000043,default,default,,,,,,,90.191001,He's incredible for someone like that. ,,,,,,,
Word,88.33,0.2000000000000028,default,default,,,,,,,88.53,He's,20.0,He's incredible for someone like that. ,english,0.0,724.0,"That biscotti's delicious. I love the crunch. The texture's spot on. Really good. Gravity. It's totally self-centred. It wants to introduce your face to the floor, no matter who you are or what you look like. It breaks bones, hearts, and gives middle-aged men moods. Friction doesn't care. It's not here to make exceptions. You're going its way whether your lycra likes it or not. It's keeping your skin as a souvenir. Time doesn't stop for anyone. It just marches ruthlessly on. It says you're not going to qualify. You won't make the plane. Your pet's not coming back. You're not getting any younger. That force, that headwind, that 200-pound weight, that tennis ball headed straight for your face. That's a bit of magic. He's",
Word,88.59,0.6610000000000014,default,default,,,,,,,89.251,incredible,20.0,He's incredible for someone like that. ,english,5.0,729.0,"That biscotti's delicious. I love the crunch. The texture's spot on. Really good. Gravity. It's totally self-centred. It wants to introduce your face to the floor, no matter who you are or what you look like. It breaks bones, hearts, and gives middle-aged men moods. Friction doesn't care. It's not here to make exceptions. You're going its way whether your lycra likes it or not. It's keeping your skin as a souvenir. Time doesn't stop for anyone. It just marches ruthlessly on. It says you're not going to qualify. You won't make the plane. Your pet's not coming back. You're not getting any younger. That force, that headwind, that 200-pound weight, that tennis ball headed straight for your face. That's a bit of magic. He's incredible",
Word,89.291,0.1200000000000045,default,default,,,,,,,89.411,for,20.0,He's incredible for someone like that. ,english,16.0,740.0,"That biscotti's delicious. I love the crunch. The texture's spot on. Really good. Gravity. It's totally self-centred. It wants to introduce your face to the floor, no matter who you are or what you look like. It breaks bones, hearts, and gives middle-aged men moods. Friction doesn't care. It's not here to make exceptions. You're going its way whether your lycra likes it or not. It's keeping your skin as a souvenir. Time doesn't stop for anyone. It just marches ruthlessly on. It says you're not going to qualify. You won't make the plane. Your pet's not coming back. You're not getting any younger. That force, that headwind, that 200-pound weight, that tennis ball headed straight for your face. That's a bit of magic. He's incredible for",
Word,89.451,0.3000000000000113,default,default,,,,,,,89.751,someone,20.0,He's incredible for someone like that. ,english,20.0,744.0,"That biscotti's delicious. I love the crunch. The texture's spot on. Really good. Gravity. It's totally self-centred. It wants to introduce your face to the floor, no matter who you are or what you look like. It breaks bones, hearts, and gives middle-aged men moods. Friction doesn't care. It's not here to make exceptions. You're going its way whether your lycra likes it or not. It's keeping your skin as a souvenir. Time doesn't stop for anyone. It just marches ruthlessly on. It says you're not going to qualify. You won't make the plane. Your pet's not coming back. You're not getting any younger. That force, that headwind, that 200-pound weight, that tennis ball headed straight for your face. That's a bit of magic. He's incredible for someone",
Word,89.771,0.1200000000000045,default,default,,,,,,,89.891,like,20.0,He's incredible for someone like that. ,english,28.0,752.0,"That biscotti's delicious. I love the crunch. The texture's spot on. Really good. Gravity. It's totally self-centred. It wants to introduce your face to the floor, no matter who you are or what you look like. It breaks bones, hearts, and gives middle-aged men moods. Friction doesn't care. It's not here to make exceptions. You're going its way whether your lycra likes it or not. It's keeping your skin as a souvenir. Time doesn't stop for anyone. It just marches ruthlessly on. It says you're not going to qualify. You won't make the plane. Your pet's not coming back. You're not getting any younger. That force, that headwind, that 200-pound weight, that tennis ball headed straight for your face. That's a bit of magic. He's incredible for someone like",
Word,89.931,0.2600000000000051,default,default,,,,,,,90.191,that.,20.0,He's incredible for someone like that. ,english,33.0,757.0,"That biscotti's delicious. I love the crunch. The texture's spot on. Really good. Gravity. It's totally self-centred. It wants to introduce your face to the floor, no matter who you are or what you look like. It breaks bones, hearts, and gives middle-aged men moods. Friction doesn't care. It's not here to make exceptions. You're going its way whether your lycra likes it or not. It's keeping your skin as a souvenir. Time doesn't stop for anyone. It just marches ruthlessly on. It says you're not going to qualify. You won't make the plane. Your pet's not coming back. You're not getting any younger. That force, that headwind, that 200-pound weight, that tennis ball headed straight for your face. That's a bit of magic. He's incredible for someone like that.",
Sentence,90.891999,0.7610020000000098,default,default,,,,,,,91.653001,He's so brave. ,,,,,,,
Word,90.892,0.1200000000000045,default,default,,,,,,,91.012,He's,21.0,He's so brave. ,english,0.0,763.0,"That biscotti's delicious. I love the crunch. The texture's spot on. Really good. Gravity. It's totally self-centred. It wants to introduce your face to the floor, no matter who you are or what you look like. It breaks bones, hearts, and gives middle-aged men moods. Friction doesn't care. It's not here to make exceptions. You're going its way whether your lycra likes it or not. It's keeping your skin as a souvenir. Time doesn't stop for anyone. It just marches ruthlessly on. It says you're not going to qualify. You won't make the plane. Your pet's not coming back. You're not getting any younger. That force, that headwind, that 200-pound weight, that tennis ball headed straight for your face. That's a bit of magic. He's incredible for someone like that. He's",
Word,91.032,0.2000000000000028,default,default,,,,,,,91.232,so,21.0,He's so brave. ,english,5.0,768.0,"That biscotti's delicious. I love the crunch. The texture's spot on. Really good. Gravity. It's totally self-centred. It wants to introduce your face to the floor, no matter who you are or what you look like. It breaks bones, hearts, and gives middle-aged men moods. Friction doesn't care. It's not here to make exceptions. You're going its way whether your lycra likes it or not. It's keeping your skin as a souvenir. Time doesn't stop for anyone. It just marches ruthlessly on. It says you're not going to qualify. You won't make the plane. Your pet's not coming back. You're not getting any younger. That force, that headwind, that 200-pound weight, that tennis ball headed straight for your face. That's a bit of magic. He's incredible for someone like that. He's so",
Word,91.252,0.4010000000000104,default,default,,,,,,,91.653,brave.,21.0,He's so brave. ,english,8.0,771.0,"That biscotti's delicious. I love the crunch. The texture's spot on. Really good. Gravity. It's totally self-centred. It wants to introduce your face to the floor, no matter who you are or what you look like. It breaks bones, hearts, and gives middle-aged men moods. Friction doesn't care. It's not here to make exceptions. You're going its way whether your lycra likes it or not. It's keeping your skin as a souvenir. Time doesn't stop for anyone. It just marches ruthlessly on. It says you're not going to qualify. You won't make the plane. Your pet's not coming back. You're not getting any younger. That force, that headwind, that 200-pound weight, that tennis ball headed straight for your face. That's a bit of magic. He's incredible for someone like that. He's so brave.",
Sentence,92.612999,1.5810020000000031,default,default,,,,,,,94.194001,She's doing so well considering. ,,,,,,,
Word,92.613,0.1800000000000068,default,default,,,,,,,92.793,She's,22.0,She's doing so well considering. ,english,0.0,778.0,"That biscotti's delicious. I love the crunch. The texture's spot on. Really good. Gravity. It's totally self-centred. It wants to introduce your face to the floor, no matter who you are or what you look like. It breaks bones, hearts, and gives middle-aged men moods. Friction doesn't care. It's not here to make exceptions. You're going its way whether your lycra likes it or not. It's keeping your skin as a souvenir. Time doesn't stop for anyone. It just marches ruthlessly on. It says you're not going to qualify. You won't make the plane. Your pet's not coming back. You're not getting any younger. That force, that headwind, that 200-pound weight, that tennis ball headed straight for your face. That's a bit of magic. He's incredible for someone like that. He's so brave. She's",
Word,92.833,0.2010000000000076,default,default,,,,,,,93.034,doing,22.0,She's doing so well considering. ,english,6.0,784.0,"That biscotti's delicious. I love the crunch. The texture's spot on. Really good. Gravity. It's totally self-centred. It wants to introduce your face to the floor, no matter who you are or what you look like. It breaks bones, hearts, and gives middle-aged men moods. Friction doesn't care. It's not here to make exceptions. You're going its way whether your lycra likes it or not. It's keeping your skin as a souvenir. Time doesn't stop for anyone. It just marches ruthlessly on. It says you're not going to qualify. You won't make the plane. Your pet's not coming back. You're not getting any younger. That force, that headwind, that 200-pound weight, that tennis ball headed straight for your face. That's a bit of magic. He's incredible for someone like that. He's so brave. She's doing",
Word,93.114,0.1999999999999886,default,default,,,,,,,93.314,so,22.0,She's doing so well considering. ,english,12.0,790.0,"That biscotti's delicious. I love the crunch. The texture's spot on. Really good. Gravity. It's totally self-centred. It wants to introduce your face to the floor, no matter who you are or what you look like. It breaks bones, hearts, and gives middle-aged men moods. Friction doesn't care. It's not here to make exceptions. You're going its way whether your lycra likes it or not. It's keeping your skin as a souvenir. Time doesn't stop for anyone. It just marches ruthlessly on. It says you're not going to qualify. You won't make the plane. Your pet's not coming back. You're not getting any younger. That force, that headwind, that 200-pound weight, that tennis ball headed straight for your face. That's a bit of magic. He's incredible for someone like that. He's so brave. She's doing so",
Word,93.354,0.2000000000000028,default,default,,,,,,,93.554,well,22.0,She's doing so well considering. ,english,15.0,793.0,"That biscotti's delicious. I love the crunch. The texture's spot on. Really good. Gravity. It's totally self-centred. It wants to introduce your face to the floor, no matter who you are or what you look like. It breaks bones, hearts, and gives middle-aged men moods. Friction doesn't care. It's not here to make exceptions. You're going its way whether your lycra likes it or not. It's keeping your skin as a souvenir. Time doesn't stop for anyone. It just marches ruthlessly on. It says you're not going to qualify. You won't make the plane. Your pet's not coming back. You're not getting any younger. That force, that headwind, that 200-pound weight, that tennis ball headed straight for your face. That's a bit of magic. He's incredible for someone like that. He's so brave. She's doing so well",
Word,93.634,0.5600000000000023,default,default,,,,,,,94.194,considering.,22.0,She's doing so well considering. ,english,20.0,798.0,"That biscotti's delicious. I love the crunch. The texture's spot on. Really good. Gravity. It's totally self-centred. It wants to introduce your face to the floor, no matter who you are or what you look like. It breaks bones, hearts, and gives middle-aged men moods. Friction doesn't care. It's not here to make exceptions. You're going its way whether your lycra likes it or not. It's keeping your skin as a souvenir. Time doesn't stop for anyone. It just marches ruthlessly on. It says you're not going to qualify. You won't make the plane. Your pet's not coming back. You're not getting any younger. That force, that headwind, that 200-pound weight, that tennis ball headed straight for your face. That's a bit of magic. He's incredible for someone like that. He's so brave. She's doing so well considering.",
Sentence,95.194999,0.8010020000000019,default,default,,,,,,,95.99600099999999,Considering what?. ,,,,,,,
Word,95.195,0.4810000000000087,default,default,,,,,,,95.676,Considering,23.0,Considering what?. ,english,0.0,811.0,"That biscotti's delicious. I love the crunch. The texture's spot on. Really good. Gravity. It's totally self-centred. It wants to introduce your face to the floor, no matter who you are or what you look like. It breaks bones, hearts, and gives middle-aged men moods. Friction doesn't care. It's not here to make exceptions. You're going its way whether your lycra likes it or not. It's keeping your skin as a souvenir. Time doesn't stop for anyone. It just marches ruthlessly on. It says you're not going to qualify. You won't make the plane. Your pet's not coming back. You're not getting any younger. That force, that headwind, that 200-pound weight, that tennis ball headed straight for your face. That's a bit of magic. He's incredible for someone like that. He's so brave. She's doing so well considering. Considering",
Word,95.756,0.2399999999999948,default,default,,,,,,,95.996,what?,23.0,Considering what?. ,english,12.0,823.0,"That biscotti's delicious. I love the crunch. The texture's spot on. Really good. Gravity. It's totally self-centred. It wants to introduce your face to the floor, no matter who you are or what you look like. It breaks bones, hearts, and gives middle-aged men moods. Friction doesn't care. It's not here to make exceptions. You're going its way whether your lycra likes it or not. It's keeping your skin as a souvenir. Time doesn't stop for anyone. It just marches ruthlessly on. It says you're not going to qualify. You won't make the plane. Your pet's not coming back. You're not getting any younger. That force, that headwind, that 200-pound weight, that tennis ball headed straight for your face. That's a bit of magic. He's incredible for someone like that. He's so brave. She's doing so well considering. Considering what?",
Sentence,96.475999,2.7420020000000043,default,default,,,,,,,99.218001,Of them give a flying toss. ,,,,,,,
Word,96.476,0.0799999999999983,default,default,,,,,,,96.556,of,24.0,Of them give a flying toss. ,english,0.0,830.0,"That biscotti's delicious. I love the crunch. The texture's spot on. Really good. Gravity. It's totally self-centred. It wants to introduce your face to the floor, no matter who you are or what you look like. It breaks bones, hearts, and gives middle-aged men moods. Friction doesn't care. It's not here to make exceptions. You're going its way whether your lycra likes it or not. It's keeping your skin as a souvenir. Time doesn't stop for anyone. It just marches ruthlessly on. It says you're not going to qualify. You won't make the plane. Your pet's not coming back. You're not getting any younger. That force, that headwind, that 200-pound weight, that tennis ball headed straight for your face. That's a bit of magic. He's incredible for someone like that. He's so brave. She's doing so well considering. Considering what?. Of",
Word,96.576,0.220000000000013,default,default,,,,,,,96.796,them,24.0,Of them give a flying toss. ,english,3.0,833.0,"That biscotti's delicious. I love the crunch. The texture's spot on. Really good. Gravity. It's totally self-centred. It wants to introduce your face to the floor, no matter who you are or what you look like. It breaks bones, hearts, and gives middle-aged men moods. Friction doesn't care. It's not here to make exceptions. You're going its way whether your lycra likes it or not. It's keeping your skin as a souvenir. Time doesn't stop for anyone. It just marches ruthlessly on. It says you're not going to qualify. You won't make the plane. Your pet's not coming back. You're not getting any younger. That force, that headwind, that 200-pound weight, that tennis ball headed straight for your face. That's a bit of magic. He's incredible for someone like that. He's so brave. She's doing so well considering. Considering what?. Of them",
Word,96.856,0.1810000000000116,default,default,,,,,,,97.037,give,24.0,Of them give a flying toss. ,english,8.0,838.0,"That biscotti's delicious. I love the crunch. The texture's spot on. Really good. Gravity. It's totally self-centred. It wants to introduce your face to the floor, no matter who you are or what you look like. It breaks bones, hearts, and gives middle-aged men moods. Friction doesn't care. It's not here to make exceptions. You're going its way whether your lycra likes it or not. It's keeping your skin as a souvenir. Time doesn't stop for anyone. It just marches ruthlessly on. It says you're not going to qualify. You won't make the plane. Your pet's not coming back. You're not getting any younger. That force, that headwind, that 200-pound weight, that tennis ball headed straight for your face. That's a bit of magic. He's incredible for someone like that. He's so brave. She's doing so well considering. Considering what?. Of them give",
Word,97.117,0.0799999999999983,default,default,,,,,,,97.197,a,24.0,Of them give a flying toss. ,english,13.0,843.0,"That biscotti's delicious. I love the crunch. The texture's spot on. Really good. Gravity. It's totally self-centred. It wants to introduce your face to the floor, no matter who you are or what you look like. It breaks bones, hearts, and gives middle-aged men moods. Friction doesn't care. It's not here to make exceptions. You're going its way whether your lycra likes it or not. It's keeping your skin as a souvenir. Time doesn't stop for anyone. It just marches ruthlessly on. It says you're not going to qualify. You won't make the plane. Your pet's not coming back. You're not getting any younger. That force, that headwind, that 200-pound weight, that tennis ball headed straight for your face. That's a bit of magic. He's incredible for someone like that. He's so brave. She's doing so well considering. Considering what?. Of them give a",
Word,97.257,0.4799999999999897,default,default,,,,,,,97.737,flying,24.0,Of them give a flying toss. ,english,15.0,845.0,"That biscotti's delicious. I love the crunch. The texture's spot on. Really good. Gravity. It's totally self-centred. It wants to introduce your face to the floor, no matter who you are or what you look like. It breaks bones, hearts, and gives middle-aged men moods. Friction doesn't care. It's not here to make exceptions. You're going its way whether your lycra likes it or not. It's keeping your skin as a souvenir. Time doesn't stop for anyone. It just marches ruthlessly on. It says you're not going to qualify. You won't make the plane. Your pet's not coming back. You're not getting any younger. That force, that headwind, that 200-pound weight, that tennis ball headed straight for your face. That's a bit of magic. He's incredible for someone like that. He's so brave. She's doing so well considering. Considering what?. Of them give a flying",
Word,97.897,1.320999999999998,default,default,,,,,,,99.218,toss.,24.0,Of them give a flying toss. ,english,22.0,852.0,"That biscotti's delicious. I love the crunch. The texture's spot on. Really good. Gravity. It's totally self-centred. It wants to introduce your face to the floor, no matter who you are or what you look like. It breaks bones, hearts, and gives middle-aged men moods. Friction doesn't care. It's not here to make exceptions. You're going its way whether your lycra likes it or not. It's keeping your skin as a souvenir. Time doesn't stop for anyone. It just marches ruthlessly on. It says you're not going to qualify. You won't make the plane. Your pet's not coming back. You're not getting any younger. That force, that headwind, that 200-pound weight, that tennis ball headed straight for your face. That's a bit of magic. He's incredible for someone like that. He's so brave. She's doing so well considering. Considering what?. Of them give a flying toss.",
Sentence,99.237999,2.902002000000001,default,default,,,,,,,102.140001,You are for what your backstory is. ,,,,,,,
Word,99.238,0.1800000000000068,default,default,,,,,,,99.418,You,25.0,You are for what your backstory is. ,english,0.0,858.0,"That biscotti's delicious. I love the crunch. The texture's spot on. Really good. Gravity. It's totally self-centred. It wants to introduce your face to the floor, no matter who you are or what you look like. It breaks bones, hearts, and gives middle-aged men moods. Friction doesn't care. It's not here to make exceptions. You're going its way whether your lycra likes it or not. It's keeping your skin as a souvenir. Time doesn't stop for anyone. It just marches ruthlessly on. It says you're not going to qualify. You won't make the plane. Your pet's not coming back. You're not getting any younger. That force, that headwind, that 200-pound weight, that tennis ball headed straight for your face. That's a bit of magic. He's incredible for someone like that. He's so brave. She's doing so well considering. Considering what?. Of them give a flying toss. You",
Word,99.619,0.1400000000000005,default,default,,,,,,,99.759,are,25.0,You are for what your backstory is. ,english,4.0,862.0,"That biscotti's delicious. I love the crunch. The texture's spot on. Really good. Gravity. It's totally self-centred. It wants to introduce your face to the floor, no matter who you are or what you look like. It breaks bones, hearts, and gives middle-aged men moods. Friction doesn't care. It's not here to make exceptions. You're going its way whether your lycra likes it or not. It's keeping your skin as a souvenir. Time doesn't stop for anyone. It just marches ruthlessly on. It says you're not going to qualify. You won't make the plane. Your pet's not coming back. You're not getting any younger. That force, that headwind, that 200-pound weight, that tennis ball headed straight for your face. That's a bit of magic. He's incredible for someone like that. He's so brave. She's doing so well considering. Considering what?. Of them give a flying toss. You are",
Word,100.019,0.4399999999999977,default,default,,,,,,,100.459,for,25.0,You are for what your backstory is. ,english,8.0,866.0,"That biscotti's delicious. I love the crunch. The texture's spot on. Really good. Gravity. It's totally self-centred. It wants to introduce your face to the floor, no matter who you are or what you look like. It breaks bones, hearts, and gives middle-aged men moods. Friction doesn't care. It's not here to make exceptions. You're going its way whether your lycra likes it or not. It's keeping your skin as a souvenir. Time doesn't stop for anyone. It just marches ruthlessly on. It says you're not going to qualify. You won't make the plane. Your pet's not coming back. You're not getting any younger. That force, that headwind, that 200-pound weight, that tennis ball headed straight for your face. That's a bit of magic. He's incredible for someone like that. He's so brave. She's doing so well considering. Considering what?. Of them give a flying toss. You are for",
Word,100.539,0.1599999999999966,default,default,,,,,,,100.699,what,25.0,You are for what your backstory is. ,english,12.0,870.0,"That biscotti's delicious. I love the crunch. The texture's spot on. Really good. Gravity. It's totally self-centred. It wants to introduce your face to the floor, no matter who you are or what you look like. It breaks bones, hearts, and gives middle-aged men moods. Friction doesn't care. It's not here to make exceptions. You're going its way whether your lycra likes it or not. It's keeping your skin as a souvenir. Time doesn't stop for anyone. It just marches ruthlessly on. It says you're not going to qualify. You won't make the plane. Your pet's not coming back. You're not getting any younger. That force, that headwind, that 200-pound weight, that tennis ball headed straight for your face. That's a bit of magic. He's incredible for someone like that. He's so brave. She's doing so well considering. Considering what?. Of them give a flying toss. You are for what",
Word,100.739,0.2009999999999934,default,default,,,,,,,100.94,your,25.0,You are for what your backstory is. ,english,17.0,875.0,"That biscotti's delicious. I love the crunch. The texture's spot on. Really good. Gravity. It's totally self-centred. It wants to introduce your face to the floor, no matter who you are or what you look like. It breaks bones, hearts, and gives middle-aged men moods. Friction doesn't care. It's not here to make exceptions. You're going its way whether your lycra likes it or not. It's keeping your skin as a souvenir. Time doesn't stop for anyone. It just marches ruthlessly on. It says you're not going to qualify. You won't make the plane. Your pet's not coming back. You're not getting any younger. That force, that headwind, that 200-pound weight, that tennis ball headed straight for your face. That's a bit of magic. He's incredible for someone like that. He's so brave. She's doing so well considering. Considering what?. Of them give a flying toss. You are for what your",
Word,100.98,0.7999999999999972,default,default,,,,,,,101.78,backstory,25.0,You are for what your backstory is. ,english,22.0,880.0,"That biscotti's delicious. I love the crunch. The texture's spot on. Really good. Gravity. It's totally self-centred. It wants to introduce your face to the floor, no matter who you are or what you look like. It breaks bones, hearts, and gives middle-aged men moods. Friction doesn't care. It's not here to make exceptions. You're going its way whether your lycra likes it or not. It's keeping your skin as a souvenir. Time doesn't stop for anyone. It just marches ruthlessly on. It says you're not going to qualify. You won't make the plane. Your pet's not coming back. You're not getting any younger. That force, that headwind, that 200-pound weight, that tennis ball headed straight for your face. That's a bit of magic. He's incredible for someone like that. He's so brave. She's doing so well considering. Considering what?. Of them give a flying toss. You are for what your backstory",
Word,102.0,0.1400000000000005,default,default,,,,,,,102.14,is.,25.0,You are for what your backstory is. ,english,32.0,890.0,"That biscotti's delicious. I love the crunch. The texture's spot on. Really good. Gravity. It's totally self-centred. It wants to introduce your face to the floor, no matter who you are or what you look like. It breaks bones, hearts, and gives middle-aged men moods. Friction doesn't care. It's not here to make exceptions. You're going its way whether your lycra likes it or not. It's keeping your skin as a souvenir. Time doesn't stop for anyone. It just marches ruthlessly on. It says you're not going to qualify. You won't make the plane. Your pet's not coming back. You're not getting any younger. That force, that headwind, that 200-pound weight, that tennis ball headed straight for your face. That's a bit of magic. He's incredible for someone like that. He's so brave. She's doing so well considering. Considering what?. Of them give a flying toss. You are for what your backstory is.",
Sentence,103.38499900000001,4.565001999999998,default,default,,,,,,,107.950001,"They would never say, he's amazing for someone in the wheelchair. ",,,,,,,
Word,103.385,0.1599999999999966,default,default,,,,,,,103.545,They,26.0,"They would never say, he's amazing for someone in the wheelchair. ",english,0.0,894.0,"That biscotti's delicious. I love the crunch. The texture's spot on. Really good. Gravity. It's totally self-centred. It wants to introduce your face to the floor, no matter who you are or what you look like. It breaks bones, hearts, and gives middle-aged men moods. Friction doesn't care. It's not here to make exceptions. You're going its way whether your lycra likes it or not. It's keeping your skin as a souvenir. Time doesn't stop for anyone. It just marches ruthlessly on. It says you're not going to qualify. You won't make the plane. Your pet's not coming back. You're not getting any younger. That force, that headwind, that 200-pound weight, that tennis ball headed straight for your face. That's a bit of magic. He's incredible for someone like that. He's so brave. She's doing so well considering. Considering what?. Of them give a flying toss. You are for what your backstory is. They",
Word,103.585,0.3610000000000042,default,default,,,,,,,103.946,would,26.0,"They would never say, he's amazing for someone in the wheelchair. ",english,5.0,899.0,"That biscotti's delicious. I love the crunch. The texture's spot on. Really good. Gravity. It's totally self-centred. It wants to introduce your face to the floor, no matter who you are or what you look like. It breaks bones, hearts, and gives middle-aged men moods. Friction doesn't care. It's not here to make exceptions. You're going its way whether your lycra likes it or not. It's keeping your skin as a souvenir. Time doesn't stop for anyone. It just marches ruthlessly on. It says you're not going to qualify. You won't make the plane. Your pet's not coming back. You're not getting any younger. That force, that headwind, that 200-pound weight, that tennis ball headed straight for your face. That's a bit of magic. He's incredible for someone like that. He's so brave. She's doing so well considering. Considering what?. Of them give a flying toss. You are for what your backstory is. They would",
Word,104.366,0.3810000000000002,default,default,,,,,,,104.747,never,26.0,"They would never say, he's amazing for someone in the wheelchair. ",english,11.0,905.0,"That biscotti's delicious. I love the crunch. The texture's spot on. Really good. Gravity. It's totally self-centred. It wants to introduce your face to the floor, no matter who you are or what you look like. It breaks bones, hearts, and gives middle-aged men moods. Friction doesn't care. It's not here to make exceptions. You're going its way whether your lycra likes it or not. It's keeping your skin as a souvenir. Time doesn't stop for anyone. It just marches ruthlessly on. It says you're not going to qualify. You won't make the plane. Your pet's not coming back. You're not getting any younger. That force, that headwind, that 200-pound weight, that tennis ball headed straight for your face. That's a bit of magic. He's incredible for someone like that. He's so brave. She's doing so well considering. Considering what?. Of them give a flying toss. You are for what your backstory is. They would never",
Word,104.767,0.2000000000000028,default,default,,,,,,,104.967,"say,",26.0,"They would never say, he's amazing for someone in the wheelchair. ",english,17.0,911.0,"That biscotti's delicious. I love the crunch. The texture's spot on. Really good. Gravity. It's totally self-centred. It wants to introduce your face to the floor, no matter who you are or what you look like. It breaks bones, hearts, and gives middle-aged men moods. Friction doesn't care. It's not here to make exceptions. You're going its way whether your lycra likes it or not. It's keeping your skin as a souvenir. Time doesn't stop for anyone. It just marches ruthlessly on. It says you're not going to qualify. You won't make the plane. Your pet's not coming back. You're not getting any younger. That force, that headwind, that 200-pound weight, that tennis ball headed straight for your face. That's a bit of magic. He's incredible for someone like that. He's so brave. She's doing so well considering. Considering what?. Of them give a flying toss. You are for what your backstory is. They would never say,",
Word,105.167,0.3599999999999994,default,default,,,,,,,105.527,he's,26.0,"They would never say, he's amazing for someone in the wheelchair. ",english,22.0,916.0,"That biscotti's delicious. I love the crunch. The texture's spot on. Really good. Gravity. It's totally self-centred. It wants to introduce your face to the floor, no matter who you are or what you look like. It breaks bones, hearts, and gives middle-aged men moods. Friction doesn't care. It's not here to make exceptions. You're going its way whether your lycra likes it or not. It's keeping your skin as a souvenir. Time doesn't stop for anyone. It just marches ruthlessly on. It says you're not going to qualify. You won't make the plane. Your pet's not coming back. You're not getting any younger. That force, that headwind, that 200-pound weight, that tennis ball headed straight for your face. That's a bit of magic. He's incredible for someone like that. He's so brave. She's doing so well considering. Considering what?. Of them give a flying toss. You are for what your backstory is. They would never say, he's",
Word,105.667,0.9410000000000024,default,default,,,,,,,106.608,amazing,26.0,"They would never say, he's amazing for someone in the wheelchair. ",english,27.0,921.0,"That biscotti's delicious. I love the crunch. The texture's spot on. Really good. Gravity. It's totally self-centred. It wants to introduce your face to the floor, no matter who you are or what you look like. It breaks bones, hearts, and gives middle-aged men moods. Friction doesn't care. It's not here to make exceptions. You're going its way whether your lycra likes it or not. It's keeping your skin as a souvenir. Time doesn't stop for anyone. It just marches ruthlessly on. It says you're not going to qualify. You won't make the plane. Your pet's not coming back. You're not getting any younger. That force, that headwind, that 200-pound weight, that tennis ball headed straight for your face. That's a bit of magic. He's incredible for someone like that. He's so brave. She's doing so well considering. Considering what?. Of them give a flying toss. You are for what your backstory is. They would never say, he's amazing",
Word,106.628,0.0999999999999943,default,default,,,,,,,106.728,for,26.0,"They would never say, he's amazing for someone in the wheelchair. ",english,35.0,929.0,"That biscotti's delicious. I love the crunch. The texture's spot on. Really good. Gravity. It's totally self-centred. It wants to introduce your face to the floor, no matter who you are or what you look like. It breaks bones, hearts, and gives middle-aged men moods. Friction doesn't care. It's not here to make exceptions. You're going its way whether your lycra likes it or not. It's keeping your skin as a souvenir. Time doesn't stop for anyone. It just marches ruthlessly on. It says you're not going to qualify. You won't make the plane. Your pet's not coming back. You're not getting any younger. That force, that headwind, that 200-pound weight, that tennis ball headed straight for your face. That's a bit of magic. He's incredible for someone like that. He's so brave. She's doing so well considering. Considering what?. Of them give a flying toss. You are for what your backstory is. They would never say, he's amazing for",
Word,106.748,0.3209999999999979,default,default,,,,,,,107.069,someone,26.0,"They would never say, he's amazing for someone in the wheelchair. ",english,39.0,933.0,"That biscotti's delicious. I love the crunch. The texture's spot on. Really good. Gravity. It's totally self-centred. It wants to introduce your face to the floor, no matter who you are or what you look like. It breaks bones, hearts, and gives middle-aged men moods. Friction doesn't care. It's not here to make exceptions. You're going its way whether your lycra likes it or not. It's keeping your skin as a souvenir. Time doesn't stop for anyone. It just marches ruthlessly on. It says you're not going to qualify. You won't make the plane. Your pet's not coming back. You're not getting any younger. That force, that headwind, that 200-pound weight, that tennis ball headed straight for your face. That's a bit of magic. He's incredible for someone like that. He's so brave. She's doing so well considering. Considering what?. Of them give a flying toss. You are for what your backstory is. They would never say, he's amazing for someone",
Word,107.149,0.0799999999999983,default,default,,,,,,,107.229,in,26.0,"They would never say, he's amazing for someone in the wheelchair. ",english,47.0,941.0,"That biscotti's delicious. I love the crunch. The texture's spot on. Really good. Gravity. It's totally self-centred. It wants to introduce your face to the floor, no matter who you are or what you look like. It breaks bones, hearts, and gives middle-aged men moods. Friction doesn't care. It's not here to make exceptions. You're going its way whether your lycra likes it or not. It's keeping your skin as a souvenir. Time doesn't stop for anyone. It just marches ruthlessly on. It says you're not going to qualify. You won't make the plane. Your pet's not coming back. You're not getting any younger. That force, that headwind, that 200-pound weight, that tennis ball headed straight for your face. That's a bit of magic. He's incredible for someone like that. He's so brave. She's doing so well considering. Considering what?. Of them give a flying toss. You are for what your backstory is. They would never say, he's amazing for someone in",
Word,107.269,0.2399999999999948,default,default,,,,,,,107.509,the,26.0,"They would never say, he's amazing for someone in the wheelchair. ",english,50.0,944.0,"That biscotti's delicious. I love the crunch. The texture's spot on. Really good. Gravity. It's totally self-centred. It wants to introduce your face to the floor, no matter who you are or what you look like. It breaks bones, hearts, and gives middle-aged men moods. Friction doesn't care. It's not here to make exceptions. You're going its way whether your lycra likes it or not. It's keeping your skin as a souvenir. Time doesn't stop for anyone. It just marches ruthlessly on. It says you're not going to qualify. You won't make the plane. Your pet's not coming back. You're not getting any younger. That force, that headwind, that 200-pound weight, that tennis ball headed straight for your face. That's a bit of magic. He's incredible for someone like that. He's so brave. She's doing so well considering. Considering what?. Of them give a flying toss. You are for what your backstory is. They would never say, he's amazing for someone in the",
Word,107.589,0.3610000000000042,default,default,,,,,,,107.95,wheelchair.,26.0,"They would never say, he's amazing for someone in the wheelchair. ",english,54.0,948.0,"That biscotti's delicious. I love the crunch. The texture's spot on. Really good. Gravity. It's totally self-centred. It wants to introduce your face to the floor, no matter who you are or what you look like. It breaks bones, hearts, and gives middle-aged men moods. Friction doesn't care. It's not here to make exceptions. You're going its way whether your lycra likes it or not. It's keeping your skin as a souvenir. Time doesn't stop for anyone. It just marches ruthlessly on. It says you're not going to qualify. You won't make the plane. Your pet's not coming back. You're not getting any younger. That force, that headwind, that 200-pound weight, that tennis ball headed straight for your face. That's a bit of magic. He's incredible for someone like that. He's so brave. She's doing so well considering. Considering what?. Of them give a flying toss. You are for what your backstory is. They would never say, he's amazing for someone in the wheelchair.",
Sentence,120.317999,1.1400020000000006,default,default,,,,,,,121.458001,That biscotti's delicious. ,,,,,,,
Word,120.318,0.12,default,default,,,,,,,120.438,That,0.0,That biscotti's delicious. ,english,0.0,960.0,"That biscotti's delicious. I love the crunch. The texture's spot on. Really good. Gravity. It's totally self-centred. It wants to introduce your face to the floor, no matter who you are or what you look like. It breaks bones, hearts, and gives middle-aged men moods. Friction doesn't care. It's not here to make exceptions. You're going its way whether your lycra likes it or not. It's keeping your skin as a souvenir. Time doesn't stop for anyone. It just marches ruthlessly on. It says you're not going to qualify. You won't make the plane. Your pet's not coming back. You're not getting any younger. That force, that headwind, that 200-pound weight, that tennis ball headed straight for your face. That's a bit of magic. He's incredible for someone like that. He's so brave. She's doing so well considering. Considering what?. Of them give a flying toss. You are for what your backstory is. They would never say, he's amazing for someone in the wheelchair. That",
Word,120.458,0.54,default,default,,,,,,,120.998,biscotti's,0.0,That biscotti's delicious. ,english,5.0,965.0,"That biscotti's delicious. I love the crunch. The texture's spot on. Really good. Gravity. It's totally self-centred. It wants to introduce your face to the floor, no matter who you are or what you look like. It breaks bones, hearts, and gives middle-aged men moods. Friction doesn't care. It's not here to make exceptions. You're going its way whether your lycra likes it or not. It's keeping your skin as a souvenir. Time doesn't stop for anyone. It just marches ruthlessly on. It says you're not going to qualify. You won't make the plane. Your pet's not coming back. You're not getting any younger. That force, that headwind, that 200-pound weight, that tennis ball headed straight for your face. That's a bit of magic. He's incredible for someone like that. He's so brave. She's doing so well considering. Considering what?. Of them give a flying toss. You are for what your backstory is. They would never say, he's amazing for someone in the wheelchair. That biscotti's",
Word,121.038,0.4199999999999999,default,default,,,,,,,121.458,delicious.,0.0,That biscotti's delicious. ,english,16.0,976.0,"That biscotti's delicious. I love the crunch. The texture's spot on. Really good. Gravity. It's totally self-centred. It wants to introduce your face to the floor, no matter who you are or what you look like. It breaks bones, hearts, and gives middle-aged men moods. Friction doesn't care. It's not here to make exceptions. You're going its way whether your lycra likes it or not. It's keeping your skin as a souvenir. Time doesn't stop for anyone. It just marches ruthlessly on. It says you're not going to qualify. You won't make the plane. Your pet's not coming back. You're not getting any younger. That force, that headwind, that 200-pound weight, that tennis ball headed straight for your face. That's a bit of magic. He's incredible for someone like that. He's so brave. She's doing so well considering. Considering what?. Of them give a flying toss. You are for what your backstory is. They would never say, he's amazing for someone in the wheelchair. That biscotti's delicious.",
Sentence,121.758999,2.080001999999998,default,default,,,,,,,123.839001,I love the crunch. ,,,,,,,
Word,121.759,0.3999999999999999,default,default,,,,,,,122.159,I,1.0,I love the crunch. ,english,0.0,987.0,"That biscotti's delicious. I love the crunch. The texture's spot on. Really good. Gravity. It's totally self-centred. It wants to introduce your face to the floor, no matter who you are or what you look like. It breaks bones, hearts, and gives middle-aged men moods. Friction doesn't care. It's not here to make exceptions. You're going its way whether your lycra likes it or not. It's keeping your skin as a souvenir. Time doesn't stop for anyone. It just marches ruthlessly on. It says you're not going to qualify. You won't make the plane. Your pet's not coming back. You're not getting any younger. That force, that headwind, that 200-pound weight, that tennis ball headed straight for your face. That's a bit of magic. He's incredible for someone like that. He's so brave. She's doing so well considering. Considering what?. Of them give a flying toss. You are for what your backstory is. They would never say, he's amazing for someone in the wheelchair. That biscotti's delicious. I",
Word,122.459,0.3199999999999998,default,default,,,,,,,122.779,love,1.0,I love the crunch. ,english,2.0,989.0,"That biscotti's delicious. I love the crunch. The texture's spot on. Really good. Gravity. It's totally self-centred. It wants to introduce your face to the floor, no matter who you are or what you look like. It breaks bones, hearts, and gives middle-aged men moods. Friction doesn't care. It's not here to make exceptions. You're going its way whether your lycra likes it or not. It's keeping your skin as a souvenir. Time doesn't stop for anyone. It just marches ruthlessly on. It says you're not going to qualify. You won't make the plane. Your pet's not coming back. You're not getting any younger. That force, that headwind, that 200-pound weight, that tennis ball headed straight for your face. That's a bit of magic. He's incredible for someone like that. He's so brave. She's doing so well considering. Considering what?. Of them give a flying toss. You are for what your backstory is. They would never say, he's amazing for someone in the wheelchair. That biscotti's delicious. I love",
Word,122.799,0.06,default,default,,,,,,,122.85900000000001,the,1.0,I love the crunch. ,english,7.0,994.0,"That biscotti's delicious. I love the crunch. The texture's spot on. Really good. Gravity. It's totally self-centred. It wants to introduce your face to the floor, no matter who you are or what you look like. It breaks bones, hearts, and gives middle-aged men moods. Friction doesn't care. It's not here to make exceptions. You're going its way whether your lycra likes it or not. It's keeping your skin as a souvenir. Time doesn't stop for anyone. It just marches ruthlessly on. It says you're not going to qualify. You won't make the plane. Your pet's not coming back. You're not getting any younger. That force, that headwind, that 200-pound weight, that tennis ball headed straight for your face. That's a bit of magic. He's incredible for someone like that. He's so brave. She's doing so well considering. Considering what?. Of them give a flying toss. You are for what your backstory is. They would never say, he's amazing for someone in the wheelchair. That biscotti's delicious. I love the",
Word,122.919,0.92,default,default,,,,,,,123.839,crunch.,1.0,I love the crunch. ,english,11.0,998.0,"That biscotti's delicious. I love the crunch. The texture's spot on. Really good. Gravity. It's totally self-centred. It wants to introduce your face to the floor, no matter who you are or what you look like. It breaks bones, hearts, and gives middle-aged men moods. Friction doesn't care. It's not here to make exceptions. You're going its way whether your lycra likes it or not. It's keeping your skin as a souvenir. Time doesn't stop for anyone. It just marches ruthlessly on. It says you're not going to qualify. You won't make the plane. Your pet's not coming back. You're not getting any younger. That force, that headwind, that 200-pound weight, that tennis ball headed straight for your face. That's a bit of magic. He's incredible for someone like that. He's so brave. She's doing so well considering. Considering what?. Of them give a flying toss. You are for what your backstory is. They would never say, he's amazing for someone in the wheelchair. That biscotti's delicious. I love the crunch.",
Sentence,124.218999,2.2210020000000035,default,default,,,,,,,126.440001,The texture's spot on. ,,,,,,,
Word,124.219,0.1009999999999999,default,default,,,,,,,124.32,The,2.0,The texture's spot on. ,english,0.0,1006.0,"That biscotti's delicious. I love the crunch. The texture's spot on. Really good. Gravity. It's totally self-centred. It wants to introduce your face to the floor, no matter who you are or what you look like. It breaks bones, hearts, and gives middle-aged men moods. Friction doesn't care. It's not here to make exceptions. You're going its way whether your lycra likes it or not. It's keeping your skin as a souvenir. Time doesn't stop for anyone. It just marches ruthlessly on. It says you're not going to qualify. You won't make the plane. Your pet's not coming back. You're not getting any younger. That force, that headwind, that 200-pound weight, that tennis ball headed straight for your face. That's a bit of magic. He's incredible for someone like that. He's so brave. She's doing so well considering. Considering what?. Of them give a flying toss. You are for what your backstory is. They would never say, he's amazing for someone in the wheelchair. That biscotti's delicious. I love the crunch. The",
Word,125.36,0.5,default,default,,,,,,,125.86,texture's,2.0,The texture's spot on. ,english,4.0,1010.0,"That biscotti's delicious. I love the crunch. The texture's spot on. Really good. Gravity. It's totally self-centred. It wants to introduce your face to the floor, no matter who you are or what you look like. It breaks bones, hearts, and gives middle-aged men moods. Friction doesn't care. It's not here to make exceptions. You're going its way whether your lycra likes it or not. It's keeping your skin as a souvenir. Time doesn't stop for anyone. It just marches ruthlessly on. It says you're not going to qualify. You won't make the plane. Your pet's not coming back. You're not getting any younger. That force, that headwind, that 200-pound weight, that tennis ball headed straight for your face. That's a bit of magic. He's incredible for someone like that. He's so brave. She's doing so well considering. Considering what?. Of them give a flying toss. You are for what your backstory is. They would never say, he's amazing for someone in the wheelchair. That biscotti's delicious. I love the crunch. The texture's",
Word,125.94,0.2999999999999998,default,default,,,,,,,126.24,spot,2.0,The texture's spot on. ,english,14.0,1020.0,"That biscotti's delicious. I love the crunch. The texture's spot on. Really good. Gravity. It's totally self-centred. It wants to introduce your face to the floor, no matter who you are or what you look like. It breaks bones, hearts, and gives middle-aged men moods. Friction doesn't care. It's not here to make exceptions. You're going its way whether your lycra likes it or not. It's keeping your skin as a souvenir. Time doesn't stop for anyone. It just marches ruthlessly on. It says you're not going to qualify. You won't make the plane. Your pet's not coming back. You're not getting any younger. That force, that headwind, that 200-pound weight, that tennis ball headed straight for your face. That's a bit of magic. He's incredible for someone like that. He's so brave. She's doing so well considering. Considering what?. Of them give a flying toss. You are for what your backstory is. They would never say, he's amazing for someone in the wheelchair. That biscotti's delicious. I love the crunch. The texture's spot",
Word,126.3,0.1400000000000005,default,default,,,,,,,126.44,on.,2.0,The texture's spot on. ,english,19.0,1025.0,"That biscotti's delicious. I love the crunch. The texture's spot on. Really good. Gravity. It's totally self-centred. It wants to introduce your face to the floor, no matter who you are or what you look like. It breaks bones, hearts, and gives middle-aged men moods. Friction doesn't care. It's not here to make exceptions. You're going its way whether your lycra likes it or not. It's keeping your skin as a souvenir. Time doesn't stop for anyone. It just marches ruthlessly on. It says you're not going to qualify. You won't make the plane. Your pet's not coming back. You're not getting any younger. That force, that headwind, that 200-pound weight, that tennis ball headed straight for your face. That's a bit of magic. He's incredible for someone like that. He's so brave. She's doing so well considering. Considering what?. Of them give a flying toss. You are for what your backstory is. They would never say, he's amazing for someone in the wheelchair. That biscotti's delicious. I love the crunch. The texture's spot on.",
Sentence,126.840999,0.480002000000004,default,default,,,,,,,127.321001,Really good. ,,,,,,,
Word,126.841,0.2999999999999998,default,default,,,,,,,127.14099999999999,Really,3.0,Really good. ,english,0.0,1029.0,"That biscotti's delicious. I love the crunch. The texture's spot on. Really good. Gravity. It's totally self-centred. It wants to introduce your face to the floor, no matter who you are or what you look like. It breaks bones, hearts, and gives middle-aged men moods. Friction doesn't care. It's not here to make exceptions. You're going its way whether your lycra likes it or not. It's keeping your skin as a souvenir. Time doesn't stop for anyone. It just marches ruthlessly on. It says you're not going to qualify. You won't make the plane. Your pet's not coming back. You're not getting any younger. That force, that headwind, that 200-pound weight, that tennis ball headed straight for your face. That's a bit of magic. He's incredible for someone like that. He's so brave. She's doing so well considering. Considering what?. Of them give a flying toss. You are for what your backstory is. They would never say, he's amazing for someone in the wheelchair. That biscotti's delicious. I love the crunch. The texture's spot on. Really",
Word,127.181,0.1399999999999996,default,default,,,,,,,127.321,good.,3.0,Really good. ,english,7.0,1036.0,"That biscotti's delicious. I love the crunch. The texture's spot on. Really good. Gravity. It's totally self-centred. It wants to introduce your face to the floor, no matter who you are or what you look like. It breaks bones, hearts, and gives middle-aged men moods. Friction doesn't care. It's not here to make exceptions. You're going its way whether your lycra likes it or not. It's keeping your skin as a souvenir. Time doesn't stop for anyone. It just marches ruthlessly on. It says you're not going to qualify. You won't make the plane. Your pet's not coming back. You're not getting any younger. That force, that headwind, that 200-pound weight, that tennis ball headed straight for your face. That's a bit of magic. He's incredible for someone like that. He's so brave. She's doing so well considering. Considering what?. Of them give a flying toss. You are for what your backstory is. They would never say, he's amazing for someone in the wheelchair. That biscotti's delicious. I love the crunch. The texture's spot on. Really good.",
Sentence,127.440999,0.28000200000000114,default,default,,,,,,,127.721001,Gravity. ,,,,,,,
Word,127.441,0.2800000000000002,default,default,,,,,,,127.721,Gravity.,4.0,Gravity. ,english,0.0,1042.0,"That biscotti's delicious. I love the crunch. The texture's spot on. Really good. Gravity. It's totally self-centred. It wants to introduce your face to the floor, no matter who you are or what you look like. It breaks bones, hearts, and gives middle-aged men moods. Friction doesn't care. It's not here to make exceptions. You're going its way whether your lycra likes it or not. It's keeping your skin as a souvenir. Time doesn't stop for anyone. It just marches ruthlessly on. It says you're not going to qualify. You won't make the plane. Your pet's not coming back. You're not getting any younger. That force, that headwind, that 200-pound weight, that tennis ball headed straight for your face. That's a bit of magic. He's incredible for someone like that. He's so brave. She's doing so well considering. Considering what?. Of them give a flying toss. You are for what your backstory is. They would never say, he's amazing for someone in the wheelchair. That biscotti's delicious. I love the crunch. The texture's spot on. Really good. Gravity.",
Sentence,127.800999,1.5400019999999779,default,default,,,,,,,129.34100099999998,It's totally self-centred. ,,,,,,,
Word,127.801,0.1399999999999996,default,default,,,,,,,127.941,It's,5.0,It's totally self-centred. ,english,0.0,1051.0,"That biscotti's delicious. I love the crunch. The texture's spot on. Really good. Gravity. It's totally self-centred. It wants to introduce your face to the floor, no matter who you are or what you look like. It breaks bones, hearts, and gives middle-aged men moods. Friction doesn't care. It's not here to make exceptions. You're going its way whether your lycra likes it or not. It's keeping your skin as a souvenir. Time doesn't stop for anyone. It just marches ruthlessly on. It says you're not going to qualify. You won't make the plane. Your pet's not coming back. You're not getting any younger. That force, that headwind, that 200-pound weight, that tennis ball headed straight for your face. That's a bit of magic. He's incredible for someone like that. He's so brave. She's doing so well considering. Considering what?. Of them give a flying toss. You are for what your backstory is. They would never say, he's amazing for someone in the wheelchair. That biscotti's delicious. I love the crunch. The texture's spot on. Really good. Gravity. It's",
Word,127.961,0.379999999999999,default,default,,,,,,,128.341,totally,5.0,It's totally self-centred. ,english,5.0,1056.0,"That biscotti's delicious. I love the crunch. The texture's spot on. Really good. Gravity. It's totally self-centred. It wants to introduce your face to the floor, no matter who you are or what you look like. It breaks bones, hearts, and gives middle-aged men moods. Friction doesn't care. It's not here to make exceptions. You're going its way whether your lycra likes it or not. It's keeping your skin as a souvenir. Time doesn't stop for anyone. It just marches ruthlessly on. It says you're not going to qualify. You won't make the plane. Your pet's not coming back. You're not getting any younger. That force, that headwind, that 200-pound weight, that tennis ball headed straight for your face. That's a bit of magic. He's incredible for someone like that. He's so brave. She's doing so well considering. Considering what?. Of them give a flying toss. You are for what your backstory is. They would never say, he's amazing for someone in the wheelchair. That biscotti's delicious. I love the crunch. The texture's spot on. Really good. Gravity. It's totally",
Word,128.361,0.9799999999999986,default,default,,,,,,,129.34099999999998,self-centred.,5.0,It's totally self-centred. ,english,13.0,1064.0,"That biscotti's delicious. I love the crunch. The texture's spot on. Really good. Gravity. It's totally self-centred. It wants to introduce your face to the floor, no matter who you are or what you look like. It breaks bones, hearts, and gives middle-aged men moods. Friction doesn't care. It's not here to make exceptions. You're going its way whether your lycra likes it or not. It's keeping your skin as a souvenir. Time doesn't stop for anyone. It just marches ruthlessly on. It says you're not going to qualify. You won't make the plane. Your pet's not coming back. You're not getting any younger. That force, that headwind, that 200-pound weight, that tennis ball headed straight for your face. That's a bit of magic. He's incredible for someone like that. He's so brave. She's doing so well considering. Considering what?. Of them give a flying toss. You are for what your backstory is. They would never say, he's amazing for someone in the wheelchair. That biscotti's delicious. I love the crunch. The texture's spot on. Really good. Gravity. It's totally self-centred.",
Sentence,140.894999,7.405002000000001,default,default,,,,,,,148.300001,"It wants to introduce your face to the floor, no matter who you are or what you look like. ",,,,,,,
Word,140.895,0.0599999999999987,default,default,,,,,,,140.955,It,6.0,"It wants to introduce your face to the floor, no matter who you are or what you look like. ",english,0.0,1078.0,"That biscotti's delicious. I love the crunch. The texture's spot on. Really good. Gravity. It's totally self-centred. It wants to introduce your face to the floor, no matter who you are or what you look like. It breaks bones, hearts, and gives middle-aged men moods. Friction doesn't care. It's not here to make exceptions. You're going its way whether your lycra likes it or not. It's keeping your skin as a souvenir. Time doesn't stop for anyone. It just marches ruthlessly on. It says you're not going to qualify. You won't make the plane. Your pet's not coming back. You're not getting any younger. That force, that headwind, that 200-pound weight, that tennis ball headed straight for your face. That's a bit of magic. He's incredible for someone like that. He's so brave. She's doing so well considering. Considering what?. Of them give a flying toss. You are for what your backstory is. They would never say, he's amazing for someone in the wheelchair. That biscotti's delicious. I love the crunch. The texture's spot on. Really good. Gravity. It's totally self-centred. It",
Word,141.015,0.2399999999999984,default,default,,,,,,,141.255,wants,6.0,"It wants to introduce your face to the floor, no matter who you are or what you look like. ",english,3.0,1081.0,"That biscotti's delicious. I love the crunch. The texture's spot on. Really good. Gravity. It's totally self-centred. It wants to introduce your face to the floor, no matter who you are or what you look like. It breaks bones, hearts, and gives middle-aged men moods. Friction doesn't care. It's not here to make exceptions. You're going its way whether your lycra likes it or not. It's keeping your skin as a souvenir. Time doesn't stop for anyone. It just marches ruthlessly on. It says you're not going to qualify. You won't make the plane. Your pet's not coming back. You're not getting any younger. That force, that headwind, that 200-pound weight, that tennis ball headed straight for your face. That's a bit of magic. He's incredible for someone like that. He's so brave. She's doing so well considering. Considering what?. Of them give a flying toss. You are for what your backstory is. They would never say, he's amazing for someone in the wheelchair. That biscotti's delicious. I love the crunch. The texture's spot on. Really good. Gravity. It's totally self-centred. It wants",
Word,141.315,0.0799999999999983,default,default,,,,,,,141.39499999999998,to,6.0,"It wants to introduce your face to the floor, no matter who you are or what you look like. ",english,9.0,1087.0,"That biscotti's delicious. I love the crunch. The texture's spot on. Really good. Gravity. It's totally self-centred. It wants to introduce your face to the floor, no matter who you are or what you look like. It breaks bones, hearts, and gives middle-aged men moods. Friction doesn't care. It's not here to make exceptions. You're going its way whether your lycra likes it or not. It's keeping your skin as a souvenir. Time doesn't stop for anyone. It just marches ruthlessly on. It says you're not going to qualify. You won't make the plane. Your pet's not coming back. You're not getting any younger. That force, that headwind, that 200-pound weight, that tennis ball headed straight for your face. That's a bit of magic. He's incredible for someone like that. He's so brave. She's doing so well considering. Considering what?. Of them give a flying toss. You are for what your backstory is. They would never say, he's amazing for someone in the wheelchair. That biscotti's delicious. I love the crunch. The texture's spot on. Really good. Gravity. It's totally self-centred. It wants to",
Word,141.515,0.6009999999999991,default,default,,,,,,,142.11599999999999,introduce,6.0,"It wants to introduce your face to the floor, no matter who you are or what you look like. ",english,12.0,1090.0,"That biscotti's delicious. I love the crunch. The texture's spot on. Really good. Gravity. It's totally self-centred. It wants to introduce your face to the floor, no matter who you are or what you look like. It breaks bones, hearts, and gives middle-aged men moods. Friction doesn't care. It's not here to make exceptions. You're going its way whether your lycra likes it or not. It's keeping your skin as a souvenir. Time doesn't stop for anyone. It just marches ruthlessly on. It says you're not going to qualify. You won't make the plane. Your pet's not coming back. You're not getting any younger. That force, that headwind, that 200-pound weight, that tennis ball headed straight for your face. That's a bit of magic. He's incredible for someone like that. He's so brave. She's doing so well considering. Considering what?. Of them give a flying toss. You are for what your backstory is. They would never say, he's amazing for someone in the wheelchair. That biscotti's delicious. I love the crunch. The texture's spot on. Really good. Gravity. It's totally self-centred. It wants to introduce",
Word,142.216,0.1799999999999997,default,default,,,,,,,142.39600000000002,your,6.0,"It wants to introduce your face to the floor, no matter who you are or what you look like. ",english,22.0,1100.0,"That biscotti's delicious. I love the crunch. The texture's spot on. Really good. Gravity. It's totally self-centred. It wants to introduce your face to the floor, no matter who you are or what you look like. It breaks bones, hearts, and gives middle-aged men moods. Friction doesn't care. It's not here to make exceptions. You're going its way whether your lycra likes it or not. It's keeping your skin as a souvenir. Time doesn't stop for anyone. It just marches ruthlessly on. It says you're not going to qualify. You won't make the plane. Your pet's not coming back. You're not getting any younger. That force, that headwind, that 200-pound weight, that tennis ball headed straight for your face. That's a bit of magic. He's incredible for someone like that. He's so brave. She's doing so well considering. Considering what?. Of them give a flying toss. You are for what your backstory is. They would never say, he's amazing for someone in the wheelchair. That biscotti's delicious. I love the crunch. The texture's spot on. Really good. Gravity. It's totally self-centred. It wants to introduce your",
Word,142.536,0.2799999999999976,default,default,,,,,,,142.816,face,6.0,"It wants to introduce your face to the floor, no matter who you are or what you look like. ",english,27.0,1105.0,"That biscotti's delicious. I love the crunch. The texture's spot on. Really good. Gravity. It's totally self-centred. It wants to introduce your face to the floor, no matter who you are or what you look like. It breaks bones, hearts, and gives middle-aged men moods. Friction doesn't care. It's not here to make exceptions. You're going its way whether your lycra likes it or not. It's keeping your skin as a souvenir. Time doesn't stop for anyone. It just marches ruthlessly on. It says you're not going to qualify. You won't make the plane. Your pet's not coming back. You're not getting any younger. That force, that headwind, that 200-pound weight, that tennis ball headed straight for your face. That's a bit of magic. He's incredible for someone like that. He's so brave. She's doing so well considering. Considering what?. Of them give a flying toss. You are for what your backstory is. They would never say, he's amazing for someone in the wheelchair. That biscotti's delicious. I love the crunch. The texture's spot on. Really good. Gravity. It's totally self-centred. It wants to introduce your face",
Word,142.976,0.1010000000000026,default,default,,,,,,,143.077,to,6.0,"It wants to introduce your face to the floor, no matter who you are or what you look like. ",english,32.0,1110.0,"That biscotti's delicious. I love the crunch. The texture's spot on. Really good. Gravity. It's totally self-centred. It wants to introduce your face to the floor, no matter who you are or what you look like. It breaks bones, hearts, and gives middle-aged men moods. Friction doesn't care. It's not here to make exceptions. You're going its way whether your lycra likes it or not. It's keeping your skin as a souvenir. Time doesn't stop for anyone. It just marches ruthlessly on. It says you're not going to qualify. You won't make the plane. Your pet's not coming back. You're not getting any younger. That force, that headwind, that 200-pound weight, that tennis ball headed straight for your face. That's a bit of magic. He's incredible for someone like that. He's so brave. She's doing so well considering. Considering what?. Of them give a flying toss. You are for what your backstory is. They would never say, he's amazing for someone in the wheelchair. That biscotti's delicious. I love the crunch. The texture's spot on. Really good. Gravity. It's totally self-centred. It wants to introduce your face to",
Word,143.117,0.0799999999999983,default,default,,,,,,,143.197,the,6.0,"It wants to introduce your face to the floor, no matter who you are or what you look like. ",english,35.0,1113.0,"That biscotti's delicious. I love the crunch. The texture's spot on. Really good. Gravity. It's totally self-centred. It wants to introduce your face to the floor, no matter who you are or what you look like. It breaks bones, hearts, and gives middle-aged men moods. Friction doesn't care. It's not here to make exceptions. You're going its way whether your lycra likes it or not. It's keeping your skin as a souvenir. Time doesn't stop for anyone. It just marches ruthlessly on. It says you're not going to qualify. You won't make the plane. Your pet's not coming back. You're not getting any younger. That force, that headwind, that 200-pound weight, that tennis ball headed straight for your face. That's a bit of magic. He's incredible for someone like that. He's so brave. She's doing so well considering. Considering what?. Of them give a flying toss. You are for what your backstory is. They would never say, he's amazing for someone in the wheelchair. That biscotti's delicious. I love the crunch. The texture's spot on. Really good. Gravity. It's totally self-centred. It wants to introduce your face to the",
Word,143.257,0.379999999999999,default,default,,,,,,,143.637,"floor,",6.0,"It wants to introduce your face to the floor, no matter who you are or what you look like. ",english,39.0,1117.0,"That biscotti's delicious. I love the crunch. The texture's spot on. Really good. Gravity. It's totally self-centred. It wants to introduce your face to the floor, no matter who you are or what you look like. It breaks bones, hearts, and gives middle-aged men moods. Friction doesn't care. It's not here to make exceptions. You're going its way whether your lycra likes it or not. It's keeping your skin as a souvenir. Time doesn't stop for anyone. It just marches ruthlessly on. It says you're not going to qualify. You won't make the plane. Your pet's not coming back. You're not getting any younger. That force, that headwind, that 200-pound weight, that tennis ball headed straight for your face. That's a bit of magic. He's incredible for someone like that. He's so brave. She's doing so well considering. Considering what?. Of them give a flying toss. You are for what your backstory is. They would never say, he's amazing for someone in the wheelchair. That biscotti's delicious. I love the crunch. The texture's spot on. Really good. Gravity. It's totally self-centred. It wants to introduce your face to the floor,",
Word,144.377,0.1010000000000026,default,default,,,,,,,144.478,no,6.0,"It wants to introduce your face to the floor, no matter who you are or what you look like. ",english,46.0,1124.0,"That biscotti's delicious. I love the crunch. The texture's spot on. Really good. Gravity. It's totally self-centred. It wants to introduce your face to the floor, no matter who you are or what you look like. It breaks bones, hearts, and gives middle-aged men moods. Friction doesn't care. It's not here to make exceptions. You're going its way whether your lycra likes it or not. It's keeping your skin as a souvenir. Time doesn't stop for anyone. It just marches ruthlessly on. It says you're not going to qualify. You won't make the plane. Your pet's not coming back. You're not getting any younger. That force, that headwind, that 200-pound weight, that tennis ball headed straight for your face. That's a bit of magic. He's incredible for someone like that. He's so brave. She's doing so well considering. Considering what?. Of them give a flying toss. You are for what your backstory is. They would never say, he's amazing for someone in the wheelchair. That biscotti's delicious. I love the crunch. The texture's spot on. Really good. Gravity. It's totally self-centred. It wants to introduce your face to the floor, no",
Word,144.498,0.259999999999998,default,default,,,,,,,144.75799999999998,matter,6.0,"It wants to introduce your face to the floor, no matter who you are or what you look like. ",english,49.0,1127.0,"That biscotti's delicious. I love the crunch. The texture's spot on. Really good. Gravity. It's totally self-centred. It wants to introduce your face to the floor, no matter who you are or what you look like. It breaks bones, hearts, and gives middle-aged men moods. Friction doesn't care. It's not here to make exceptions. You're going its way whether your lycra likes it or not. It's keeping your skin as a souvenir. Time doesn't stop for anyone. It just marches ruthlessly on. It says you're not going to qualify. You won't make the plane. Your pet's not coming back. You're not getting any younger. That force, that headwind, that 200-pound weight, that tennis ball headed straight for your face. That's a bit of magic. He's incredible for someone like that. He's so brave. She's doing so well considering. Considering what?. Of them give a flying toss. You are for what your backstory is. They would never say, he's amazing for someone in the wheelchair. That biscotti's delicious. I love the crunch. The texture's spot on. Really good. Gravity. It's totally self-centred. It wants to introduce your face to the floor, no matter",
Word,144.798,0.1400000000000005,default,default,,,,,,,144.938,who,6.0,"It wants to introduce your face to the floor, no matter who you are or what you look like. ",english,56.0,1134.0,"That biscotti's delicious. I love the crunch. The texture's spot on. Really good. Gravity. It's totally self-centred. It wants to introduce your face to the floor, no matter who you are or what you look like. It breaks bones, hearts, and gives middle-aged men moods. Friction doesn't care. It's not here to make exceptions. You're going its way whether your lycra likes it or not. It's keeping your skin as a souvenir. Time doesn't stop for anyone. It just marches ruthlessly on. It says you're not going to qualify. You won't make the plane. Your pet's not coming back. You're not getting any younger. That force, that headwind, that 200-pound weight, that tennis ball headed straight for your face. That's a bit of magic. He's incredible for someone like that. He's so brave. She's doing so well considering. Considering what?. Of them give a flying toss. You are for what your backstory is. They would never say, he's amazing for someone in the wheelchair. That biscotti's delicious. I love the crunch. The texture's spot on. Really good. Gravity. It's totally self-centred. It wants to introduce your face to the floor, no matter who",
Word,144.978,0.1600000000000001,default,default,,,,,,,145.138,you,6.0,"It wants to introduce your face to the floor, no matter who you are or what you look like. ",english,60.0,1138.0,"That biscotti's delicious. I love the crunch. The texture's spot on. Really good. Gravity. It's totally self-centred. It wants to introduce your face to the floor, no matter who you are or what you look like. It breaks bones, hearts, and gives middle-aged men moods. Friction doesn't care. It's not here to make exceptions. You're going its way whether your lycra likes it or not. It's keeping your skin as a souvenir. Time doesn't stop for anyone. It just marches ruthlessly on. It says you're not going to qualify. You won't make the plane. Your pet's not coming back. You're not getting any younger. That force, that headwind, that 200-pound weight, that tennis ball headed straight for your face. That's a bit of magic. He's incredible for someone like that. He's so brave. She's doing so well considering. Considering what?. Of them give a flying toss. You are for what your backstory is. They would never say, he's amazing for someone in the wheelchair. That biscotti's delicious. I love the crunch. The texture's spot on. Really good. Gravity. It's totally self-centred. It wants to introduce your face to the floor, no matter who you",
Word,145.358,0.1799999999999997,default,default,,,,,,,145.538,are,6.0,"It wants to introduce your face to the floor, no matter who you are or what you look like. ",english,64.0,1142.0,"That biscotti's delicious. I love the crunch. The texture's spot on. Really good. Gravity. It's totally self-centred. It wants to introduce your face to the floor, no matter who you are or what you look like. It breaks bones, hearts, and gives middle-aged men moods. Friction doesn't care. It's not here to make exceptions. You're going its way whether your lycra likes it or not. It's keeping your skin as a souvenir. Time doesn't stop for anyone. It just marches ruthlessly on. It says you're not going to qualify. You won't make the plane. Your pet's not coming back. You're not getting any younger. That force, that headwind, that 200-pound weight, that tennis ball headed straight for your face. That's a bit of magic. He's incredible for someone like that. He's so brave. She's doing so well considering. Considering what?. Of them give a flying toss. You are for what your backstory is. They would never say, he's amazing for someone in the wheelchair. That biscotti's delicious. I love the crunch. The texture's spot on. Really good. Gravity. It's totally self-centred. It wants to introduce your face to the floor, no matter who you are",
Word,145.939,0.1400000000000005,default,default,,,,,,,146.07899999999998,or,6.0,"It wants to introduce your face to the floor, no matter who you are or what you look like. ",english,68.0,1146.0,"That biscotti's delicious. I love the crunch. The texture's spot on. Really good. Gravity. It's totally self-centred. It wants to introduce your face to the floor, no matter who you are or what you look like. It breaks bones, hearts, and gives middle-aged men moods. Friction doesn't care. It's not here to make exceptions. You're going its way whether your lycra likes it or not. It's keeping your skin as a souvenir. Time doesn't stop for anyone. It just marches ruthlessly on. It says you're not going to qualify. You won't make the plane. Your pet's not coming back. You're not getting any younger. That force, that headwind, that 200-pound weight, that tennis ball headed straight for your face. That's a bit of magic. He's incredible for someone like that. He's so brave. She's doing so well considering. Considering what?. Of them give a flying toss. You are for what your backstory is. They would never say, he's amazing for someone in the wheelchair. That biscotti's delicious. I love the crunch. The texture's spot on. Really good. Gravity. It's totally self-centred. It wants to introduce your face to the floor, no matter who you are or",
Word,146.179,0.2200000000000024,default,default,,,,,,,146.399,what,6.0,"It wants to introduce your face to the floor, no matter who you are or what you look like. ",english,71.0,1149.0,"That biscotti's delicious. I love the crunch. The texture's spot on. Really good. Gravity. It's totally self-centred. It wants to introduce your face to the floor, no matter who you are or what you look like. It breaks bones, hearts, and gives middle-aged men moods. Friction doesn't care. It's not here to make exceptions. You're going its way whether your lycra likes it or not. It's keeping your skin as a souvenir. Time doesn't stop for anyone. It just marches ruthlessly on. It says you're not going to qualify. You won't make the plane. Your pet's not coming back. You're not getting any younger. That force, that headwind, that 200-pound weight, that tennis ball headed straight for your face. That's a bit of magic. He's incredible for someone like that. He's so brave. She's doing so well considering. Considering what?. Of them give a flying toss. You are for what your backstory is. They would never say, he's amazing for someone in the wheelchair. That biscotti's delicious. I love the crunch. The texture's spot on. Really good. Gravity. It's totally self-centred. It wants to introduce your face to the floor, no matter who you are or what",
Word,146.419,0.1999999999999993,default,default,,,,,,,146.619,you,6.0,"It wants to introduce your face to the floor, no matter who you are or what you look like. ",english,76.0,1154.0,"That biscotti's delicious. I love the crunch. The texture's spot on. Really good. Gravity. It's totally self-centred. It wants to introduce your face to the floor, no matter who you are or what you look like. It breaks bones, hearts, and gives middle-aged men moods. Friction doesn't care. It's not here to make exceptions. You're going its way whether your lycra likes it or not. It's keeping your skin as a souvenir. Time doesn't stop for anyone. It just marches ruthlessly on. It says you're not going to qualify. You won't make the plane. Your pet's not coming back. You're not getting any younger. That force, that headwind, that 200-pound weight, that tennis ball headed straight for your face. That's a bit of magic. He's incredible for someone like that. He's so brave. She's doing so well considering. Considering what?. Of them give a flying toss. You are for what your backstory is. They would never say, he's amazing for someone in the wheelchair. That biscotti's delicious. I love the crunch. The texture's spot on. Really good. Gravity. It's totally self-centred. It wants to introduce your face to the floor, no matter who you are or what you",
Word,146.699,0.2199999999999988,default,default,,,,,,,146.919,look,6.0,"It wants to introduce your face to the floor, no matter who you are or what you look like. ",english,80.0,1158.0,"That biscotti's delicious. I love the crunch. The texture's spot on. Really good. Gravity. It's totally self-centred. It wants to introduce your face to the floor, no matter who you are or what you look like. It breaks bones, hearts, and gives middle-aged men moods. Friction doesn't care. It's not here to make exceptions. You're going its way whether your lycra likes it or not. It's keeping your skin as a souvenir. Time doesn't stop for anyone. It just marches ruthlessly on. It says you're not going to qualify. You won't make the plane. Your pet's not coming back. You're not getting any younger. That force, that headwind, that 200-pound weight, that tennis ball headed straight for your face. That's a bit of magic. He's incredible for someone like that. He's so brave. She's doing so well considering. Considering what?. Of them give a flying toss. You are for what your backstory is. They would never say, he's amazing for someone in the wheelchair. That biscotti's delicious. I love the crunch. The texture's spot on. Really good. Gravity. It's totally self-centred. It wants to introduce your face to the floor, no matter who you are or what you look",
Word,146.959,1.341000000000001,default,default,,,,,,,148.3,like.,6.0,"It wants to introduce your face to the floor, no matter who you are or what you look like. ",english,85.0,1163.0,"That biscotti's delicious. I love the crunch. The texture's spot on. Really good. Gravity. It's totally self-centred. It wants to introduce your face to the floor, no matter who you are or what you look like. It breaks bones, hearts, and gives middle-aged men moods. Friction doesn't care. It's not here to make exceptions. You're going its way whether your lycra likes it or not. It's keeping your skin as a souvenir. Time doesn't stop for anyone. It just marches ruthlessly on. It says you're not going to qualify. You won't make the plane. Your pet's not coming back. You're not getting any younger. That force, that headwind, that 200-pound weight, that tennis ball headed straight for your face. That's a bit of magic. He's incredible for someone like that. He's so brave. She's doing so well considering. Considering what?. Of them give a flying toss. You are for what your backstory is. They would never say, he's amazing for someone in the wheelchair. That biscotti's delicious. I love the crunch. The texture's spot on. Really good. Gravity. It's totally self-centred. It wants to introduce your face to the floor, no matter who you are or what you look like.",
Sentence,148.379999,6.625002,default,default,,,,,,,155.005001,"It breaks bones, hearts, and gives middle-aged men moods. ",,,,,,,
Word,148.38,0.120000000000001,default,default,,,,,,,148.5,It,7.0,"It breaks bones, hearts, and gives middle-aged men moods. ",english,0.0,1169.0,"That biscotti's delicious. I love the crunch. The texture's spot on. Really good. Gravity. It's totally self-centred. It wants to introduce your face to the floor, no matter who you are or what you look like. It breaks bones, hearts, and gives middle-aged men moods. Friction doesn't care. It's not here to make exceptions. You're going its way whether your lycra likes it or not. It's keeping your skin as a souvenir. Time doesn't stop for anyone. It just marches ruthlessly on. It says you're not going to qualify. You won't make the plane. Your pet's not coming back. You're not getting any younger. That force, that headwind, that 200-pound weight, that tennis ball headed straight for your face. That's a bit of magic. He's incredible for someone like that. He's so brave. She's doing so well considering. Considering what?. Of them give a flying toss. You are for what your backstory is. They would never say, he's amazing for someone in the wheelchair. That biscotti's delicious. I love the crunch. The texture's spot on. Really good. Gravity. It's totally self-centred. It wants to introduce your face to the floor, no matter who you are or what you look like. It",
Word,148.57999999999998,0.3810000000000002,default,default,,,,,,,148.96099999999998,breaks,7.0,"It breaks bones, hearts, and gives middle-aged men moods. ",english,3.0,1172.0,"That biscotti's delicious. I love the crunch. The texture's spot on. Really good. Gravity. It's totally self-centred. It wants to introduce your face to the floor, no matter who you are or what you look like. It breaks bones, hearts, and gives middle-aged men moods. Friction doesn't care. It's not here to make exceptions. You're going its way whether your lycra likes it or not. It's keeping your skin as a souvenir. Time doesn't stop for anyone. It just marches ruthlessly on. It says you're not going to qualify. You won't make the plane. Your pet's not coming back. You're not getting any younger. That force, that headwind, that 200-pound weight, that tennis ball headed straight for your face. That's a bit of magic. He's incredible for someone like that. He's so brave. She's doing so well considering. Considering what?. Of them give a flying toss. You are for what your backstory is. They would never say, he's amazing for someone in the wheelchair. That biscotti's delicious. I love the crunch. The texture's spot on. Really good. Gravity. It's totally self-centred. It wants to introduce your face to the floor, no matter who you are or what you look like. It breaks",
Word,149.081,0.5399999999999991,default,default,,,,,,,149.62099999999998,"bones,",7.0,"It breaks bones, hearts, and gives middle-aged men moods. ",english,10.0,1179.0,"That biscotti's delicious. I love the crunch. The texture's spot on. Really good. Gravity. It's totally self-centred. It wants to introduce your face to the floor, no matter who you are or what you look like. It breaks bones, hearts, and gives middle-aged men moods. Friction doesn't care. It's not here to make exceptions. You're going its way whether your lycra likes it or not. It's keeping your skin as a souvenir. Time doesn't stop for anyone. It just marches ruthlessly on. It says you're not going to qualify. You won't make the plane. Your pet's not coming back. You're not getting any younger. That force, that headwind, that 200-pound weight, that tennis ball headed straight for your face. That's a bit of magic. He's incredible for someone like that. He's so brave. She's doing so well considering. Considering what?. Of them give a flying toss. You are for what your backstory is. They would never say, he's amazing for someone in the wheelchair. That biscotti's delicious. I love the crunch. The texture's spot on. Really good. Gravity. It's totally self-centred. It wants to introduce your face to the floor, no matter who you are or what you look like. It breaks bones,",
Word,150.282,0.5,default,default,,,,,,,150.782,"hearts,",7.0,"It breaks bones, hearts, and gives middle-aged men moods. ",english,17.0,1186.0,"That biscotti's delicious. I love the crunch. The texture's spot on. Really good. Gravity. It's totally self-centred. It wants to introduce your face to the floor, no matter who you are or what you look like. It breaks bones, hearts, and gives middle-aged men moods. Friction doesn't care. It's not here to make exceptions. You're going its way whether your lycra likes it or not. It's keeping your skin as a souvenir. Time doesn't stop for anyone. It just marches ruthlessly on. It says you're not going to qualify. You won't make the plane. Your pet's not coming back. You're not getting any younger. That force, that headwind, that 200-pound weight, that tennis ball headed straight for your face. That's a bit of magic. He's incredible for someone like that. He's so brave. She's doing so well considering. Considering what?. Of them give a flying toss. You are for what your backstory is. They would never say, he's amazing for someone in the wheelchair. That biscotti's delicious. I love the crunch. The texture's spot on. Really good. Gravity. It's totally self-centred. It wants to introduce your face to the floor, no matter who you are or what you look like. It breaks bones, hearts,",
Word,151.743,0.0600000000000022,default,default,,,,,,,151.803,and,7.0,"It breaks bones, hearts, and gives middle-aged men moods. ",english,25.0,1194.0,"That biscotti's delicious. I love the crunch. The texture's spot on. Really good. Gravity. It's totally self-centred. It wants to introduce your face to the floor, no matter who you are or what you look like. It breaks bones, hearts, and gives middle-aged men moods. Friction doesn't care. It's not here to make exceptions. You're going its way whether your lycra likes it or not. It's keeping your skin as a souvenir. Time doesn't stop for anyone. It just marches ruthlessly on. It says you're not going to qualify. You won't make the plane. Your pet's not coming back. You're not getting any younger. That force, that headwind, that 200-pound weight, that tennis ball headed straight for your face. That's a bit of magic. He's incredible for someone like that. He's so brave. She's doing so well considering. Considering what?. Of them give a flying toss. You are for what your backstory is. They would never say, he's amazing for someone in the wheelchair. That biscotti's delicious. I love the crunch. The texture's spot on. Really good. Gravity. It's totally self-centred. It wants to introduce your face to the floor, no matter who you are or what you look like. It breaks bones, hearts, and",
Word,151.863,0.3599999999999994,default,default,,,,,,,152.22299999999998,gives,7.0,"It breaks bones, hearts, and gives middle-aged men moods. ",english,29.0,1198.0,"That biscotti's delicious. I love the crunch. The texture's spot on. Really good. Gravity. It's totally self-centred. It wants to introduce your face to the floor, no matter who you are or what you look like. It breaks bones, hearts, and gives middle-aged men moods. Friction doesn't care. It's not here to make exceptions. You're going its way whether your lycra likes it or not. It's keeping your skin as a souvenir. Time doesn't stop for anyone. It just marches ruthlessly on. It says you're not going to qualify. You won't make the plane. Your pet's not coming back. You're not getting any younger. That force, that headwind, that 200-pound weight, that tennis ball headed straight for your face. That's a bit of magic. He's incredible for someone like that. He's so brave. She's doing so well considering. Considering what?. Of them give a flying toss. You are for what your backstory is. They would never say, he's amazing for someone in the wheelchair. That biscotti's delicious. I love the crunch. The texture's spot on. Really good. Gravity. It's totally self-centred. It wants to introduce your face to the floor, no matter who you are or what you look like. It breaks bones, hearts, and gives",
Word,152.34300000000002,0.6399999999999935,default,default,,,,,,,152.983,middle-aged,7.0,"It breaks bones, hearts, and gives middle-aged men moods. ",english,35.0,1204.0,"That biscotti's delicious. I love the crunch. The texture's spot on. Really good. Gravity. It's totally self-centred. It wants to introduce your face to the floor, no matter who you are or what you look like. It breaks bones, hearts, and gives middle-aged men moods. Friction doesn't care. It's not here to make exceptions. You're going its way whether your lycra likes it or not. It's keeping your skin as a souvenir. Time doesn't stop for anyone. It just marches ruthlessly on. It says you're not going to qualify. You won't make the plane. Your pet's not coming back. You're not getting any younger. That force, that headwind, that 200-pound weight, that tennis ball headed straight for your face. That's a bit of magic. He's incredible for someone like that. He's so brave. She's doing so well considering. Considering what?. Of them give a flying toss. You are for what your backstory is. They would never say, he's amazing for someone in the wheelchair. That biscotti's delicious. I love the crunch. The texture's spot on. Really good. Gravity. It's totally self-centred. It wants to introduce your face to the floor, no matter who you are or what you look like. It breaks bones, hearts, and gives middle-aged",
Word,153.144,0.3000000000000042,default,default,,,,,,,153.44400000000002,men,7.0,"It breaks bones, hearts, and gives middle-aged men moods. ",english,47.0,1216.0,"That biscotti's delicious. I love the crunch. The texture's spot on. Really good. Gravity. It's totally self-centred. It wants to introduce your face to the floor, no matter who you are or what you look like. It breaks bones, hearts, and gives middle-aged men moods. Friction doesn't care. It's not here to make exceptions. You're going its way whether your lycra likes it or not. It's keeping your skin as a souvenir. Time doesn't stop for anyone. It just marches ruthlessly on. It says you're not going to qualify. You won't make the plane. Your pet's not coming back. You're not getting any younger. That force, that headwind, that 200-pound weight, that tennis ball headed straight for your face. That's a bit of magic. He's incredible for someone like that. He's so brave. She's doing so well considering. Considering what?. Of them give a flying toss. You are for what your backstory is. They would never say, he's amazing for someone in the wheelchair. That biscotti's delicious. I love the crunch. The texture's spot on. Really good. Gravity. It's totally self-centred. It wants to introduce your face to the floor, no matter who you are or what you look like. It breaks bones, hearts, and gives middle-aged men",
Word,154.264,0.7409999999999997,default,default,,,,,,,155.005,moods.,7.0,"It breaks bones, hearts, and gives middle-aged men moods. ",english,51.0,1220.0,"That biscotti's delicious. I love the crunch. The texture's spot on. Really good. Gravity. It's totally self-centred. It wants to introduce your face to the floor, no matter who you are or what you look like. It breaks bones, hearts, and gives middle-aged men moods. Friction doesn't care. It's not here to make exceptions. You're going its way whether your lycra likes it or not. It's keeping your skin as a souvenir. Time doesn't stop for anyone. It just marches ruthlessly on. It says you're not going to qualify. You won't make the plane. Your pet's not coming back. You're not getting any younger. That force, that headwind, that 200-pound weight, that tennis ball headed straight for your face. That's a bit of magic. He's incredible for someone like that. He's so brave. She's doing so well considering. Considering what?. Of them give a flying toss. You are for what your backstory is. They would never say, he's amazing for someone in the wheelchair. That biscotti's delicious. I love the crunch. The texture's spot on. Really good. Gravity. It's totally self-centred. It wants to introduce your face to the floor, no matter who you are or what you look like. It breaks bones, hearts, and gives middle-aged men moods.",
Sentence,157.065999,2.2820020000000105,default,default,,,,,,,159.348001,Friction doesn't care. ,,,,,,,
Word,157.066,0.4209999999999994,default,default,,,,,,,157.487,Friction,8.0,Friction doesn't care. ,english,0.0,1227.0,"That biscotti's delicious. I love the crunch. The texture's spot on. Really good. Gravity. It's totally self-centred. It wants to introduce your face to the floor, no matter who you are or what you look like. It breaks bones, hearts, and gives middle-aged men moods. Friction doesn't care. It's not here to make exceptions. You're going its way whether your lycra likes it or not. It's keeping your skin as a souvenir. Time doesn't stop for anyone. It just marches ruthlessly on. It says you're not going to qualify. You won't make the plane. Your pet's not coming back. You're not getting any younger. That force, that headwind, that 200-pound weight, that tennis ball headed straight for your face. That's a bit of magic. He's incredible for someone like that. He's so brave. She's doing so well considering. Considering what?. Of them give a flying toss. You are for what your backstory is. They would never say, he's amazing for someone in the wheelchair. That biscotti's delicious. I love the crunch. The texture's spot on. Really good. Gravity. It's totally self-centred. It wants to introduce your face to the floor, no matter who you are or what you look like. It breaks bones, hearts, and gives middle-aged men moods. Friction",
Word,157.547,0.2600000000000051,default,default,,,,,,,157.80700000000002,doesn't,8.0,Friction doesn't care. ,english,9.0,1236.0,"That biscotti's delicious. I love the crunch. The texture's spot on. Really good. Gravity. It's totally self-centred. It wants to introduce your face to the floor, no matter who you are or what you look like. It breaks bones, hearts, and gives middle-aged men moods. Friction doesn't care. It's not here to make exceptions. You're going its way whether your lycra likes it or not. It's keeping your skin as a souvenir. Time doesn't stop for anyone. It just marches ruthlessly on. It says you're not going to qualify. You won't make the plane. Your pet's not coming back. You're not getting any younger. That force, that headwind, that 200-pound weight, that tennis ball headed straight for your face. That's a bit of magic. He's incredible for someone like that. He's so brave. She's doing so well considering. Considering what?. Of them give a flying toss. You are for what your backstory is. They would never say, he's amazing for someone in the wheelchair. That biscotti's delicious. I love the crunch. The texture's spot on. Really good. Gravity. It's totally self-centred. It wants to introduce your face to the floor, no matter who you are or what you look like. It breaks bones, hearts, and gives middle-aged men moods. Friction doesn't",
Word,157.847,1.5009999999999977,default,default,,,,,,,159.348,care.,8.0,Friction doesn't care. ,english,17.0,1244.0,"That biscotti's delicious. I love the crunch. The texture's spot on. Really good. Gravity. It's totally self-centred. It wants to introduce your face to the floor, no matter who you are or what you look like. It breaks bones, hearts, and gives middle-aged men moods. Friction doesn't care. It's not here to make exceptions. You're going its way whether your lycra likes it or not. It's keeping your skin as a souvenir. Time doesn't stop for anyone. It just marches ruthlessly on. It says you're not going to qualify. You won't make the plane. Your pet's not coming back. You're not getting any younger. That force, that headwind, that 200-pound weight, that tennis ball headed straight for your face. That's a bit of magic. He's incredible for someone like that. He's so brave. She's doing so well considering. Considering what?. Of them give a flying toss. You are for what your backstory is. They would never say, he's amazing for someone in the wheelchair. That biscotti's delicious. I love the crunch. The texture's spot on. Really good. Gravity. It's totally self-centred. It wants to introduce your face to the floor, no matter who you are or what you look like. It breaks bones, hearts, and gives middle-aged men moods. Friction doesn't care.",
Sentence,159.427999,2.061002000000007,default,default,,,,,,,161.489001,It's not here to make exceptions. ,,,,,,,
Word,159.428,0.1200000000000045,default,default,,,,,,,159.548,It's,9.0,It's not here to make exceptions. ,english,0.0,1250.0,"That biscotti's delicious. I love the crunch. The texture's spot on. Really good. Gravity. It's totally self-centred. It wants to introduce your face to the floor, no matter who you are or what you look like. It breaks bones, hearts, and gives middle-aged men moods. Friction doesn't care. It's not here to make exceptions. You're going its way whether your lycra likes it or not. It's keeping your skin as a souvenir. Time doesn't stop for anyone. It just marches ruthlessly on. It says you're not going to qualify. You won't make the plane. Your pet's not coming back. You're not getting any younger. That force, that headwind, that 200-pound weight, that tennis ball headed straight for your face. That's a bit of magic. He's incredible for someone like that. He's so brave. She's doing so well considering. Considering what?. Of them give a flying toss. You are for what your backstory is. They would never say, he's amazing for someone in the wheelchair. That biscotti's delicious. I love the crunch. The texture's spot on. Really good. Gravity. It's totally self-centred. It wants to introduce your face to the floor, no matter who you are or what you look like. It breaks bones, hearts, and gives middle-aged men moods. Friction doesn't care. It's",
Word,159.588,0.1599999999999966,default,default,,,,,,,159.748,not,9.0,It's not here to make exceptions. ,english,5.0,1255.0,"That biscotti's delicious. I love the crunch. The texture's spot on. Really good. Gravity. It's totally self-centred. It wants to introduce your face to the floor, no matter who you are or what you look like. It breaks bones, hearts, and gives middle-aged men moods. Friction doesn't care. It's not here to make exceptions. You're going its way whether your lycra likes it or not. It's keeping your skin as a souvenir. Time doesn't stop for anyone. It just marches ruthlessly on. It says you're not going to qualify. You won't make the plane. Your pet's not coming back. You're not getting any younger. That force, that headwind, that 200-pound weight, that tennis ball headed straight for your face. That's a bit of magic. He's incredible for someone like that. He's so brave. She's doing so well considering. Considering what?. Of them give a flying toss. You are for what your backstory is. They would never say, he's amazing for someone in the wheelchair. That biscotti's delicious. I love the crunch. The texture's spot on. Really good. Gravity. It's totally self-centred. It wants to introduce your face to the floor, no matter who you are or what you look like. It breaks bones, hearts, and gives middle-aged men moods. Friction doesn't care. It's not",
Word,159.828,0.2999999999999971,default,default,,,,,,,160.128,here,9.0,It's not here to make exceptions. ,english,9.0,1259.0,"That biscotti's delicious. I love the crunch. The texture's spot on. Really good. Gravity. It's totally self-centred. It wants to introduce your face to the floor, no matter who you are or what you look like. It breaks bones, hearts, and gives middle-aged men moods. Friction doesn't care. It's not here to make exceptions. You're going its way whether your lycra likes it or not. It's keeping your skin as a souvenir. Time doesn't stop for anyone. It just marches ruthlessly on. It says you're not going to qualify. You won't make the plane. Your pet's not coming back. You're not getting any younger. That force, that headwind, that 200-pound weight, that tennis ball headed straight for your face. That's a bit of magic. He's incredible for someone like that. He's so brave. She's doing so well considering. Considering what?. Of them give a flying toss. You are for what your backstory is. They would never say, he's amazing for someone in the wheelchair. That biscotti's delicious. I love the crunch. The texture's spot on. Really good. Gravity. It's totally self-centred. It wants to introduce your face to the floor, no matter who you are or what you look like. It breaks bones, hearts, and gives middle-aged men moods. Friction doesn't care. It's not here",
Word,160.168,0.081000000000003,default,default,,,,,,,160.249,to,9.0,It's not here to make exceptions. ,english,14.0,1264.0,"That biscotti's delicious. I love the crunch. The texture's spot on. Really good. Gravity. It's totally self-centred. It wants to introduce your face to the floor, no matter who you are or what you look like. It breaks bones, hearts, and gives middle-aged men moods. Friction doesn't care. It's not here to make exceptions. You're going its way whether your lycra likes it or not. It's keeping your skin as a souvenir. Time doesn't stop for anyone. It just marches ruthlessly on. It says you're not going to qualify. You won't make the plane. Your pet's not coming back. You're not getting any younger. That force, that headwind, that 200-pound weight, that tennis ball headed straight for your face. That's a bit of magic. He's incredible for someone like that. He's so brave. She's doing so well considering. Considering what?. Of them give a flying toss. You are for what your backstory is. They would never say, he's amazing for someone in the wheelchair. That biscotti's delicious. I love the crunch. The texture's spot on. Really good. Gravity. It's totally self-centred. It wants to introduce your face to the floor, no matter who you are or what you look like. It breaks bones, hearts, and gives middle-aged men moods. Friction doesn't care. It's not here to",
Word,160.309,0.2200000000000059,default,default,,,,,,,160.529,make,9.0,It's not here to make exceptions. ,english,17.0,1267.0,"That biscotti's delicious. I love the crunch. The texture's spot on. Really good. Gravity. It's totally self-centred. It wants to introduce your face to the floor, no matter who you are or what you look like. It breaks bones, hearts, and gives middle-aged men moods. Friction doesn't care. It's not here to make exceptions. You're going its way whether your lycra likes it or not. It's keeping your skin as a souvenir. Time doesn't stop for anyone. It just marches ruthlessly on. It says you're not going to qualify. You won't make the plane. Your pet's not coming back. You're not getting any younger. That force, that headwind, that 200-pound weight, that tennis ball headed straight for your face. That's a bit of magic. He's incredible for someone like that. He's so brave. She's doing so well considering. Considering what?. Of them give a flying toss. You are for what your backstory is. They would never say, he's amazing for someone in the wheelchair. That biscotti's delicious. I love the crunch. The texture's spot on. Really good. Gravity. It's totally self-centred. It wants to introduce your face to the floor, no matter who you are or what you look like. It breaks bones, hearts, and gives middle-aged men moods. Friction doesn't care. It's not here to make",
Word,160.589,0.8999999999999986,default,default,,,,,,,161.489,exceptions.,9.0,It's not here to make exceptions. ,english,22.0,1272.0,"That biscotti's delicious. I love the crunch. The texture's spot on. Really good. Gravity. It's totally self-centred. It wants to introduce your face to the floor, no matter who you are or what you look like. It breaks bones, hearts, and gives middle-aged men moods. Friction doesn't care. It's not here to make exceptions. You're going its way whether your lycra likes it or not. It's keeping your skin as a souvenir. Time doesn't stop for anyone. It just marches ruthlessly on. It says you're not going to qualify. You won't make the plane. Your pet's not coming back. You're not getting any younger. That force, that headwind, that 200-pound weight, that tennis ball headed straight for your face. That's a bit of magic. He's incredible for someone like that. He's so brave. She's doing so well considering. Considering what?. Of them give a flying toss. You are for what your backstory is. They would never say, he's amazing for someone in the wheelchair. That biscotti's delicious. I love the crunch. The texture's spot on. Really good. Gravity. It's totally self-centred. It wants to introduce your face to the floor, no matter who you are or what you look like. It breaks bones, hearts, and gives middle-aged men moods. Friction doesn't care. It's not here to make exceptions.",
Sentence,162.629999,3.703002000000003,default,default,,,,,,,166.333001,You're going its way whether your lycra likes it or not. ,,,,,,,
Word,162.63,0.1599999999999966,default,default,,,,,,,162.79,You're,10.0,You're going its way whether your lycra likes it or not. ,english,0.0,1284.0,"That biscotti's delicious. I love the crunch. The texture's spot on. Really good. Gravity. It's totally self-centred. It wants to introduce your face to the floor, no matter who you are or what you look like. It breaks bones, hearts, and gives middle-aged men moods. Friction doesn't care. It's not here to make exceptions. You're going its way whether your lycra likes it or not. It's keeping your skin as a souvenir. Time doesn't stop for anyone. It just marches ruthlessly on. It says you're not going to qualify. You won't make the plane. Your pet's not coming back. You're not getting any younger. That force, that headwind, that 200-pound weight, that tennis ball headed straight for your face. That's a bit of magic. He's incredible for someone like that. He's so brave. She's doing so well considering. Considering what?. Of them give a flying toss. You are for what your backstory is. They would never say, he's amazing for someone in the wheelchair. That biscotti's delicious. I love the crunch. The texture's spot on. Really good. Gravity. It's totally self-centred. It wants to introduce your face to the floor, no matter who you are or what you look like. It breaks bones, hearts, and gives middle-aged men moods. Friction doesn't care. It's not here to make exceptions. You're",
Word,162.82999999999998,0.2809999999999988,default,default,,,,,,,163.111,going,10.0,You're going its way whether your lycra likes it or not. ,english,7.0,1291.0,"That biscotti's delicious. I love the crunch. The texture's spot on. Really good. Gravity. It's totally self-centred. It wants to introduce your face to the floor, no matter who you are or what you look like. It breaks bones, hearts, and gives middle-aged men moods. Friction doesn't care. It's not here to make exceptions. You're going its way whether your lycra likes it or not. It's keeping your skin as a souvenir. Time doesn't stop for anyone. It just marches ruthlessly on. It says you're not going to qualify. You won't make the plane. Your pet's not coming back. You're not getting any younger. That force, that headwind, that 200-pound weight, that tennis ball headed straight for your face. That's a bit of magic. He's incredible for someone like that. He's so brave. She's doing so well considering. Considering what?. Of them give a flying toss. You are for what your backstory is. They would never say, he's amazing for someone in the wheelchair. That biscotti's delicious. I love the crunch. The texture's spot on. Really good. Gravity. It's totally self-centred. It wants to introduce your face to the floor, no matter who you are or what you look like. It breaks bones, hearts, and gives middle-aged men moods. Friction doesn't care. It's not here to make exceptions. You're going",
Word,163.191,0.1199999999999974,default,default,,,,,,,163.311,its,10.0,You're going its way whether your lycra likes it or not. ,english,13.0,1297.0,"That biscotti's delicious. I love the crunch. The texture's spot on. Really good. Gravity. It's totally self-centred. It wants to introduce your face to the floor, no matter who you are or what you look like. It breaks bones, hearts, and gives middle-aged men moods. Friction doesn't care. It's not here to make exceptions. You're going its way whether your lycra likes it or not. It's keeping your skin as a souvenir. Time doesn't stop for anyone. It just marches ruthlessly on. It says you're not going to qualify. You won't make the plane. Your pet's not coming back. You're not getting any younger. That force, that headwind, that 200-pound weight, that tennis ball headed straight for your face. That's a bit of magic. He's incredible for someone like that. He's so brave. She's doing so well considering. Considering what?. Of them give a flying toss. You are for what your backstory is. They would never say, he's amazing for someone in the wheelchair. That biscotti's delicious. I love the crunch. The texture's spot on. Really good. Gravity. It's totally self-centred. It wants to introduce your face to the floor, no matter who you are or what you look like. It breaks bones, hearts, and gives middle-aged men moods. Friction doesn't care. It's not here to make exceptions. You're going its",
Word,163.411,0.259999999999998,default,default,,,,,,,163.671,way,10.0,You're going its way whether your lycra likes it or not. ,english,17.0,1301.0,"That biscotti's delicious. I love the crunch. The texture's spot on. Really good. Gravity. It's totally self-centred. It wants to introduce your face to the floor, no matter who you are or what you look like. It breaks bones, hearts, and gives middle-aged men moods. Friction doesn't care. It's not here to make exceptions. You're going its way whether your lycra likes it or not. It's keeping your skin as a souvenir. Time doesn't stop for anyone. It just marches ruthlessly on. It says you're not going to qualify. You won't make the plane. Your pet's not coming back. You're not getting any younger. That force, that headwind, that 200-pound weight, that tennis ball headed straight for your face. That's a bit of magic. He's incredible for someone like that. He's so brave. She's doing so well considering. Considering what?. Of them give a flying toss. You are for what your backstory is. They would never say, he's amazing for someone in the wheelchair. That biscotti's delicious. I love the crunch. The texture's spot on. Really good. Gravity. It's totally self-centred. It wants to introduce your face to the floor, no matter who you are or what you look like. It breaks bones, hearts, and gives middle-aged men moods. Friction doesn't care. It's not here to make exceptions. You're going its way",
Word,163.77100000000002,0.2800000000000011,default,default,,,,,,,164.05100000000002,whether,10.0,You're going its way whether your lycra likes it or not. ,english,21.0,1305.0,"That biscotti's delicious. I love the crunch. The texture's spot on. Really good. Gravity. It's totally self-centred. It wants to introduce your face to the floor, no matter who you are or what you look like. It breaks bones, hearts, and gives middle-aged men moods. Friction doesn't care. It's not here to make exceptions. You're going its way whether your lycra likes it or not. It's keeping your skin as a souvenir. Time doesn't stop for anyone. It just marches ruthlessly on. It says you're not going to qualify. You won't make the plane. Your pet's not coming back. You're not getting any younger. That force, that headwind, that 200-pound weight, that tennis ball headed straight for your face. That's a bit of magic. He's incredible for someone like that. He's so brave. She's doing so well considering. Considering what?. Of them give a flying toss. You are for what your backstory is. They would never say, he's amazing for someone in the wheelchair. That biscotti's delicious. I love the crunch. The texture's spot on. Really good. Gravity. It's totally self-centred. It wants to introduce your face to the floor, no matter who you are or what you look like. It breaks bones, hearts, and gives middle-aged men moods. Friction doesn't care. It's not here to make exceptions. You're going its way whether",
Word,164.071,0.2000000000000028,default,default,,,,,,,164.271,your,10.0,You're going its way whether your lycra likes it or not. ,english,29.0,1313.0,"That biscotti's delicious. I love the crunch. The texture's spot on. Really good. Gravity. It's totally self-centred. It wants to introduce your face to the floor, no matter who you are or what you look like. It breaks bones, hearts, and gives middle-aged men moods. Friction doesn't care. It's not here to make exceptions. You're going its way whether your lycra likes it or not. It's keeping your skin as a souvenir. Time doesn't stop for anyone. It just marches ruthlessly on. It says you're not going to qualify. You won't make the plane. Your pet's not coming back. You're not getting any younger. That force, that headwind, that 200-pound weight, that tennis ball headed straight for your face. That's a bit of magic. He's incredible for someone like that. He's so brave. She's doing so well considering. Considering what?. Of them give a flying toss. You are for what your backstory is. They would never say, he's amazing for someone in the wheelchair. That biscotti's delicious. I love the crunch. The texture's spot on. Really good. Gravity. It's totally self-centred. It wants to introduce your face to the floor, no matter who you are or what you look like. It breaks bones, hearts, and gives middle-aged men moods. Friction doesn't care. It's not here to make exceptions. You're going its way whether your",
Word,164.371,0.6809999999999974,default,default,,,,,,,165.05200000000002,lycra,10.0,You're going its way whether your lycra likes it or not. ,english,34.0,1318.0,"That biscotti's delicious. I love the crunch. The texture's spot on. Really good. Gravity. It's totally self-centred. It wants to introduce your face to the floor, no matter who you are or what you look like. It breaks bones, hearts, and gives middle-aged men moods. Friction doesn't care. It's not here to make exceptions. You're going its way whether your lycra likes it or not. It's keeping your skin as a souvenir. Time doesn't stop for anyone. It just marches ruthlessly on. It says you're not going to qualify. You won't make the plane. Your pet's not coming back. You're not getting any younger. That force, that headwind, that 200-pound weight, that tennis ball headed straight for your face. That's a bit of magic. He's incredible for someone like that. He's so brave. She's doing so well considering. Considering what?. Of them give a flying toss. You are for what your backstory is. They would never say, he's amazing for someone in the wheelchair. That biscotti's delicious. I love the crunch. The texture's spot on. Really good. Gravity. It's totally self-centred. It wants to introduce your face to the floor, no matter who you are or what you look like. It breaks bones, hearts, and gives middle-aged men moods. Friction doesn't care. It's not here to make exceptions. You're going its way whether your lycra",
Word,165.152,0.2999999999999971,default,default,,,,,,,165.45199999999997,likes,10.0,You're going its way whether your lycra likes it or not. ,english,40.0,1324.0,"That biscotti's delicious. I love the crunch. The texture's spot on. Really good. Gravity. It's totally self-centred. It wants to introduce your face to the floor, no matter who you are or what you look like. It breaks bones, hearts, and gives middle-aged men moods. Friction doesn't care. It's not here to make exceptions. You're going its way whether your lycra likes it or not. It's keeping your skin as a souvenir. Time doesn't stop for anyone. It just marches ruthlessly on. It says you're not going to qualify. You won't make the plane. Your pet's not coming back. You're not getting any younger. That force, that headwind, that 200-pound weight, that tennis ball headed straight for your face. That's a bit of magic. He's incredible for someone like that. He's so brave. She's doing so well considering. Considering what?. Of them give a flying toss. You are for what your backstory is. They would never say, he's amazing for someone in the wheelchair. That biscotti's delicious. I love the crunch. The texture's spot on. Really good. Gravity. It's totally self-centred. It wants to introduce your face to the floor, no matter who you are or what you look like. It breaks bones, hearts, and gives middle-aged men moods. Friction doesn't care. It's not here to make exceptions. You're going its way whether your lycra likes",
Word,165.53199999999998,0.0800000000000054,default,default,,,,,,,165.612,it,10.0,You're going its way whether your lycra likes it or not. ,english,46.0,1330.0,"That biscotti's delicious. I love the crunch. The texture's spot on. Really good. Gravity. It's totally self-centred. It wants to introduce your face to the floor, no matter who you are or what you look like. It breaks bones, hearts, and gives middle-aged men moods. Friction doesn't care. It's not here to make exceptions. You're going its way whether your lycra likes it or not. It's keeping your skin as a souvenir. Time doesn't stop for anyone. It just marches ruthlessly on. It says you're not going to qualify. You won't make the plane. Your pet's not coming back. You're not getting any younger. That force, that headwind, that 200-pound weight, that tennis ball headed straight for your face. That's a bit of magic. He's incredible for someone like that. He's so brave. She's doing so well considering. Considering what?. Of them give a flying toss. You are for what your backstory is. They would never say, he's amazing for someone in the wheelchair. That biscotti's delicious. I love the crunch. The texture's spot on. Really good. Gravity. It's totally self-centred. It wants to introduce your face to the floor, no matter who you are or what you look like. It breaks bones, hearts, and gives middle-aged men moods. Friction doesn't care. It's not here to make exceptions. You're going its way whether your lycra likes it",
Word,165.732,0.0799999999999983,default,default,,,,,,,165.812,or,10.0,You're going its way whether your lycra likes it or not. ,english,49.0,1333.0,"That biscotti's delicious. I love the crunch. The texture's spot on. Really good. Gravity. It's totally self-centred. It wants to introduce your face to the floor, no matter who you are or what you look like. It breaks bones, hearts, and gives middle-aged men moods. Friction doesn't care. It's not here to make exceptions. You're going its way whether your lycra likes it or not. It's keeping your skin as a souvenir. Time doesn't stop for anyone. It just marches ruthlessly on. It says you're not going to qualify. You won't make the plane. Your pet's not coming back. You're not getting any younger. That force, that headwind, that 200-pound weight, that tennis ball headed straight for your face. That's a bit of magic. He's incredible for someone like that. He's so brave. She's doing so well considering. Considering what?. Of them give a flying toss. You are for what your backstory is. They would never say, he's amazing for someone in the wheelchair. That biscotti's delicious. I love the crunch. The texture's spot on. Really good. Gravity. It's totally self-centred. It wants to introduce your face to the floor, no matter who you are or what you look like. It breaks bones, hearts, and gives middle-aged men moods. Friction doesn't care. It's not here to make exceptions. You're going its way whether your lycra likes it or",
Word,165.912,0.4209999999999994,default,default,,,,,,,166.333,not.,10.0,You're going its way whether your lycra likes it or not. ,english,52.0,1336.0,"That biscotti's delicious. I love the crunch. The texture's spot on. Really good. Gravity. It's totally self-centred. It wants to introduce your face to the floor, no matter who you are or what you look like. It breaks bones, hearts, and gives middle-aged men moods. Friction doesn't care. It's not here to make exceptions. You're going its way whether your lycra likes it or not. It's keeping your skin as a souvenir. Time doesn't stop for anyone. It just marches ruthlessly on. It says you're not going to qualify. You won't make the plane. Your pet's not coming back. You're not getting any younger. That force, that headwind, that 200-pound weight, that tennis ball headed straight for your face. That's a bit of magic. He's incredible for someone like that. He's so brave. She's doing so well considering. Considering what?. Of them give a flying toss. You are for what your backstory is. They would never say, he's amazing for someone in the wheelchair. That biscotti's delicious. I love the crunch. The texture's spot on. Really good. Gravity. It's totally self-centred. It wants to introduce your face to the floor, no matter who you are or what you look like. It breaks bones, hearts, and gives middle-aged men moods. Friction doesn't care. It's not here to make exceptions. You're going its way whether your lycra likes it or not.",
Sentence,170.367999,2.643002000000029,default,default,,,,,,,173.01100100000002,It's keeping your skin as a souvenir. ,,,,,,,
Word,170.368,0.1199999999999974,default,default,,,,,,,170.488,It's,11.0,It's keeping your skin as a souvenir. ,english,0.0,1341.0,"That biscotti's delicious. I love the crunch. The texture's spot on. Really good. Gravity. It's totally self-centred. It wants to introduce your face to the floor, no matter who you are or what you look like. It breaks bones, hearts, and gives middle-aged men moods. Friction doesn't care. It's not here to make exceptions. You're going its way whether your lycra likes it or not. It's keeping your skin as a souvenir. Time doesn't stop for anyone. It just marches ruthlessly on. It says you're not going to qualify. You won't make the plane. Your pet's not coming back. You're not getting any younger. That force, that headwind, that 200-pound weight, that tennis ball headed straight for your face. That's a bit of magic. He's incredible for someone like that. He's so brave. She's doing so well considering. Considering what?. Of them give a flying toss. You are for what your backstory is. They would never say, he's amazing for someone in the wheelchair. That biscotti's delicious. I love the crunch. The texture's spot on. Really good. Gravity. It's totally self-centred. It wants to introduce your face to the floor, no matter who you are or what you look like. It breaks bones, hearts, and gives middle-aged men moods. Friction doesn't care. It's not here to make exceptions. You're going its way whether your lycra likes it or not. It's",
Word,170.628,0.4010000000000033,default,default,,,,,,,171.029,keeping,11.0,It's keeping your skin as a souvenir. ,english,5.0,1346.0,"That biscotti's delicious. I love the crunch. The texture's spot on. Really good. Gravity. It's totally self-centred. It wants to introduce your face to the floor, no matter who you are or what you look like. It breaks bones, hearts, and gives middle-aged men moods. Friction doesn't care. It's not here to make exceptions. You're going its way whether your lycra likes it or not. It's keeping your skin as a souvenir. Time doesn't stop for anyone. It just marches ruthlessly on. It says you're not going to qualify. You won't make the plane. Your pet's not coming back. You're not getting any younger. That force, that headwind, that 200-pound weight, that tennis ball headed straight for your face. That's a bit of magic. He's incredible for someone like that. He's so brave. She's doing so well considering. Considering what?. Of them give a flying toss. You are for what your backstory is. They would never say, he's amazing for someone in the wheelchair. That biscotti's delicious. I love the crunch. The texture's spot on. Really good. Gravity. It's totally self-centred. It wants to introduce your face to the floor, no matter who you are or what you look like. It breaks bones, hearts, and gives middle-aged men moods. Friction doesn't care. It's not here to make exceptions. You're going its way whether your lycra likes it or not. It's keeping",
Word,171.06900000000002,0.2199999999999988,default,default,,,,,,,171.28900000000002,your,11.0,It's keeping your skin as a souvenir. ,english,13.0,1354.0,"That biscotti's delicious. I love the crunch. The texture's spot on. Really good. Gravity. It's totally self-centred. It wants to introduce your face to the floor, no matter who you are or what you look like. It breaks bones, hearts, and gives middle-aged men moods. Friction doesn't care. It's not here to make exceptions. You're going its way whether your lycra likes it or not. It's keeping your skin as a souvenir. Time doesn't stop for anyone. It just marches ruthlessly on. It says you're not going to qualify. You won't make the plane. Your pet's not coming back. You're not getting any younger. That force, that headwind, that 200-pound weight, that tennis ball headed straight for your face. That's a bit of magic. He's incredible for someone like that. He's so brave. She's doing so well considering. Considering what?. Of them give a flying toss. You are for what your backstory is. They would never say, he's amazing for someone in the wheelchair. That biscotti's delicious. I love the crunch. The texture's spot on. Really good. Gravity. It's totally self-centred. It wants to introduce your face to the floor, no matter who you are or what you look like. It breaks bones, hearts, and gives middle-aged men moods. Friction doesn't care. It's not here to make exceptions. You're going its way whether your lycra likes it or not. It's keeping your",
Word,171.349,0.4600000000000008,default,default,,,,,,,171.809,skin,11.0,It's keeping your skin as a souvenir. ,english,18.0,1359.0,"That biscotti's delicious. I love the crunch. The texture's spot on. Really good. Gravity. It's totally self-centred. It wants to introduce your face to the floor, no matter who you are or what you look like. It breaks bones, hearts, and gives middle-aged men moods. Friction doesn't care. It's not here to make exceptions. You're going its way whether your lycra likes it or not. It's keeping your skin as a souvenir. Time doesn't stop for anyone. It just marches ruthlessly on. It says you're not going to qualify. You won't make the plane. Your pet's not coming back. You're not getting any younger. That force, that headwind, that 200-pound weight, that tennis ball headed straight for your face. That's a bit of magic. He's incredible for someone like that. He's so brave. She's doing so well considering. Considering what?. Of them give a flying toss. You are for what your backstory is. They would never say, he's amazing for someone in the wheelchair. That biscotti's delicious. I love the crunch. The texture's spot on. Really good. Gravity. It's totally self-centred. It wants to introduce your face to the floor, no matter who you are or what you look like. It breaks bones, hearts, and gives middle-aged men moods. Friction doesn't care. It's not here to make exceptions. You're going its way whether your lycra likes it or not. It's keeping your skin",
Word,171.95,0.0999999999999943,default,default,,,,,,,172.04999999999998,as,11.0,It's keeping your skin as a souvenir. ,english,23.0,1364.0,"That biscotti's delicious. I love the crunch. The texture's spot on. Really good. Gravity. It's totally self-centred. It wants to introduce your face to the floor, no matter who you are or what you look like. It breaks bones, hearts, and gives middle-aged men moods. Friction doesn't care. It's not here to make exceptions. You're going its way whether your lycra likes it or not. It's keeping your skin as a souvenir. Time doesn't stop for anyone. It just marches ruthlessly on. It says you're not going to qualify. You won't make the plane. Your pet's not coming back. You're not getting any younger. That force, that headwind, that 200-pound weight, that tennis ball headed straight for your face. That's a bit of magic. He's incredible for someone like that. He's so brave. She's doing so well considering. Considering what?. Of them give a flying toss. You are for what your backstory is. They would never say, he's amazing for someone in the wheelchair. That biscotti's delicious. I love the crunch. The texture's spot on. Really good. Gravity. It's totally self-centred. It wants to introduce your face to the floor, no matter who you are or what you look like. It breaks bones, hearts, and gives middle-aged men moods. Friction doesn't care. It's not here to make exceptions. You're going its way whether your lycra likes it or not. It's keeping your skin as",
Word,172.09,0.0399999999999991,default,default,,,,,,,172.13,a,11.0,It's keeping your skin as a souvenir. ,english,26.0,1367.0,"That biscotti's delicious. I love the crunch. The texture's spot on. Really good. Gravity. It's totally self-centred. It wants to introduce your face to the floor, no matter who you are or what you look like. It breaks bones, hearts, and gives middle-aged men moods. Friction doesn't care. It's not here to make exceptions. You're going its way whether your lycra likes it or not. It's keeping your skin as a souvenir. Time doesn't stop for anyone. It just marches ruthlessly on. It says you're not going to qualify. You won't make the plane. Your pet's not coming back. You're not getting any younger. That force, that headwind, that 200-pound weight, that tennis ball headed straight for your face. That's a bit of magic. He's incredible for someone like that. He's so brave. She's doing so well considering. Considering what?. Of them give a flying toss. You are for what your backstory is. They would never say, he's amazing for someone in the wheelchair. That biscotti's delicious. I love the crunch. The texture's spot on. Really good. Gravity. It's totally self-centred. It wants to introduce your face to the floor, no matter who you are or what you look like. It breaks bones, hearts, and gives middle-aged men moods. Friction doesn't care. It's not here to make exceptions. You're going its way whether your lycra likes it or not. It's keeping your skin as a",
Word,172.21,0.8010000000000019,default,default,,,,,,,173.01100000000002,souvenir.,11.0,It's keeping your skin as a souvenir. ,english,28.0,1369.0,"That biscotti's delicious. I love the crunch. The texture's spot on. Really good. Gravity. It's totally self-centred. It wants to introduce your face to the floor, no matter who you are or what you look like. It breaks bones, hearts, and gives middle-aged men moods. Friction doesn't care. It's not here to make exceptions. You're going its way whether your lycra likes it or not. It's keeping your skin as a souvenir. Time doesn't stop for anyone. It just marches ruthlessly on. It says you're not going to qualify. You won't make the plane. Your pet's not coming back. You're not getting any younger. That force, that headwind, that 200-pound weight, that tennis ball headed straight for your face. That's a bit of magic. He's incredible for someone like that. He's so brave. She's doing so well considering. Considering what?. Of them give a flying toss. You are for what your backstory is. They would never say, he's amazing for someone in the wheelchair. That biscotti's delicious. I love the crunch. The texture's spot on. Really good. Gravity. It's totally self-centred. It wants to introduce your face to the floor, no matter who you are or what you look like. It breaks bones, hearts, and gives middle-aged men moods. Friction doesn't care. It's not here to make exceptions. You're going its way whether your lycra likes it or not. It's keeping your skin as a souvenir.",
Sentence,177.254999,2.8220020000000026,default,default,,,,,,,180.077001,Time doesn't stop for anyone. ,,,,,,,
Word,177.255,0.4799999999999969,default,default,,,,,,,177.73499999999999,Time,12.0,Time doesn't stop for anyone. ,english,0.0,1379.0,"That biscotti's delicious. I love the crunch. The texture's spot on. Really good. Gravity. It's totally self-centred. It wants to introduce your face to the floor, no matter who you are or what you look like. It breaks bones, hearts, and gives middle-aged men moods. Friction doesn't care. It's not here to make exceptions. You're going its way whether your lycra likes it or not. It's keeping your skin as a souvenir. Time doesn't stop for anyone. It just marches ruthlessly on. It says you're not going to qualify. You won't make the plane. Your pet's not coming back. You're not getting any younger. That force, that headwind, that 200-pound weight, that tennis ball headed straight for your face. That's a bit of magic. He's incredible for someone like that. He's so brave. She's doing so well considering. Considering what?. Of them give a flying toss. You are for what your backstory is. They would never say, he's amazing for someone in the wheelchair. That biscotti's delicious. I love the crunch. The texture's spot on. Really good. Gravity. It's totally self-centred. It wants to introduce your face to the floor, no matter who you are or what you look like. It breaks bones, hearts, and gives middle-aged men moods. Friction doesn't care. It's not here to make exceptions. You're going its way whether your lycra likes it or not. It's keeping your skin as a souvenir. Time",
Word,177.79500000000002,0.2999999999999971,default,default,,,,,,,178.095,doesn't,12.0,Time doesn't stop for anyone. ,english,5.0,1384.0,"That biscotti's delicious. I love the crunch. The texture's spot on. Really good. Gravity. It's totally self-centred. It wants to introduce your face to the floor, no matter who you are or what you look like. It breaks bones, hearts, and gives middle-aged men moods. Friction doesn't care. It's not here to make exceptions. You're going its way whether your lycra likes it or not. It's keeping your skin as a souvenir. Time doesn't stop for anyone. It just marches ruthlessly on. It says you're not going to qualify. You won't make the plane. Your pet's not coming back. You're not getting any younger. That force, that headwind, that 200-pound weight, that tennis ball headed straight for your face. That's a bit of magic. He's incredible for someone like that. He's so brave. She's doing so well considering. Considering what?. Of them give a flying toss. You are for what your backstory is. They would never say, he's amazing for someone in the wheelchair. That biscotti's delicious. I love the crunch. The texture's spot on. Really good. Gravity. It's totally self-centred. It wants to introduce your face to the floor, no matter who you are or what you look like. It breaks bones, hearts, and gives middle-aged men moods. Friction doesn't care. It's not here to make exceptions. You're going its way whether your lycra likes it or not. It's keeping your skin as a souvenir. Time doesn't",
Word,178.155,0.3810000000000002,default,default,,,,,,,178.536,stop,12.0,Time doesn't stop for anyone. ,english,13.0,1392.0,"That biscotti's delicious. I love the crunch. The texture's spot on. Really good. Gravity. It's totally self-centred. It wants to introduce your face to the floor, no matter who you are or what you look like. It breaks bones, hearts, and gives middle-aged men moods. Friction doesn't care. It's not here to make exceptions. You're going its way whether your lycra likes it or not. It's keeping your skin as a souvenir. Time doesn't stop for anyone. It just marches ruthlessly on. It says you're not going to qualify. You won't make the plane. Your pet's not coming back. You're not getting any younger. That force, that headwind, that 200-pound weight, that tennis ball headed straight for your face. That's a bit of magic. He's incredible for someone like that. He's so brave. She's doing so well considering. Considering what?. Of them give a flying toss. You are for what your backstory is. They would never say, he's amazing for someone in the wheelchair. That biscotti's delicious. I love the crunch. The texture's spot on. Really good. Gravity. It's totally self-centred. It wants to introduce your face to the floor, no matter who you are or what you look like. It breaks bones, hearts, and gives middle-aged men moods. Friction doesn't care. It's not here to make exceptions. You're going its way whether your lycra likes it or not. It's keeping your skin as a souvenir. Time doesn't stop",
Word,178.576,0.1400000000000005,default,default,,,,,,,178.71599999999998,for,12.0,Time doesn't stop for anyone. ,english,18.0,1397.0,"That biscotti's delicious. I love the crunch. The texture's spot on. Really good. Gravity. It's totally self-centred. It wants to introduce your face to the floor, no matter who you are or what you look like. It breaks bones, hearts, and gives middle-aged men moods. Friction doesn't care. It's not here to make exceptions. You're going its way whether your lycra likes it or not. It's keeping your skin as a souvenir. Time doesn't stop for anyone. It just marches ruthlessly on. It says you're not going to qualify. You won't make the plane. Your pet's not coming back. You're not getting any younger. That force, that headwind, that 200-pound weight, that tennis ball headed straight for your face. That's a bit of magic. He's incredible for someone like that. He's so brave. She's doing so well considering. Considering what?. Of them give a flying toss. You are for what your backstory is. They would never say, he's amazing for someone in the wheelchair. That biscotti's delicious. I love the crunch. The texture's spot on. Really good. Gravity. It's totally self-centred. It wants to introduce your face to the floor, no matter who you are or what you look like. It breaks bones, hearts, and gives middle-aged men moods. Friction doesn't care. It's not here to make exceptions. You're going its way whether your lycra likes it or not. It's keeping your skin as a souvenir. Time doesn't stop for",
Word,178.89600000000002,1.1809999999999974,default,default,,,,,,,180.077,anyone.,12.0,Time doesn't stop for anyone. ,english,22.0,1401.0,"That biscotti's delicious. I love the crunch. The texture's spot on. Really good. Gravity. It's totally self-centred. It wants to introduce your face to the floor, no matter who you are or what you look like. It breaks bones, hearts, and gives middle-aged men moods. Friction doesn't care. It's not here to make exceptions. You're going its way whether your lycra likes it or not. It's keeping your skin as a souvenir. Time doesn't stop for anyone. It just marches ruthlessly on. It says you're not going to qualify. You won't make the plane. Your pet's not coming back. You're not getting any younger. That force, that headwind, that 200-pound weight, that tennis ball headed straight for your face. That's a bit of magic. He's incredible for someone like that. He's so brave. She's doing so well considering. Considering what?. Of them give a flying toss. You are for what your backstory is. They would never say, he's amazing for someone in the wheelchair. That biscotti's delicious. I love the crunch. The texture's spot on. Really good. Gravity. It's totally self-centred. It wants to introduce your face to the floor, no matter who you are or what you look like. It breaks bones, hearts, and gives middle-aged men moods. Friction doesn't care. It's not here to make exceptions. You're going its way whether your lycra likes it or not. It's keeping your skin as a souvenir. Time doesn't stop for anyone.",
Sentence,180.196999,2.7030019999999744,default,default,,,,,,,182.90000099999997,It just marches ruthlessly on. ,,,,,,,
Word,180.197,0.0799999999999983,default,default,,,,,,,180.277,It,13.0,It just marches ruthlessly on. ,english,0.0,1409.0,"That biscotti's delicious. I love the crunch. The texture's spot on. Really good. Gravity. It's totally self-centred. It wants to introduce your face to the floor, no matter who you are or what you look like. It breaks bones, hearts, and gives middle-aged men moods. Friction doesn't care. It's not here to make exceptions. You're going its way whether your lycra likes it or not. It's keeping your skin as a souvenir. Time doesn't stop for anyone. It just marches ruthlessly on. It says you're not going to qualify. You won't make the plane. Your pet's not coming back. You're not getting any younger. That force, that headwind, that 200-pound weight, that tennis ball headed straight for your face. That's a bit of magic. He's incredible for someone like that. He's so brave. She's doing so well considering. Considering what?. Of them give a flying toss. You are for what your backstory is. They would never say, he's amazing for someone in the wheelchair. That biscotti's delicious. I love the crunch. The texture's spot on. Really good. Gravity. It's totally self-centred. It wants to introduce your face to the floor, no matter who you are or what you look like. It breaks bones, hearts, and gives middle-aged men moods. Friction doesn't care. It's not here to make exceptions. You're going its way whether your lycra likes it or not. It's keeping your skin as a souvenir. Time doesn't stop for anyone. It",
Word,180.297,0.2010000000000005,default,default,,,,,,,180.498,just,13.0,It just marches ruthlessly on. ,english,3.0,1412.0,"That biscotti's delicious. I love the crunch. The texture's spot on. Really good. Gravity. It's totally self-centred. It wants to introduce your face to the floor, no matter who you are or what you look like. It breaks bones, hearts, and gives middle-aged men moods. Friction doesn't care. It's not here to make exceptions. You're going its way whether your lycra likes it or not. It's keeping your skin as a souvenir. Time doesn't stop for anyone. It just marches ruthlessly on. It says you're not going to qualify. You won't make the plane. Your pet's not coming back. You're not getting any younger. That force, that headwind, that 200-pound weight, that tennis ball headed straight for your face. That's a bit of magic. He's incredible for someone like that. He's so brave. She's doing so well considering. Considering what?. Of them give a flying toss. You are for what your backstory is. They would never say, he's amazing for someone in the wheelchair. That biscotti's delicious. I love the crunch. The texture's spot on. Really good. Gravity. It's totally self-centred. It wants to introduce your face to the floor, no matter who you are or what you look like. It breaks bones, hearts, and gives middle-aged men moods. Friction doesn't care. It's not here to make exceptions. You're going its way whether your lycra likes it or not. It's keeping your skin as a souvenir. Time doesn't stop for anyone. It just",
Word,180.558,0.4799999999999969,default,default,,,,,,,181.03799999999998,marches,13.0,It just marches ruthlessly on. ,english,8.0,1417.0,"That biscotti's delicious. I love the crunch. The texture's spot on. Really good. Gravity. It's totally self-centred. It wants to introduce your face to the floor, no matter who you are or what you look like. It breaks bones, hearts, and gives middle-aged men moods. Friction doesn't care. It's not here to make exceptions. You're going its way whether your lycra likes it or not. It's keeping your skin as a souvenir. Time doesn't stop for anyone. It just marches ruthlessly on. It says you're not going to qualify. You won't make the plane. Your pet's not coming back. You're not getting any younger. That force, that headwind, that 200-pound weight, that tennis ball headed straight for your face. That's a bit of magic. He's incredible for someone like that. He's so brave. She's doing so well considering. Considering what?. Of them give a flying toss. You are for what your backstory is. They would never say, he's amazing for someone in the wheelchair. That biscotti's delicious. I love the crunch. The texture's spot on. Really good. Gravity. It's totally self-centred. It wants to introduce your face to the floor, no matter who you are or what you look like. It breaks bones, hearts, and gives middle-aged men moods. Friction doesn't care. It's not here to make exceptions. You're going its way whether your lycra likes it or not. It's keeping your skin as a souvenir. Time doesn't stop for anyone. It just marches",
Word,181.138,0.7010000000000005,default,default,,,,,,,181.839,ruthlessly,13.0,It just marches ruthlessly on. ,english,16.0,1425.0,"That biscotti's delicious. I love the crunch. The texture's spot on. Really good. Gravity. It's totally self-centred. It wants to introduce your face to the floor, no matter who you are or what you look like. It breaks bones, hearts, and gives middle-aged men moods. Friction doesn't care. It's not here to make exceptions. You're going its way whether your lycra likes it or not. It's keeping your skin as a souvenir. Time doesn't stop for anyone. It just marches ruthlessly on. It says you're not going to qualify. You won't make the plane. Your pet's not coming back. You're not getting any younger. That force, that headwind, that 200-pound weight, that tennis ball headed straight for your face. That's a bit of magic. He's incredible for someone like that. He's so brave. She's doing so well considering. Considering what?. Of them give a flying toss. You are for what your backstory is. They would never say, he's amazing for someone in the wheelchair. That biscotti's delicious. I love the crunch. The texture's spot on. Really good. Gravity. It's totally self-centred. It wants to introduce your face to the floor, no matter who you are or what you look like. It breaks bones, hearts, and gives middle-aged men moods. Friction doesn't care. It's not here to make exceptions. You're going its way whether your lycra likes it or not. It's keeping your skin as a souvenir. Time doesn't stop for anyone. It just marches ruthlessly",
Word,181.999,0.9009999999999962,default,default,,,,,,,182.89999999999998,on.,13.0,It just marches ruthlessly on. ,english,27.0,1436.0,"That biscotti's delicious. I love the crunch. The texture's spot on. Really good. Gravity. It's totally self-centred. It wants to introduce your face to the floor, no matter who you are or what you look like. It breaks bones, hearts, and gives middle-aged men moods. Friction doesn't care. It's not here to make exceptions. You're going its way whether your lycra likes it or not. It's keeping your skin as a souvenir. Time doesn't stop for anyone. It just marches ruthlessly on. It says you're not going to qualify. You won't make the plane. Your pet's not coming back. You're not getting any younger. That force, that headwind, that 200-pound weight, that tennis ball headed straight for your face. That's a bit of magic. He's incredible for someone like that. He's so brave. She's doing so well considering. Considering what?. Of them give a flying toss. You are for what your backstory is. They would never say, he's amazing for someone in the wheelchair. That biscotti's delicious. I love the crunch. The texture's spot on. Really good. Gravity. It's totally self-centred. It wants to introduce your face to the floor, no matter who you are or what you look like. It breaks bones, hearts, and gives middle-aged men moods. Friction doesn't care. It's not here to make exceptions. You're going its way whether your lycra likes it or not. It's keeping your skin as a souvenir. Time doesn't stop for anyone. It just marches ruthlessly on.",
Sentence,183.159999,2.182002000000016,default,default,,,,,,,185.342001,It says you're not going to qualify. ,,,,,,,
Word,183.16,0.3810000000000002,default,default,,,,,,,183.541,It,14.0,It says you're not going to qualify. ,english,0.0,1440.0,"That biscotti's delicious. I love the crunch. The texture's spot on. Really good. Gravity. It's totally self-centred. It wants to introduce your face to the floor, no matter who you are or what you look like. It breaks bones, hearts, and gives middle-aged men moods. Friction doesn't care. It's not here to make exceptions. You're going its way whether your lycra likes it or not. It's keeping your skin as a souvenir. Time doesn't stop for anyone. It just marches ruthlessly on. It says you're not going to qualify. You won't make the plane. Your pet's not coming back. You're not getting any younger. That force, that headwind, that 200-pound weight, that tennis ball headed straight for your face. That's a bit of magic. He's incredible for someone like that. He's so brave. She's doing so well considering. Considering what?. Of them give a flying toss. You are for what your backstory is. They would never say, he's amazing for someone in the wheelchair. That biscotti's delicious. I love the crunch. The texture's spot on. Really good. Gravity. It's totally self-centred. It wants to introduce your face to the floor, no matter who you are or what you look like. It breaks bones, hearts, and gives middle-aged men moods. Friction doesn't care. It's not here to make exceptions. You're going its way whether your lycra likes it or not. It's keeping your skin as a souvenir. Time doesn't stop for anyone. It just marches ruthlessly on. It",
Word,183.561,0.2999999999999971,default,default,,,,,,,183.861,says,14.0,It says you're not going to qualify. ,english,3.0,1443.0,"That biscotti's delicious. I love the crunch. The texture's spot on. Really good. Gravity. It's totally self-centred. It wants to introduce your face to the floor, no matter who you are or what you look like. It breaks bones, hearts, and gives middle-aged men moods. Friction doesn't care. It's not here to make exceptions. You're going its way whether your lycra likes it or not. It's keeping your skin as a souvenir. Time doesn't stop for anyone. It just marches ruthlessly on. It says you're not going to qualify. You won't make the plane. Your pet's not coming back. You're not getting any younger. That force, that headwind, that 200-pound weight, that tennis ball headed straight for your face. That's a bit of magic. He's incredible for someone like that. He's so brave. She's doing so well considering. Considering what?. Of them give a flying toss. You are for what your backstory is. They would never say, he's amazing for someone in the wheelchair. That biscotti's delicious. I love the crunch. The texture's spot on. Really good. Gravity. It's totally self-centred. It wants to introduce your face to the floor, no matter who you are or what you look like. It breaks bones, hearts, and gives middle-aged men moods. Friction doesn't care. It's not here to make exceptions. You're going its way whether your lycra likes it or not. It's keeping your skin as a souvenir. Time doesn't stop for anyone. It just marches ruthlessly on. It says",
Word,183.881,0.1599999999999966,default,default,,,,,,,184.041,you're,14.0,It says you're not going to qualify. ,english,8.0,1448.0,"That biscotti's delicious. I love the crunch. The texture's spot on. Really good. Gravity. It's totally self-centred. It wants to introduce your face to the floor, no matter who you are or what you look like. It breaks bones, hearts, and gives middle-aged men moods. Friction doesn't care. It's not here to make exceptions. You're going its way whether your lycra likes it or not. It's keeping your skin as a souvenir. Time doesn't stop for anyone. It just marches ruthlessly on. It says you're not going to qualify. You won't make the plane. Your pet's not coming back. You're not getting any younger. That force, that headwind, that 200-pound weight, that tennis ball headed straight for your face. That's a bit of magic. He's incredible for someone like that. He's so brave. She's doing so well considering. Considering what?. Of them give a flying toss. You are for what your backstory is. They would never say, he's amazing for someone in the wheelchair. That biscotti's delicious. I love the crunch. The texture's spot on. Really good. Gravity. It's totally self-centred. It wants to introduce your face to the floor, no matter who you are or what you look like. It breaks bones, hearts, and gives middle-aged men moods. Friction doesn't care. It's not here to make exceptions. You're going its way whether your lycra likes it or not. It's keeping your skin as a souvenir. Time doesn't stop for anyone. It just marches ruthlessly on. It says you're",
Word,184.08100000000002,0.1400000000000005,default,default,,,,,,,184.221,not,14.0,It says you're not going to qualify. ,english,15.0,1455.0,"That biscotti's delicious. I love the crunch. The texture's spot on. Really good. Gravity. It's totally self-centred. It wants to introduce your face to the floor, no matter who you are or what you look like. It breaks bones, hearts, and gives middle-aged men moods. Friction doesn't care. It's not here to make exceptions. You're going its way whether your lycra likes it or not. It's keeping your skin as a souvenir. Time doesn't stop for anyone. It just marches ruthlessly on. It says you're not going to qualify. You won't make the plane. Your pet's not coming back. You're not getting any younger. That force, that headwind, that 200-pound weight, that tennis ball headed straight for your face. That's a bit of magic. He's incredible for someone like that. He's so brave. She's doing so well considering. Considering what?. Of them give a flying toss. You are for what your backstory is. They would never say, he's amazing for someone in the wheelchair. That biscotti's delicious. I love the crunch. The texture's spot on. Really good. Gravity. It's totally self-centred. It wants to introduce your face to the floor, no matter who you are or what you look like. It breaks bones, hearts, and gives middle-aged men moods. Friction doesn't care. It's not here to make exceptions. You're going its way whether your lycra likes it or not. It's keeping your skin as a souvenir. Time doesn't stop for anyone. It just marches ruthlessly on. It says you're not",
Word,184.281,0.2409999999999996,default,default,,,,,,,184.522,going,14.0,It says you're not going to qualify. ,english,19.0,1459.0,"That biscotti's delicious. I love the crunch. The texture's spot on. Really good. Gravity. It's totally self-centred. It wants to introduce your face to the floor, no matter who you are or what you look like. It breaks bones, hearts, and gives middle-aged men moods. Friction doesn't care. It's not here to make exceptions. You're going its way whether your lycra likes it or not. It's keeping your skin as a souvenir. Time doesn't stop for anyone. It just marches ruthlessly on. It says you're not going to qualify. You won't make the plane. Your pet's not coming back. You're not getting any younger. That force, that headwind, that 200-pound weight, that tennis ball headed straight for your face. That's a bit of magic. He's incredible for someone like that. He's so brave. She's doing so well considering. Considering what?. Of them give a flying toss. You are for what your backstory is. They would never say, he's amazing for someone in the wheelchair. That biscotti's delicious. I love the crunch. The texture's spot on. Really good. Gravity. It's totally self-centred. It wants to introduce your face to the floor, no matter who you are or what you look like. It breaks bones, hearts, and gives middle-aged men moods. Friction doesn't care. It's not here to make exceptions. You're going its way whether your lycra likes it or not. It's keeping your skin as a souvenir. Time doesn't stop for anyone. It just marches ruthlessly on. It says you're not going",
Word,184.562,0.0600000000000022,default,default,,,,,,,184.622,to,14.0,It says you're not going to qualify. ,english,25.0,1465.0,"That biscotti's delicious. I love the crunch. The texture's spot on. Really good. Gravity. It's totally self-centred. It wants to introduce your face to the floor, no matter who you are or what you look like. It breaks bones, hearts, and gives middle-aged men moods. Friction doesn't care. It's not here to make exceptions. You're going its way whether your lycra likes it or not. It's keeping your skin as a souvenir. Time doesn't stop for anyone. It just marches ruthlessly on. It says you're not going to qualify. You won't make the plane. Your pet's not coming back. You're not getting any younger. That force, that headwind, that 200-pound weight, that tennis ball headed straight for your face. That's a bit of magic. He's incredible for someone like that. He's so brave. She's doing so well considering. Considering what?. Of them give a flying toss. You are for what your backstory is. They would never say, he's amazing for someone in the wheelchair. That biscotti's delicious. I love the crunch. The texture's spot on. Really good. Gravity. It's totally self-centred. It wants to introduce your face to the floor, no matter who you are or what you look like. It breaks bones, hearts, and gives middle-aged men moods. Friction doesn't care. It's not here to make exceptions. You're going its way whether your lycra likes it or not. It's keeping your skin as a souvenir. Time doesn't stop for anyone. It just marches ruthlessly on. It says you're not going to",
Word,184.68200000000002,0.6599999999999966,default,default,,,,,,,185.342,qualify.,14.0,It says you're not going to qualify. ,english,28.0,1468.0,"That biscotti's delicious. I love the crunch. The texture's spot on. Really good. Gravity. It's totally self-centred. It wants to introduce your face to the floor, no matter who you are or what you look like. It breaks bones, hearts, and gives middle-aged men moods. Friction doesn't care. It's not here to make exceptions. You're going its way whether your lycra likes it or not. It's keeping your skin as a souvenir. Time doesn't stop for anyone. It just marches ruthlessly on. It says you're not going to qualify. You won't make the plane. Your pet's not coming back. You're not getting any younger. That force, that headwind, that 200-pound weight, that tennis ball headed straight for your face. That's a bit of magic. He's incredible for someone like that. He's so brave. She's doing so well considering. Considering what?. Of them give a flying toss. You are for what your backstory is. They would never say, he's amazing for someone in the wheelchair. That biscotti's delicious. I love the crunch. The texture's spot on. Really good. Gravity. It's totally self-centred. It wants to introduce your face to the floor, no matter who you are or what you look like. It breaks bones, hearts, and gives middle-aged men moods. Friction doesn't care. It's not here to make exceptions. You're going its way whether your lycra likes it or not. It's keeping your skin as a souvenir. Time doesn't stop for anyone. It just marches ruthlessly on. It says you're not going to qualify.",
Sentence,186.703999,1.1610020000000014,default,default,,,,,,,187.865001,You won't make the plane. ,,,,,,,
Word,186.704,0.0800000000000125,default,default,,,,,,,186.78400000000002,You,15.0,You won't make the plane. ,english,0.0,1477.0,"That biscotti's delicious. I love the crunch. The texture's spot on. Really good. Gravity. It's totally self-centred. It wants to introduce your face to the floor, no matter who you are or what you look like. It breaks bones, hearts, and gives middle-aged men moods. Friction doesn't care. It's not here to make exceptions. You're going its way whether your lycra likes it or not. It's keeping your skin as a souvenir. Time doesn't stop for anyone. It just marches ruthlessly on. It says you're not going to qualify. You won't make the plane. Your pet's not coming back. You're not getting any younger. That force, that headwind, that 200-pound weight, that tennis ball headed straight for your face. That's a bit of magic. He's incredible for someone like that. He's so brave. She's doing so well considering. Considering what?. Of them give a flying toss. You are for what your backstory is. They would never say, he's amazing for someone in the wheelchair. That biscotti's delicious. I love the crunch. The texture's spot on. Really good. Gravity. It's totally self-centred. It wants to introduce your face to the floor, no matter who you are or what you look like. It breaks bones, hearts, and gives middle-aged men moods. Friction doesn't care. It's not here to make exceptions. You're going its way whether your lycra likes it or not. It's keeping your skin as a souvenir. Time doesn't stop for anyone. It just marches ruthlessly on. It says you're not going to qualify. You",
Word,186.824,0.2000000000000028,default,default,,,,,,,187.024,won't,15.0,You won't make the plane. ,english,4.0,1481.0,"That biscotti's delicious. I love the crunch. The texture's spot on. Really good. Gravity. It's totally self-centred. It wants to introduce your face to the floor, no matter who you are or what you look like. It breaks bones, hearts, and gives middle-aged men moods. Friction doesn't care. It's not here to make exceptions. You're going its way whether your lycra likes it or not. It's keeping your skin as a souvenir. Time doesn't stop for anyone. It just marches ruthlessly on. It says you're not going to qualify. You won't make the plane. Your pet's not coming back. You're not getting any younger. That force, that headwind, that 200-pound weight, that tennis ball headed straight for your face. That's a bit of magic. He's incredible for someone like that. He's so brave. She's doing so well considering. Considering what?. Of them give a flying toss. You are for what your backstory is. They would never say, he's amazing for someone in the wheelchair. That biscotti's delicious. I love the crunch. The texture's spot on. Really good. Gravity. It's totally self-centred. It wants to introduce your face to the floor, no matter who you are or what you look like. It breaks bones, hearts, and gives middle-aged men moods. Friction doesn't care. It's not here to make exceptions. You're going its way whether your lycra likes it or not. It's keeping your skin as a souvenir. Time doesn't stop for anyone. It just marches ruthlessly on. It says you're not going to qualify. You won't",
Word,187.064,0.1600000000000108,default,default,,,,,,,187.224,make,15.0,You won't make the plane. ,english,10.0,1487.0,"That biscotti's delicious. I love the crunch. The texture's spot on. Really good. Gravity. It's totally self-centred. It wants to introduce your face to the floor, no matter who you are or what you look like. It breaks bones, hearts, and gives middle-aged men moods. Friction doesn't care. It's not here to make exceptions. You're going its way whether your lycra likes it or not. It's keeping your skin as a souvenir. Time doesn't stop for anyone. It just marches ruthlessly on. It says you're not going to qualify. You won't make the plane. Your pet's not coming back. You're not getting any younger. That force, that headwind, that 200-pound weight, that tennis ball headed straight for your face. That's a bit of magic. He's incredible for someone like that. He's so brave. She's doing so well considering. Considering what?. Of them give a flying toss. You are for what your backstory is. They would never say, he's amazing for someone in the wheelchair. That biscotti's delicious. I love the crunch. The texture's spot on. Really good. Gravity. It's totally self-centred. It wants to introduce your face to the floor, no matter who you are or what you look like. It breaks bones, hearts, and gives middle-aged men moods. Friction doesn't care. It's not here to make exceptions. You're going its way whether your lycra likes it or not. It's keeping your skin as a souvenir. Time doesn't stop for anyone. It just marches ruthlessly on. It says you're not going to qualify. You won't make",
Word,187.264,0.0799999999999983,default,default,,,,,,,187.344,the,15.0,You won't make the plane. ,english,15.0,1492.0,"That biscotti's delicious. I love the crunch. The texture's spot on. Really good. Gravity. It's totally self-centred. It wants to introduce your face to the floor, no matter who you are or what you look like. It breaks bones, hearts, and gives middle-aged men moods. Friction doesn't care. It's not here to make exceptions. You're going its way whether your lycra likes it or not. It's keeping your skin as a souvenir. Time doesn't stop for anyone. It just marches ruthlessly on. It says you're not going to qualify. You won't make the plane. Your pet's not coming back. You're not getting any younger. That force, that headwind, that 200-pound weight, that tennis ball headed straight for your face. That's a bit of magic. He's incredible for someone like that. He's so brave. She's doing so well considering. Considering what?. Of them give a flying toss. You are for what your backstory is. They would never say, he's amazing for someone in the wheelchair. That biscotti's delicious. I love the crunch. The texture's spot on. Really good. Gravity. It's totally self-centred. It wants to introduce your face to the floor, no matter who you are or what you look like. It breaks bones, hearts, and gives middle-aged men moods. Friction doesn't care. It's not here to make exceptions. You're going its way whether your lycra likes it or not. It's keeping your skin as a souvenir. Time doesn't stop for anyone. It just marches ruthlessly on. It says you're not going to qualify. You won't make the",
Word,187.38400000000001,0.4809999999999945,default,default,,,,,,,187.865,plane.,15.0,You won't make the plane. ,english,19.0,1496.0,"That biscotti's delicious. I love the crunch. The texture's spot on. Really good. Gravity. It's totally self-centred. It wants to introduce your face to the floor, no matter who you are or what you look like. It breaks bones, hearts, and gives middle-aged men moods. Friction doesn't care. It's not here to make exceptions. You're going its way whether your lycra likes it or not. It's keeping your skin as a souvenir. Time doesn't stop for anyone. It just marches ruthlessly on. It says you're not going to qualify. You won't make the plane. Your pet's not coming back. You're not getting any younger. That force, that headwind, that 200-pound weight, that tennis ball headed straight for your face. That's a bit of magic. He's incredible for someone like that. He's so brave. She's doing so well considering. Considering what?. Of them give a flying toss. You are for what your backstory is. They would never say, he's amazing for someone in the wheelchair. That biscotti's delicious. I love the crunch. The texture's spot on. Really good. Gravity. It's totally self-centred. It wants to introduce your face to the floor, no matter who you are or what you look like. It breaks bones, hearts, and gives middle-aged men moods. Friction doesn't care. It's not here to make exceptions. You're going its way whether your lycra likes it or not. It's keeping your skin as a souvenir. Time doesn't stop for anyone. It just marches ruthlessly on. It says you're not going to qualify. You won't make the plane.",
Sentence,189.065999,3.4630019999999937,default,default,,,,,,,192.529001,Your pet's not coming back. ,,,,,,,
Word,189.066,0.1400000000000005,default,default,,,,,,,189.206,Your,16.0,Your pet's not coming back. ,english,0.0,1503.0,"That biscotti's delicious. I love the crunch. The texture's spot on. Really good. Gravity. It's totally self-centred. It wants to introduce your face to the floor, no matter who you are or what you look like. It breaks bones, hearts, and gives middle-aged men moods. Friction doesn't care. It's not here to make exceptions. You're going its way whether your lycra likes it or not. It's keeping your skin as a souvenir. Time doesn't stop for anyone. It just marches ruthlessly on. It says you're not going to qualify. You won't make the plane. Your pet's not coming back. You're not getting any younger. That force, that headwind, that 200-pound weight, that tennis ball headed straight for your face. That's a bit of magic. He's incredible for someone like that. He's so brave. She's doing so well considering. Considering what?. Of them give a flying toss. You are for what your backstory is. They would never say, he's amazing for someone in the wheelchair. That biscotti's delicious. I love the crunch. The texture's spot on. Really good. Gravity. It's totally self-centred. It wants to introduce your face to the floor, no matter who you are or what you look like. It breaks bones, hearts, and gives middle-aged men moods. Friction doesn't care. It's not here to make exceptions. You're going its way whether your lycra likes it or not. It's keeping your skin as a souvenir. Time doesn't stop for anyone. It just marches ruthlessly on. It says you're not going to qualify. You won't make the plane. Your",
Word,189.24599999999998,0.3000000000000113,default,default,,,,,,,189.546,pet's,16.0,Your pet's not coming back. ,english,5.0,1508.0,"That biscotti's delicious. I love the crunch. The texture's spot on. Really good. Gravity. It's totally self-centred. It wants to introduce your face to the floor, no matter who you are or what you look like. It breaks bones, hearts, and gives middle-aged men moods. Friction doesn't care. It's not here to make exceptions. You're going its way whether your lycra likes it or not. It's keeping your skin as a souvenir. Time doesn't stop for anyone. It just marches ruthlessly on. It says you're not going to qualify. You won't make the plane. Your pet's not coming back. You're not getting any younger. That force, that headwind, that 200-pound weight, that tennis ball headed straight for your face. That's a bit of magic. He's incredible for someone like that. He's so brave. She's doing so well considering. Considering what?. Of them give a flying toss. You are for what your backstory is. They would never say, he's amazing for someone in the wheelchair. That biscotti's delicious. I love the crunch. The texture's spot on. Really good. Gravity. It's totally self-centred. It wants to introduce your face to the floor, no matter who you are or what you look like. It breaks bones, hearts, and gives middle-aged men moods. Friction doesn't care. It's not here to make exceptions. You're going its way whether your lycra likes it or not. It's keeping your skin as a souvenir. Time doesn't stop for anyone. It just marches ruthlessly on. It says you're not going to qualify. You won't make the plane. Your pet's",
Word,189.626,0.2209999999999894,default,default,,,,,,,189.84699999999998,not,16.0,Your pet's not coming back. ,english,11.0,1514.0,"That biscotti's delicious. I love the crunch. The texture's spot on. Really good. Gravity. It's totally self-centred. It wants to introduce your face to the floor, no matter who you are or what you look like. It breaks bones, hearts, and gives middle-aged men moods. Friction doesn't care. It's not here to make exceptions. You're going its way whether your lycra likes it or not. It's keeping your skin as a souvenir. Time doesn't stop for anyone. It just marches ruthlessly on. It says you're not going to qualify. You won't make the plane. Your pet's not coming back. You're not getting any younger. That force, that headwind, that 200-pound weight, that tennis ball headed straight for your face. That's a bit of magic. He's incredible for someone like that. He's so brave. She's doing so well considering. Considering what?. Of them give a flying toss. You are for what your backstory is. They would never say, he's amazing for someone in the wheelchair. That biscotti's delicious. I love the crunch. The texture's spot on. Really good. Gravity. It's totally self-centred. It wants to introduce your face to the floor, no matter who you are or what you look like. It breaks bones, hearts, and gives middle-aged men moods. Friction doesn't care. It's not here to make exceptions. You're going its way whether your lycra likes it or not. It's keeping your skin as a souvenir. Time doesn't stop for anyone. It just marches ruthlessly on. It says you're not going to qualify. You won't make the plane. Your pet's not",
Word,189.92700000000002,0.3199999999999932,default,default,,,,,,,190.247,coming,16.0,Your pet's not coming back. ,english,15.0,1518.0,"That biscotti's delicious. I love the crunch. The texture's spot on. Really good. Gravity. It's totally self-centred. It wants to introduce your face to the floor, no matter who you are or what you look like. It breaks bones, hearts, and gives middle-aged men moods. Friction doesn't care. It's not here to make exceptions. You're going its way whether your lycra likes it or not. It's keeping your skin as a souvenir. Time doesn't stop for anyone. It just marches ruthlessly on. It says you're not going to qualify. You won't make the plane. Your pet's not coming back. You're not getting any younger. That force, that headwind, that 200-pound weight, that tennis ball headed straight for your face. That's a bit of magic. He's incredible for someone like that. He's so brave. She's doing so well considering. Considering what?. Of them give a flying toss. You are for what your backstory is. They would never say, he's amazing for someone in the wheelchair. That biscotti's delicious. I love the crunch. The texture's spot on. Really good. Gravity. It's totally self-centred. It wants to introduce your face to the floor, no matter who you are or what you look like. It breaks bones, hearts, and gives middle-aged men moods. Friction doesn't care. It's not here to make exceptions. You're going its way whether your lycra likes it or not. It's keeping your skin as a souvenir. Time doesn't stop for anyone. It just marches ruthlessly on. It says you're not going to qualify. You won't make the plane. Your pet's not coming",
Word,190.30700000000002,2.221999999999994,default,default,,,,,,,192.529,back.,16.0,Your pet's not coming back. ,english,22.0,1525.0,"That biscotti's delicious. I love the crunch. The texture's spot on. Really good. Gravity. It's totally self-centred. It wants to introduce your face to the floor, no matter who you are or what you look like. It breaks bones, hearts, and gives middle-aged men moods. Friction doesn't care. It's not here to make exceptions. You're going its way whether your lycra likes it or not. It's keeping your skin as a souvenir. Time doesn't stop for anyone. It just marches ruthlessly on. It says you're not going to qualify. You won't make the plane. Your pet's not coming back. You're not getting any younger. That force, that headwind, that 200-pound weight, that tennis ball headed straight for your face. That's a bit of magic. He's incredible for someone like that. He's so brave. She's doing so well considering. Considering what?. Of them give a flying toss. You are for what your backstory is. They would never say, he's amazing for someone in the wheelchair. That biscotti's delicious. I love the crunch. The texture's spot on. Really good. Gravity. It's totally self-centred. It wants to introduce your face to the floor, no matter who you are or what you look like. It breaks bones, hearts, and gives middle-aged men moods. Friction doesn't care. It's not here to make exceptions. You're going its way whether your lycra likes it or not. It's keeping your skin as a souvenir. Time doesn't stop for anyone. It just marches ruthlessly on. It says you're not going to qualify. You won't make the plane. Your pet's not coming back.",
Sentence,192.548999,1.5820019999999937,default,default,,,,,,,194.131001,You're not getting any younger. ,,,,,,,
Word,192.549,0.1799999999999926,default,default,,,,,,,192.72899999999998,You're,17.0,You're not getting any younger. ,english,0.0,1531.0,"That biscotti's delicious. I love the crunch. The texture's spot on. Really good. Gravity. It's totally self-centred. It wants to introduce your face to the floor, no matter who you are or what you look like. It breaks bones, hearts, and gives middle-aged men moods. Friction doesn't care. It's not here to make exceptions. You're going its way whether your lycra likes it or not. It's keeping your skin as a souvenir. Time doesn't stop for anyone. It just marches ruthlessly on. It says you're not going to qualify. You won't make the plane. Your pet's not coming back. You're not getting any younger. That force, that headwind, that 200-pound weight, that tennis ball headed straight for your face. That's a bit of magic. He's incredible for someone like that. He's so brave. She's doing so well considering. Considering what?. Of them give a flying toss. You are for what your backstory is. They would never say, he's amazing for someone in the wheelchair. That biscotti's delicious. I love the crunch. The texture's spot on. Really good. Gravity. It's totally self-centred. It wants to introduce your face to the floor, no matter who you are or what you look like. It breaks bones, hearts, and gives middle-aged men moods. Friction doesn't care. It's not here to make exceptions. You're going its way whether your lycra likes it or not. It's keeping your skin as a souvenir. Time doesn't stop for anyone. It just marches ruthlessly on. It says you're not going to qualify. You won't make the plane. Your pet's not coming back. You're",
Word,192.749,0.1600000000000108,default,default,,,,,,,192.909,not,17.0,You're not getting any younger. ,english,7.0,1538.0,"That biscotti's delicious. I love the crunch. The texture's spot on. Really good. Gravity. It's totally self-centred. It wants to introduce your face to the floor, no matter who you are or what you look like. It breaks bones, hearts, and gives middle-aged men moods. Friction doesn't care. It's not here to make exceptions. You're going its way whether your lycra likes it or not. It's keeping your skin as a souvenir. Time doesn't stop for anyone. It just marches ruthlessly on. It says you're not going to qualify. You won't make the plane. Your pet's not coming back. You're not getting any younger. That force, that headwind, that 200-pound weight, that tennis ball headed straight for your face. That's a bit of magic. He's incredible for someone like that. He's so brave. She's doing so well considering. Considering what?. Of them give a flying toss. You are for what your backstory is. They would never say, he's amazing for someone in the wheelchair. That biscotti's delicious. I love the crunch. The texture's spot on. Really good. Gravity. It's totally self-centred. It wants to introduce your face to the floor, no matter who you are or what you look like. It breaks bones, hearts, and gives middle-aged men moods. Friction doesn't care. It's not here to make exceptions. You're going its way whether your lycra likes it or not. It's keeping your skin as a souvenir. Time doesn't stop for anyone. It just marches ruthlessly on. It says you're not going to qualify. You won't make the plane. Your pet's not coming back. You're not",
Word,192.99,0.3200000000000074,default,default,,,,,,,193.31,getting,17.0,You're not getting any younger. ,english,11.0,1542.0,"That biscotti's delicious. I love the crunch. The texture's spot on. Really good. Gravity. It's totally self-centred. It wants to introduce your face to the floor, no matter who you are or what you look like. It breaks bones, hearts, and gives middle-aged men moods. Friction doesn't care. It's not here to make exceptions. You're going its way whether your lycra likes it or not. It's keeping your skin as a souvenir. Time doesn't stop for anyone. It just marches ruthlessly on. It says you're not going to qualify. You won't make the plane. Your pet's not coming back. You're not getting any younger. That force, that headwind, that 200-pound weight, that tennis ball headed straight for your face. That's a bit of magic. He's incredible for someone like that. He's so brave. She's doing so well considering. Considering what?. Of them give a flying toss. You are for what your backstory is. They would never say, he's amazing for someone in the wheelchair. That biscotti's delicious. I love the crunch. The texture's spot on. Really good. Gravity. It's totally self-centred. It wants to introduce your face to the floor, no matter who you are or what you look like. It breaks bones, hearts, and gives middle-aged men moods. Friction doesn't care. It's not here to make exceptions. You're going its way whether your lycra likes it or not. It's keeping your skin as a souvenir. Time doesn't stop for anyone. It just marches ruthlessly on. It says you're not going to qualify. You won't make the plane. Your pet's not coming back. You're not getting",
Word,193.41,0.1599999999999966,default,default,,,,,,,193.57,any,17.0,You're not getting any younger. ,english,19.0,1550.0,"That biscotti's delicious. I love the crunch. The texture's spot on. Really good. Gravity. It's totally self-centred. It wants to introduce your face to the floor, no matter who you are or what you look like. It breaks bones, hearts, and gives middle-aged men moods. Friction doesn't care. It's not here to make exceptions. You're going its way whether your lycra likes it or not. It's keeping your skin as a souvenir. Time doesn't stop for anyone. It just marches ruthlessly on. It says you're not going to qualify. You won't make the plane. Your pet's not coming back. You're not getting any younger. That force, that headwind, that 200-pound weight, that tennis ball headed straight for your face. That's a bit of magic. He's incredible for someone like that. He's so brave. She's doing so well considering. Considering what?. Of them give a flying toss. You are for what your backstory is. They would never say, he's amazing for someone in the wheelchair. That biscotti's delicious. I love the crunch. The texture's spot on. Really good. Gravity. It's totally self-centred. It wants to introduce your face to the floor, no matter who you are or what you look like. It breaks bones, hearts, and gives middle-aged men moods. Friction doesn't care. It's not here to make exceptions. You're going its way whether your lycra likes it or not. It's keeping your skin as a souvenir. Time doesn't stop for anyone. It just marches ruthlessly on. It says you're not going to qualify. You won't make the plane. Your pet's not coming back. You're not getting any",
Word,193.63,0.5010000000000048,default,default,,,,,,,194.131,younger.,17.0,You're not getting any younger. ,english,23.0,1554.0,"That biscotti's delicious. I love the crunch. The texture's spot on. Really good. Gravity. It's totally self-centred. It wants to introduce your face to the floor, no matter who you are or what you look like. It breaks bones, hearts, and gives middle-aged men moods. Friction doesn't care. It's not here to make exceptions. You're going its way whether your lycra likes it or not. It's keeping your skin as a souvenir. Time doesn't stop for anyone. It just marches ruthlessly on. It says you're not going to qualify. You won't make the plane. Your pet's not coming back. You're not getting any younger. That force, that headwind, that 200-pound weight, that tennis ball headed straight for your face. That's a bit of magic. He's incredible for someone like that. He's so brave. She's doing so well considering. Considering what?. Of them give a flying toss. You are for what your backstory is. They would never say, he's amazing for someone in the wheelchair. That biscotti's delicious. I love the crunch. The texture's spot on. Really good. Gravity. It's totally self-centred. It wants to introduce your face to the floor, no matter who you are or what you look like. It breaks bones, hearts, and gives middle-aged men moods. Friction doesn't care. It's not here to make exceptions. You're going its way whether your lycra likes it or not. It's keeping your skin as a souvenir. Time doesn't stop for anyone. It just marches ruthlessly on. It says you're not going to qualify. You won't make the plane. Your pet's not coming back. You're not getting any younger.",
Sentence,199.042999,6.805001999999979,default,default,,,,,,,205.84800099999998,"That force, that headwind, that 200-pound weight, that tennis ball headed straight for your face. ",,,,,,,
Word,199.043,0.1799999999999926,default,default,,,,,,,199.223,That,18.0,"That force, that headwind, that 200-pound weight, that tennis ball headed straight for your face. ",english,0.0,1563.0,"That biscotti's delicious. I love the crunch. The texture's spot on. Really good. Gravity. It's totally self-centred. It wants to introduce your face to the floor, no matter who you are or what you look like. It breaks bones, hearts, and gives middle-aged men moods. Friction doesn't care. It's not here to make exceptions. You're going its way whether your lycra likes it or not. It's keeping your skin as a souvenir. Time doesn't stop for anyone. It just marches ruthlessly on. It says you're not going to qualify. You won't make the plane. Your pet's not coming back. You're not getting any younger. That force, that headwind, that 200-pound weight, that tennis ball headed straight for your face. That's a bit of magic. He's incredible for someone like that. He's so brave. She's doing so well considering. Considering what?. Of them give a flying toss. You are for what your backstory is. They would never say, he's amazing for someone in the wheelchair. That biscotti's delicious. I love the crunch. The texture's spot on. Really good. Gravity. It's totally self-centred. It wants to introduce your face to the floor, no matter who you are or what you look like. It breaks bones, hearts, and gives middle-aged men moods. Friction doesn't care. It's not here to make exceptions. You're going its way whether your lycra likes it or not. It's keeping your skin as a souvenir. Time doesn't stop for anyone. It just marches ruthlessly on. It says you're not going to qualify. You won't make the plane. Your pet's not coming back. You're not getting any younger. That",
Word,199.34300000000002,0.4209999999999922,default,default,,,,,,,199.764,"force,",18.0,"That force, that headwind, that 200-pound weight, that tennis ball headed straight for your face. ",english,5.0,1568.0,"That biscotti's delicious. I love the crunch. The texture's spot on. Really good. Gravity. It's totally self-centred. It wants to introduce your face to the floor, no matter who you are or what you look like. It breaks bones, hearts, and gives middle-aged men moods. Friction doesn't care. It's not here to make exceptions. You're going its way whether your lycra likes it or not. It's keeping your skin as a souvenir. Time doesn't stop for anyone. It just marches ruthlessly on. It says you're not going to qualify. You won't make the plane. Your pet's not coming back. You're not getting any younger. That force, that headwind, that 200-pound weight, that tennis ball headed straight for your face. That's a bit of magic. He's incredible for someone like that. He's so brave. She's doing so well considering. Considering what?. Of them give a flying toss. You are for what your backstory is. They would never say, he's amazing for someone in the wheelchair. That biscotti's delicious. I love the crunch. The texture's spot on. Really good. Gravity. It's totally self-centred. It wants to introduce your face to the floor, no matter who you are or what you look like. It breaks bones, hearts, and gives middle-aged men moods. Friction doesn't care. It's not here to make exceptions. You're going its way whether your lycra likes it or not. It's keeping your skin as a souvenir. Time doesn't stop for anyone. It just marches ruthlessly on. It says you're not going to qualify. You won't make the plane. Your pet's not coming back. You're not getting any younger. That force,",
Word,200.244,0.2199999999999988,default,default,,,,,,,200.464,that,18.0,"That force, that headwind, that 200-pound weight, that tennis ball headed straight for your face. ",english,12.0,1575.0,"That biscotti's delicious. I love the crunch. The texture's spot on. Really good. Gravity. It's totally self-centred. It wants to introduce your face to the floor, no matter who you are or what you look like. It breaks bones, hearts, and gives middle-aged men moods. Friction doesn't care. It's not here to make exceptions. You're going its way whether your lycra likes it or not. It's keeping your skin as a souvenir. Time doesn't stop for anyone. It just marches ruthlessly on. It says you're not going to qualify. You won't make the plane. Your pet's not coming back. You're not getting any younger. That force, that headwind, that 200-pound weight, that tennis ball headed straight for your face. That's a bit of magic. He's incredible for someone like that. He's so brave. She's doing so well considering. Considering what?. Of them give a flying toss. You are for what your backstory is. They would never say, he's amazing for someone in the wheelchair. That biscotti's delicious. I love the crunch. The texture's spot on. Really good. Gravity. It's totally self-centred. It wants to introduce your face to the floor, no matter who you are or what you look like. It breaks bones, hearts, and gives middle-aged men moods. Friction doesn't care. It's not here to make exceptions. You're going its way whether your lycra likes it or not. It's keeping your skin as a souvenir. Time doesn't stop for anyone. It just marches ruthlessly on. It says you're not going to qualify. You won't make the plane. Your pet's not coming back. You're not getting any younger. That force, that",
Word,200.564,0.9010000000000103,default,default,,,,,,,201.465,"headwind,",18.0,"That force, that headwind, that 200-pound weight, that tennis ball headed straight for your face. ",english,17.0,1580.0,"That biscotti's delicious. I love the crunch. The texture's spot on. Really good. Gravity. It's totally self-centred. It wants to introduce your face to the floor, no matter who you are or what you look like. It breaks bones, hearts, and gives middle-aged men moods. Friction doesn't care. It's not here to make exceptions. You're going its way whether your lycra likes it or not. It's keeping your skin as a souvenir. Time doesn't stop for anyone. It just marches ruthlessly on. It says you're not going to qualify. You won't make the plane. Your pet's not coming back. You're not getting any younger. That force, that headwind, that 200-pound weight, that tennis ball headed straight for your face. That's a bit of magic. He's incredible for someone like that. He's so brave. She's doing so well considering. Considering what?. Of them give a flying toss. You are for what your backstory is. They would never say, he's amazing for someone in the wheelchair. That biscotti's delicious. I love the crunch. The texture's spot on. Really good. Gravity. It's totally self-centred. It wants to introduce your face to the floor, no matter who you are or what you look like. It breaks bones, hearts, and gives middle-aged men moods. Friction doesn't care. It's not here to make exceptions. You're going its way whether your lycra likes it or not. It's keeping your skin as a souvenir. Time doesn't stop for anyone. It just marches ruthlessly on. It says you're not going to qualify. You won't make the plane. Your pet's not coming back. You're not getting any younger. That force, that headwind,",
Word,201.485,0.2800000000000011,default,default,,,,,,,201.76500000000001,that,18.0,"That force, that headwind, that 200-pound weight, that tennis ball headed straight for your face. ",english,27.0,1590.0,"That biscotti's delicious. I love the crunch. The texture's spot on. Really good. Gravity. It's totally self-centred. It wants to introduce your face to the floor, no matter who you are or what you look like. It breaks bones, hearts, and gives middle-aged men moods. Friction doesn't care. It's not here to make exceptions. You're going its way whether your lycra likes it or not. It's keeping your skin as a souvenir. Time doesn't stop for anyone. It just marches ruthlessly on. It says you're not going to qualify. You won't make the plane. Your pet's not coming back. You're not getting any younger. That force, that headwind, that 200-pound weight, that tennis ball headed straight for your face. That's a bit of magic. He's incredible for someone like that. He's so brave. She's doing so well considering. Considering what?. Of them give a flying toss. You are for what your backstory is. They would never say, he's amazing for someone in the wheelchair. That biscotti's delicious. I love the crunch. The texture's spot on. Really good. Gravity. It's totally self-centred. It wants to introduce your face to the floor, no matter who you are or what you look like. It breaks bones, hearts, and gives middle-aged men moods. Friction doesn't care. It's not here to make exceptions. You're going its way whether your lycra likes it or not. It's keeping your skin as a souvenir. Time doesn't stop for anyone. It just marches ruthlessly on. It says you're not going to qualify. You won't make the plane. Your pet's not coming back. You're not getting any younger. That force, that headwind, that",
Word,201.885,0.7609999999999957,default,default,,,,,,,202.646,200-pound,18.0,"That force, that headwind, that 200-pound weight, that tennis ball headed straight for your face. ",english,32.0,1595.0,"That biscotti's delicious. I love the crunch. The texture's spot on. Really good. Gravity. It's totally self-centred. It wants to introduce your face to the floor, no matter who you are or what you look like. It breaks bones, hearts, and gives middle-aged men moods. Friction doesn't care. It's not here to make exceptions. You're going its way whether your lycra likes it or not. It's keeping your skin as a souvenir. Time doesn't stop for anyone. It just marches ruthlessly on. It says you're not going to qualify. You won't make the plane. Your pet's not coming back. You're not getting any younger. That force, that headwind, that 200-pound weight, that tennis ball headed straight for your face. That's a bit of magic. He's incredible for someone like that. He's so brave. She's doing so well considering. Considering what?. Of them give a flying toss. You are for what your backstory is. They would never say, he's amazing for someone in the wheelchair. That biscotti's delicious. I love the crunch. The texture's spot on. Really good. Gravity. It's totally self-centred. It wants to introduce your face to the floor, no matter who you are or what you look like. It breaks bones, hearts, and gives middle-aged men moods. Friction doesn't care. It's not here to make exceptions. You're going its way whether your lycra likes it or not. It's keeping your skin as a souvenir. Time doesn't stop for anyone. It just marches ruthlessly on. It says you're not going to qualify. You won't make the plane. Your pet's not coming back. You're not getting any younger. That force, that headwind, that 200-pound",
Word,202.686,0.3399999999999892,default,default,,,,,,,203.026,"weight,",18.0,"That force, that headwind, that 200-pound weight, that tennis ball headed straight for your face. ",english,42.0,1605.0,"That biscotti's delicious. I love the crunch. The texture's spot on. Really good. Gravity. It's totally self-centred. It wants to introduce your face to the floor, no matter who you are or what you look like. It breaks bones, hearts, and gives middle-aged men moods. Friction doesn't care. It's not here to make exceptions. You're going its way whether your lycra likes it or not. It's keeping your skin as a souvenir. Time doesn't stop for anyone. It just marches ruthlessly on. It says you're not going to qualify. You won't make the plane. Your pet's not coming back. You're not getting any younger. That force, that headwind, that 200-pound weight, that tennis ball headed straight for your face. That's a bit of magic. He's incredible for someone like that. He's so brave. She's doing so well considering. Considering what?. Of them give a flying toss. You are for what your backstory is. They would never say, he's amazing for someone in the wheelchair. That biscotti's delicious. I love the crunch. The texture's spot on. Really good. Gravity. It's totally self-centred. It wants to introduce your face to the floor, no matter who you are or what you look like. It breaks bones, hearts, and gives middle-aged men moods. Friction doesn't care. It's not here to make exceptions. You're going its way whether your lycra likes it or not. It's keeping your skin as a souvenir. Time doesn't stop for anyone. It just marches ruthlessly on. It says you're not going to qualify. You won't make the plane. Your pet's not coming back. You're not getting any younger. That force, that headwind, that 200-pound weight,",
Word,203.526,0.2409999999999996,default,default,,,,,,,203.767,that,18.0,"That force, that headwind, that 200-pound weight, that tennis ball headed straight for your face. ",english,50.0,1613.0,"That biscotti's delicious. I love the crunch. The texture's spot on. Really good. Gravity. It's totally self-centred. It wants to introduce your face to the floor, no matter who you are or what you look like. It breaks bones, hearts, and gives middle-aged men moods. Friction doesn't care. It's not here to make exceptions. You're going its way whether your lycra likes it or not. It's keeping your skin as a souvenir. Time doesn't stop for anyone. It just marches ruthlessly on. It says you're not going to qualify. You won't make the plane. Your pet's not coming back. You're not getting any younger. That force, that headwind, that 200-pound weight, that tennis ball headed straight for your face. That's a bit of magic. He's incredible for someone like that. He's so brave. She's doing so well considering. Considering what?. Of them give a flying toss. You are for what your backstory is. They would never say, he's amazing for someone in the wheelchair. That biscotti's delicious. I love the crunch. The texture's spot on. Really good. Gravity. It's totally self-centred. It wants to introduce your face to the floor, no matter who you are or what you look like. It breaks bones, hearts, and gives middle-aged men moods. Friction doesn't care. It's not here to make exceptions. You're going its way whether your lycra likes it or not. It's keeping your skin as a souvenir. Time doesn't stop for anyone. It just marches ruthlessly on. It says you're not going to qualify. You won't make the plane. Your pet's not coming back. You're not getting any younger. That force, that headwind, that 200-pound weight, that",
Word,203.827,0.4000000000000057,default,default,,,,,,,204.227,tennis,18.0,"That force, that headwind, that 200-pound weight, that tennis ball headed straight for your face. ",english,55.0,1618.0,"That biscotti's delicious. I love the crunch. The texture's spot on. Really good. Gravity. It's totally self-centred. It wants to introduce your face to the floor, no matter who you are or what you look like. It breaks bones, hearts, and gives middle-aged men moods. Friction doesn't care. It's not here to make exceptions. You're going its way whether your lycra likes it or not. It's keeping your skin as a souvenir. Time doesn't stop for anyone. It just marches ruthlessly on. It says you're not going to qualify. You won't make the plane. Your pet's not coming back. You're not getting any younger. That force, that headwind, that 200-pound weight, that tennis ball headed straight for your face. That's a bit of magic. He's incredible for someone like that. He's so brave. She's doing so well considering. Considering what?. Of them give a flying toss. You are for what your backstory is. They would never say, he's amazing for someone in the wheelchair. That biscotti's delicious. I love the crunch. The texture's spot on. Really good. Gravity. It's totally self-centred. It wants to introduce your face to the floor, no matter who you are or what you look like. It breaks bones, hearts, and gives middle-aged men moods. Friction doesn't care. It's not here to make exceptions. You're going its way whether your lycra likes it or not. It's keeping your skin as a souvenir. Time doesn't stop for anyone. It just marches ruthlessly on. It says you're not going to qualify. You won't make the plane. Your pet's not coming back. You're not getting any younger. That force, that headwind, that 200-pound weight, that tennis",
Word,204.287,0.2799999999999869,default,default,,,,,,,204.567,ball,18.0,"That force, that headwind, that 200-pound weight, that tennis ball headed straight for your face. ",english,62.0,1625.0,"That biscotti's delicious. I love the crunch. The texture's spot on. Really good. Gravity. It's totally self-centred. It wants to introduce your face to the floor, no matter who you are or what you look like. It breaks bones, hearts, and gives middle-aged men moods. Friction doesn't care. It's not here to make exceptions. You're going its way whether your lycra likes it or not. It's keeping your skin as a souvenir. Time doesn't stop for anyone. It just marches ruthlessly on. It says you're not going to qualify. You won't make the plane. Your pet's not coming back. You're not getting any younger. That force, that headwind, that 200-pound weight, that tennis ball headed straight for your face. That's a bit of magic. He's incredible for someone like that. He's so brave. She's doing so well considering. Considering what?. Of them give a flying toss. You are for what your backstory is. They would never say, he's amazing for someone in the wheelchair. That biscotti's delicious. I love the crunch. The texture's spot on. Really good. Gravity. It's totally self-centred. It wants to introduce your face to the floor, no matter who you are or what you look like. It breaks bones, hearts, and gives middle-aged men moods. Friction doesn't care. It's not here to make exceptions. You're going its way whether your lycra likes it or not. It's keeping your skin as a souvenir. Time doesn't stop for anyone. It just marches ruthlessly on. It says you're not going to qualify. You won't make the plane. Your pet's not coming back. You're not getting any younger. That force, that headwind, that 200-pound weight, that tennis ball",
Word,204.607,0.3400000000000034,default,default,,,,,,,204.947,headed,18.0,"That force, that headwind, that 200-pound weight, that tennis ball headed straight for your face. ",english,67.0,1630.0,"That biscotti's delicious. I love the crunch. The texture's spot on. Really good. Gravity. It's totally self-centred. It wants to introduce your face to the floor, no matter who you are or what you look like. It breaks bones, hearts, and gives middle-aged men moods. Friction doesn't care. It's not here to make exceptions. You're going its way whether your lycra likes it or not. It's keeping your skin as a souvenir. Time doesn't stop for anyone. It just marches ruthlessly on. It says you're not going to qualify. You won't make the plane. Your pet's not coming back. You're not getting any younger. That force, that headwind, that 200-pound weight, that tennis ball headed straight for your face. That's a bit of magic. He's incredible for someone like that. He's so brave. She's doing so well considering. Considering what?. Of them give a flying toss. You are for what your backstory is. They would never say, he's amazing for someone in the wheelchair. That biscotti's delicious. I love the crunch. The texture's spot on. Really good. Gravity. It's totally self-centred. It wants to introduce your face to the floor, no matter who you are or what you look like. It breaks bones, hearts, and gives middle-aged men moods. Friction doesn't care. It's not here to make exceptions. You're going its way whether your lycra likes it or not. It's keeping your skin as a souvenir. Time doesn't stop for anyone. It just marches ruthlessly on. It says you're not going to qualify. You won't make the plane. Your pet's not coming back. You're not getting any younger. That force, that headwind, that 200-pound weight, that tennis ball headed",
Word,205.00799999999998,0.3599999999999994,default,default,,,,,,,205.36799999999997,straight,18.0,"That force, that headwind, that 200-pound weight, that tennis ball headed straight for your face. ",english,74.0,1637.0,"That biscotti's delicious. I love the crunch. The texture's spot on. Really good. Gravity. It's totally self-centred. It wants to introduce your face to the floor, no matter who you are or what you look like. It breaks bones, hearts, and gives middle-aged men moods. Friction doesn't care. It's not here to make exceptions. You're going its way whether your lycra likes it or not. It's keeping your skin as a souvenir. Time doesn't stop for anyone. It just marches ruthlessly on. It says you're not going to qualify. You won't make the plane. Your pet's not coming back. You're not getting any younger. That force, that headwind, that 200-pound weight, that tennis ball headed straight for your face. That's a bit of magic. He's incredible for someone like that. He's so brave. She's doing so well considering. Considering what?. Of them give a flying toss. You are for what your backstory is. They would never say, he's amazing for someone in the wheelchair. That biscotti's delicious. I love the crunch. The texture's spot on. Really good. Gravity. It's totally self-centred. It wants to introduce your face to the floor, no matter who you are or what you look like. It breaks bones, hearts, and gives middle-aged men moods. Friction doesn't care. It's not here to make exceptions. You're going its way whether your lycra likes it or not. It's keeping your skin as a souvenir. Time doesn't stop for anyone. It just marches ruthlessly on. It says you're not going to qualify. You won't make the plane. Your pet's not coming back. You're not getting any younger. That force, that headwind, that 200-pound weight, that tennis ball headed straight",
Word,205.428,0.1800000000000068,default,default,,,,,,,205.608,for,18.0,"That force, that headwind, that 200-pound weight, that tennis ball headed straight for your face. ",english,83.0,1646.0,"That biscotti's delicious. I love the crunch. The texture's spot on. Really good. Gravity. It's totally self-centred. It wants to introduce your face to the floor, no matter who you are or what you look like. It breaks bones, hearts, and gives middle-aged men moods. Friction doesn't care. It's not here to make exceptions. You're going its way whether your lycra likes it or not. It's keeping your skin as a souvenir. Time doesn't stop for anyone. It just marches ruthlessly on. It says you're not going to qualify. You won't make the plane. Your pet's not coming back. You're not getting any younger. That force, that headwind, that 200-pound weight, that tennis ball headed straight for your face. That's a bit of magic. He's incredible for someone like that. He's so brave. She's doing so well considering. Considering what?. Of them give a flying toss. You are for what your backstory is. They would never say, he's amazing for someone in the wheelchair. That biscotti's delicious. I love the crunch. The texture's spot on. Really good. Gravity. It's totally self-centred. It wants to introduce your face to the floor, no matter who you are or what you look like. It breaks bones, hearts, and gives middle-aged men moods. Friction doesn't care. It's not here to make exceptions. You're going its way whether your lycra likes it or not. It's keeping your skin as a souvenir. Time doesn't stop for anyone. It just marches ruthlessly on. It says you're not going to qualify. You won't make the plane. Your pet's not coming back. You're not getting any younger. That force, that headwind, that 200-pound weight, that tennis ball headed straight for",
Word,205.628,0.0999999999999943,default,default,,,,,,,205.72799999999998,your,18.0,"That force, that headwind, that 200-pound weight, that tennis ball headed straight for your face. ",english,87.0,1650.0,"That biscotti's delicious. I love the crunch. The texture's spot on. Really good. Gravity. It's totally self-centred. It wants to introduce your face to the floor, no matter who you are or what you look like. It breaks bones, hearts, and gives middle-aged men moods. Friction doesn't care. It's not here to make exceptions. You're going its way whether your lycra likes it or not. It's keeping your skin as a souvenir. Time doesn't stop for anyone. It just marches ruthlessly on. It says you're not going to qualify. You won't make the plane. Your pet's not coming back. You're not getting any younger. That force, that headwind, that 200-pound weight, that tennis ball headed straight for your face. That's a bit of magic. He's incredible for someone like that. He's so brave. She's doing so well considering. Considering what?. Of them give a flying toss. You are for what your backstory is. They would never say, he's amazing for someone in the wheelchair. That biscotti's delicious. I love the crunch. The texture's spot on. Really good. Gravity. It's totally self-centred. It wants to introduce your face to the floor, no matter who you are or what you look like. It breaks bones, hearts, and gives middle-aged men moods. Friction doesn't care. It's not here to make exceptions. You're going its way whether your lycra likes it or not. It's keeping your skin as a souvenir. Time doesn't stop for anyone. It just marches ruthlessly on. It says you're not going to qualify. You won't make the plane. Your pet's not coming back. You're not getting any younger. That force, that headwind, that 200-pound weight, that tennis ball headed straight for your",
Word,205.748,0.0999999999999943,default,default,,,,,,,205.84799999999998,face.,18.0,"That force, that headwind, that 200-pound weight, that tennis ball headed straight for your face. ",english,92.0,1655.0,"That biscotti's delicious. I love the crunch. The texture's spot on. Really good. Gravity. It's totally self-centred. It wants to introduce your face to the floor, no matter who you are or what you look like. It breaks bones, hearts, and gives middle-aged men moods. Friction doesn't care. It's not here to make exceptions. You're going its way whether your lycra likes it or not. It's keeping your skin as a souvenir. Time doesn't stop for anyone. It just marches ruthlessly on. It says you're not going to qualify. You won't make the plane. Your pet's not coming back. You're not getting any younger. That force, that headwind, that 200-pound weight, that tennis ball headed straight for your face. That's a bit of magic. He's incredible for someone like that. He's so brave. She's doing so well considering. Considering what?. Of them give a flying toss. You are for what your backstory is. They would never say, he's amazing for someone in the wheelchair. That biscotti's delicious. I love the crunch. The texture's spot on. Really good. Gravity. It's totally self-centred. It wants to introduce your face to the floor, no matter who you are or what you look like. It breaks bones, hearts, and gives middle-aged men moods. Friction doesn't care. It's not here to make exceptions. You're going its way whether your lycra likes it or not. It's keeping your skin as a souvenir. Time doesn't stop for anyone. It just marches ruthlessly on. It says you're not going to qualify. You won't make the plane. Your pet's not coming back. You're not getting any younger. That force, that headwind, that 200-pound weight, that tennis ball headed straight for your face.",
Sentence,205.927999,1.882002000000005,default,default,,,,,,,207.810001,That's a bit of magic. ,,,,,,,
Word,205.928,0.2999999999999971,default,default,,,,,,,206.22799999999998,That's,19.0,That's a bit of magic. ,english,0.0,1661.0,"That biscotti's delicious. I love the crunch. The texture's spot on. Really good. Gravity. It's totally self-centred. It wants to introduce your face to the floor, no matter who you are or what you look like. It breaks bones, hearts, and gives middle-aged men moods. Friction doesn't care. It's not here to make exceptions. You're going its way whether your lycra likes it or not. It's keeping your skin as a souvenir. Time doesn't stop for anyone. It just marches ruthlessly on. It says you're not going to qualify. You won't make the plane. Your pet's not coming back. You're not getting any younger. That force, that headwind, that 200-pound weight, that tennis ball headed straight for your face. That's a bit of magic. He's incredible for someone like that. He's so brave. She's doing so well considering. Considering what?. Of them give a flying toss. You are for what your backstory is. They would never say, he's amazing for someone in the wheelchair. That biscotti's delicious. I love the crunch. The texture's spot on. Really good. Gravity. It's totally self-centred. It wants to introduce your face to the floor, no matter who you are or what you look like. It breaks bones, hearts, and gives middle-aged men moods. Friction doesn't care. It's not here to make exceptions. You're going its way whether your lycra likes it or not. It's keeping your skin as a souvenir. Time doesn't stop for anyone. It just marches ruthlessly on. It says you're not going to qualify. You won't make the plane. Your pet's not coming back. You're not getting any younger. That force, that headwind, that 200-pound weight, that tennis ball headed straight for your face. That's",
Word,206.248,0.019999999999996,default,default,,,,,,,206.26799999999997,a,19.0,That's a bit of magic. ,english,7.0,1668.0,"That biscotti's delicious. I love the crunch. The texture's spot on. Really good. Gravity. It's totally self-centred. It wants to introduce your face to the floor, no matter who you are or what you look like. It breaks bones, hearts, and gives middle-aged men moods. Friction doesn't care. It's not here to make exceptions. You're going its way whether your lycra likes it or not. It's keeping your skin as a souvenir. Time doesn't stop for anyone. It just marches ruthlessly on. It says you're not going to qualify. You won't make the plane. Your pet's not coming back. You're not getting any younger. That force, that headwind, that 200-pound weight, that tennis ball headed straight for your face. That's a bit of magic. He's incredible for someone like that. He's so brave. She's doing so well considering. Considering what?. Of them give a flying toss. You are for what your backstory is. They would never say, he's amazing for someone in the wheelchair. That biscotti's delicious. I love the crunch. The texture's spot on. Really good. Gravity. It's totally self-centred. It wants to introduce your face to the floor, no matter who you are or what you look like. It breaks bones, hearts, and gives middle-aged men moods. Friction doesn't care. It's not here to make exceptions. You're going its way whether your lycra likes it or not. It's keeping your skin as a souvenir. Time doesn't stop for anyone. It just marches ruthlessly on. It says you're not going to qualify. You won't make the plane. Your pet's not coming back. You're not getting any younger. That force, that headwind, that 200-pound weight, that tennis ball headed straight for your face. That's a",
Word,207.12900000000002,0.1999999999999886,default,default,,,,,,,207.329,bit,19.0,That's a bit of magic. ,english,9.0,1670.0,"That biscotti's delicious. I love the crunch. The texture's spot on. Really good. Gravity. It's totally self-centred. It wants to introduce your face to the floor, no matter who you are or what you look like. It breaks bones, hearts, and gives middle-aged men moods. Friction doesn't care. It's not here to make exceptions. You're going its way whether your lycra likes it or not. It's keeping your skin as a souvenir. Time doesn't stop for anyone. It just marches ruthlessly on. It says you're not going to qualify. You won't make the plane. Your pet's not coming back. You're not getting any younger. That force, that headwind, that 200-pound weight, that tennis ball headed straight for your face. That's a bit of magic. He's incredible for someone like that. He's so brave. She's doing so well considering. Considering what?. Of them give a flying toss. You are for what your backstory is. They would never say, he's amazing for someone in the wheelchair. That biscotti's delicious. I love the crunch. The texture's spot on. Really good. Gravity. It's totally self-centred. It wants to introduce your face to the floor, no matter who you are or what you look like. It breaks bones, hearts, and gives middle-aged men moods. Friction doesn't care. It's not here to make exceptions. You're going its way whether your lycra likes it or not. It's keeping your skin as a souvenir. Time doesn't stop for anyone. It just marches ruthlessly on. It says you're not going to qualify. You won't make the plane. Your pet's not coming back. You're not getting any younger. That force, that headwind, that 200-pound weight, that tennis ball headed straight for your face. That's a bit",
Word,207.389,0.0799999999999983,default,default,,,,,,,207.469,of,19.0,That's a bit of magic. ,english,13.0,1674.0,"That biscotti's delicious. I love the crunch. The texture's spot on. Really good. Gravity. It's totally self-centred. It wants to introduce your face to the floor, no matter who you are or what you look like. It breaks bones, hearts, and gives middle-aged men moods. Friction doesn't care. It's not here to make exceptions. You're going its way whether your lycra likes it or not. It's keeping your skin as a souvenir. Time doesn't stop for anyone. It just marches ruthlessly on. It says you're not going to qualify. You won't make the plane. Your pet's not coming back. You're not getting any younger. That force, that headwind, that 200-pound weight, that tennis ball headed straight for your face. That's a bit of magic. He's incredible for someone like that. He's so brave. She's doing so well considering. Considering what?. Of them give a flying toss. You are for what your backstory is. They would never say, he's amazing for someone in the wheelchair. That biscotti's delicious. I love the crunch. The texture's spot on. Really good. Gravity. It's totally self-centred. It wants to introduce your face to the floor, no matter who you are or what you look like. It breaks bones, hearts, and gives middle-aged men moods. Friction doesn't care. It's not here to make exceptions. You're going its way whether your lycra likes it or not. It's keeping your skin as a souvenir. Time doesn't stop for anyone. It just marches ruthlessly on. It says you're not going to qualify. You won't make the plane. Your pet's not coming back. You're not getting any younger. That force, that headwind, that 200-pound weight, that tennis ball headed straight for your face. That's a bit of",
Word,207.489,0.3209999999999979,default,default,,,,,,,207.81,magic.,19.0,That's a bit of magic. ,english,16.0,1677.0,"That biscotti's delicious. I love the crunch. The texture's spot on. Really good. Gravity. It's totally self-centred. It wants to introduce your face to the floor, no matter who you are or what you look like. It breaks bones, hearts, and gives middle-aged men moods. Friction doesn't care. It's not here to make exceptions. You're going its way whether your lycra likes it or not. It's keeping your skin as a souvenir. Time doesn't stop for anyone. It just marches ruthlessly on. It says you're not going to qualify. You won't make the plane. Your pet's not coming back. You're not getting any younger. That force, that headwind, that 200-pound weight, that tennis ball headed straight for your face. That's a bit of magic. He's incredible for someone like that. He's so brave. She's doing so well considering. Considering what?. Of them give a flying toss. You are for what your backstory is. They would never say, he's amazing for someone in the wheelchair. That biscotti's delicious. I love the crunch. The texture's spot on. Really good. Gravity. It's totally self-centred. It wants to introduce your face to the floor, no matter who you are or what you look like. It breaks bones, hearts, and gives middle-aged men moods. Friction doesn't care. It's not here to make exceptions. You're going its way whether your lycra likes it or not. It's keeping your skin as a souvenir. Time doesn't stop for anyone. It just marches ruthlessly on. It says you're not going to qualify. You won't make the plane. Your pet's not coming back. You're not getting any younger. That force, that headwind, that 200-pound weight, that tennis ball headed straight for your face. That's a bit of magic.",
Sentence,208.329999,1.86100199999999,default,default,,,,,,,210.19100099999997,He's incredible for someone like that. ,,,,,,,
Word,208.32999999999998,0.2000000000000028,default,default,,,,,,,208.52999999999997,He's,20.0,He's incredible for someone like that. ,english,0.0,1684.0,"That biscotti's delicious. I love the crunch. The texture's spot on. Really good. Gravity. It's totally self-centred. It wants to introduce your face to the floor, no matter who you are or what you look like. It breaks bones, hearts, and gives middle-aged men moods. Friction doesn't care. It's not here to make exceptions. You're going its way whether your lycra likes it or not. It's keeping your skin as a souvenir. Time doesn't stop for anyone. It just marches ruthlessly on. It says you're not going to qualify. You won't make the plane. Your pet's not coming back. You're not getting any younger. That force, that headwind, that 200-pound weight, that tennis ball headed straight for your face. That's a bit of magic. He's incredible for someone like that. He's so brave. She's doing so well considering. Considering what?. Of them give a flying toss. You are for what your backstory is. They would never say, he's amazing for someone in the wheelchair. That biscotti's delicious. I love the crunch. The texture's spot on. Really good. Gravity. It's totally self-centred. It wants to introduce your face to the floor, no matter who you are or what you look like. It breaks bones, hearts, and gives middle-aged men moods. Friction doesn't care. It's not here to make exceptions. You're going its way whether your lycra likes it or not. It's keeping your skin as a souvenir. Time doesn't stop for anyone. It just marches ruthlessly on. It says you're not going to qualify. You won't make the plane. Your pet's not coming back. You're not getting any younger. That force, that headwind, that 200-pound weight, that tennis ball headed straight for your face. That's a bit of magic. He's",
Word,208.59,0.6610000000000014,default,default,,,,,,,209.251,incredible,20.0,He's incredible for someone like that. ,english,5.0,1689.0,"That biscotti's delicious. I love the crunch. The texture's spot on. Really good. Gravity. It's totally self-centred. It wants to introduce your face to the floor, no matter who you are or what you look like. It breaks bones, hearts, and gives middle-aged men moods. Friction doesn't care. It's not here to make exceptions. You're going its way whether your lycra likes it or not. It's keeping your skin as a souvenir. Time doesn't stop for anyone. It just marches ruthlessly on. It says you're not going to qualify. You won't make the plane. Your pet's not coming back. You're not getting any younger. That force, that headwind, that 200-pound weight, that tennis ball headed straight for your face. That's a bit of magic. He's incredible for someone like that. He's so brave. She's doing so well considering. Considering what?. Of them give a flying toss. You are for what your backstory is. They would never say, he's amazing for someone in the wheelchair. That biscotti's delicious. I love the crunch. The texture's spot on. Really good. Gravity. It's totally self-centred. It wants to introduce your face to the floor, no matter who you are or what you look like. It breaks bones, hearts, and gives middle-aged men moods. Friction doesn't care. It's not here to make exceptions. You're going its way whether your lycra likes it or not. It's keeping your skin as a souvenir. Time doesn't stop for anyone. It just marches ruthlessly on. It says you're not going to qualify. You won't make the plane. Your pet's not coming back. You're not getting any younger. That force, that headwind, that 200-pound weight, that tennis ball headed straight for your face. That's a bit of magic. He's incredible",
Word,209.291,0.1200000000000045,default,default,,,,,,,209.411,for,20.0,He's incredible for someone like that. ,english,16.0,1700.0,"That biscotti's delicious. I love the crunch. The texture's spot on. Really good. Gravity. It's totally self-centred. It wants to introduce your face to the floor, no matter who you are or what you look like. It breaks bones, hearts, and gives middle-aged men moods. Friction doesn't care. It's not here to make exceptions. You're going its way whether your lycra likes it or not. It's keeping your skin as a souvenir. Time doesn't stop for anyone. It just marches ruthlessly on. It says you're not going to qualify. You won't make the plane. Your pet's not coming back. You're not getting any younger. That force, that headwind, that 200-pound weight, that tennis ball headed straight for your face. That's a bit of magic. He's incredible for someone like that. He's so brave. She's doing so well considering. Considering what?. Of them give a flying toss. You are for what your backstory is. They would never say, he's amazing for someone in the wheelchair. That biscotti's delicious. I love the crunch. The texture's spot on. Really good. Gravity. It's totally self-centred. It wants to introduce your face to the floor, no matter who you are or what you look like. It breaks bones, hearts, and gives middle-aged men moods. Friction doesn't care. It's not here to make exceptions. You're going its way whether your lycra likes it or not. It's keeping your skin as a souvenir. Time doesn't stop for anyone. It just marches ruthlessly on. It says you're not going to qualify. You won't make the plane. Your pet's not coming back. You're not getting any younger. That force, that headwind, that 200-pound weight, that tennis ball headed straight for your face. That's a bit of magic. He's incredible for",
Word,209.451,0.3000000000000113,default,default,,,,,,,209.751,someone,20.0,He's incredible for someone like that. ,english,20.0,1704.0,"That biscotti's delicious. I love the crunch. The texture's spot on. Really good. Gravity. It's totally self-centred. It wants to introduce your face to the floor, no matter who you are or what you look like. It breaks bones, hearts, and gives middle-aged men moods. Friction doesn't care. It's not here to make exceptions. You're going its way whether your lycra likes it or not. It's keeping your skin as a souvenir. Time doesn't stop for anyone. It just marches ruthlessly on. It says you're not going to qualify. You won't make the plane. Your pet's not coming back. You're not getting any younger. That force, that headwind, that 200-pound weight, that tennis ball headed straight for your face. That's a bit of magic. He's incredible for someone like that. He's so brave. She's doing so well considering. Considering what?. Of them give a flying toss. You are for what your backstory is. They would never say, he's amazing for someone in the wheelchair. That biscotti's delicious. I love the crunch. The texture's spot on. Really good. Gravity. It's totally self-centred. It wants to introduce your face to the floor, no matter who you are or what you look like. It breaks bones, hearts, and gives middle-aged men moods. Friction doesn't care. It's not here to make exceptions. You're going its way whether your lycra likes it or not. It's keeping your skin as a souvenir. Time doesn't stop for anyone. It just marches ruthlessly on. It says you're not going to qualify. You won't make the plane. Your pet's not coming back. You're not getting any younger. That force, that headwind, that 200-pound weight, that tennis ball headed straight for your face. That's a bit of magic. He's incredible for someone",
Word,209.77100000000002,0.1200000000000045,default,default,,,,,,,209.89100000000002,like,20.0,He's incredible for someone like that. ,english,28.0,1712.0,"That biscotti's delicious. I love the crunch. The texture's spot on. Really good. Gravity. It's totally self-centred. It wants to introduce your face to the floor, no matter who you are or what you look like. It breaks bones, hearts, and gives middle-aged men moods. Friction doesn't care. It's not here to make exceptions. You're going its way whether your lycra likes it or not. It's keeping your skin as a souvenir. Time doesn't stop for anyone. It just marches ruthlessly on. It says you're not going to qualify. You won't make the plane. Your pet's not coming back. You're not getting any younger. That force, that headwind, that 200-pound weight, that tennis ball headed straight for your face. That's a bit of magic. He's incredible for someone like that. He's so brave. She's doing so well considering. Considering what?. Of them give a flying toss. You are for what your backstory is. They would never say, he's amazing for someone in the wheelchair. That biscotti's delicious. I love the crunch. The texture's spot on. Really good. Gravity. It's totally self-centred. It wants to introduce your face to the floor, no matter who you are or what you look like. It breaks bones, hearts, and gives middle-aged men moods. Friction doesn't care. It's not here to make exceptions. You're going its way whether your lycra likes it or not. It's keeping your skin as a souvenir. Time doesn't stop for anyone. It just marches ruthlessly on. It says you're not going to qualify. You won't make the plane. Your pet's not coming back. You're not getting any younger. That force, that headwind, that 200-pound weight, that tennis ball headed straight for your face. That's a bit of magic. He's incredible for someone like",
Word,209.93099999999998,0.2600000000000051,default,default,,,,,,,210.19099999999997,that.,20.0,He's incredible for someone like that. ,english,33.0,1717.0,"That biscotti's delicious. I love the crunch. The texture's spot on. Really good. Gravity. It's totally self-centred. It wants to introduce your face to the floor, no matter who you are or what you look like. It breaks bones, hearts, and gives middle-aged men moods. Friction doesn't care. It's not here to make exceptions. You're going its way whether your lycra likes it or not. It's keeping your skin as a souvenir. Time doesn't stop for anyone. It just marches ruthlessly on. It says you're not going to qualify. You won't make the plane. Your pet's not coming back. You're not getting any younger. That force, that headwind, that 200-pound weight, that tennis ball headed straight for your face. That's a bit of magic. He's incredible for someone like that. He's so brave. She's doing so well considering. Considering what?. Of them give a flying toss. You are for what your backstory is. They would never say, he's amazing for someone in the wheelchair. That biscotti's delicious. I love the crunch. The texture's spot on. Really good. Gravity. It's totally self-centred. It wants to introduce your face to the floor, no matter who you are or what you look like. It breaks bones, hearts, and gives middle-aged men moods. Friction doesn't care. It's not here to make exceptions. You're going its way whether your lycra likes it or not. It's keeping your skin as a souvenir. Time doesn't stop for anyone. It just marches ruthlessly on. It says you're not going to qualify. You won't make the plane. Your pet's not coming back. You're not getting any younger. That force, that headwind, that 200-pound weight, that tennis ball headed straight for your face. That's a bit of magic. He's incredible for someone like that.",
Sentence,210.891999,0.761002000000024,default,default,,,,,,,211.65300100000002,He's so brave. ,,,,,,,
Word,210.892,0.1200000000000045,default,default,,,,,,,211.012,He's,21.0,He's so brave. ,english,0.0,1723.0,"That biscotti's delicious. I love the crunch. The texture's spot on. Really good. Gravity. It's totally self-centred. It wants to introduce your face to the floor, no matter who you are or what you look like. It breaks bones, hearts, and gives middle-aged men moods. Friction doesn't care. It's not here to make exceptions. You're going its way whether your lycra likes it or not. It's keeping your skin as a souvenir. Time doesn't stop for anyone. It just marches ruthlessly on. It says you're not going to qualify. You won't make the plane. Your pet's not coming back. You're not getting any younger. That force, that headwind, that 200-pound weight, that tennis ball headed straight for your face. That's a bit of magic. He's incredible for someone like that. He's so brave. She's doing so well considering. Considering what?. Of them give a flying toss. You are for what your backstory is. They would never say, he's amazing for someone in the wheelchair. That biscotti's delicious. I love the crunch. The texture's spot on. Really good. Gravity. It's totally self-centred. It wants to introduce your face to the floor, no matter who you are or what you look like. It breaks bones, hearts, and gives middle-aged men moods. Friction doesn't care. It's not here to make exceptions. You're going its way whether your lycra likes it or not. It's keeping your skin as a souvenir. Time doesn't stop for anyone. It just marches ruthlessly on. It says you're not going to qualify. You won't make the plane. Your pet's not coming back. You're not getting any younger. That force, that headwind, that 200-pound weight, that tennis ball headed straight for your face. That's a bit of magic. He's incredible for someone like that. He's",
Word,211.03199999999998,0.2000000000000028,default,default,,,,,,,211.23199999999997,so,21.0,He's so brave. ,english,5.0,1728.0,"That biscotti's delicious. I love the crunch. The texture's spot on. Really good. Gravity. It's totally self-centred. It wants to introduce your face to the floor, no matter who you are or what you look like. It breaks bones, hearts, and gives middle-aged men moods. Friction doesn't care. It's not here to make exceptions. You're going its way whether your lycra likes it or not. It's keeping your skin as a souvenir. Time doesn't stop for anyone. It just marches ruthlessly on. It says you're not going to qualify. You won't make the plane. Your pet's not coming back. You're not getting any younger. That force, that headwind, that 200-pound weight, that tennis ball headed straight for your face. That's a bit of magic. He's incredible for someone like that. He's so brave. She's doing so well considering. Considering what?. Of them give a flying toss. You are for what your backstory is. They would never say, he's amazing for someone in the wheelchair. That biscotti's delicious. I love the crunch. The texture's spot on. Really good. Gravity. It's totally self-centred. It wants to introduce your face to the floor, no matter who you are or what you look like. It breaks bones, hearts, and gives middle-aged men moods. Friction doesn't care. It's not here to make exceptions. You're going its way whether your lycra likes it or not. It's keeping your skin as a souvenir. Time doesn't stop for anyone. It just marches ruthlessly on. It says you're not going to qualify. You won't make the plane. Your pet's not coming back. You're not getting any younger. That force, that headwind, that 200-pound weight, that tennis ball headed straight for your face. That's a bit of magic. He's incredible for someone like that. He's so",
Word,211.252,0.4010000000000104,default,default,,,,,,,211.65300000000002,brave.,21.0,He's so brave. ,english,8.0,1731.0,"That biscotti's delicious. I love the crunch. The texture's spot on. Really good. Gravity. It's totally self-centred. It wants to introduce your face to the floor, no matter who you are or what you look like. It breaks bones, hearts, and gives middle-aged men moods. Friction doesn't care. It's not here to make exceptions. You're going its way whether your lycra likes it or not. It's keeping your skin as a souvenir. Time doesn't stop for anyone. It just marches ruthlessly on. It says you're not going to qualify. You won't make the plane. Your pet's not coming back. You're not getting any younger. That force, that headwind, that 200-pound weight, that tennis ball headed straight for your face. That's a bit of magic. He's incredible for someone like that. He's so brave. She's doing so well considering. Considering what?. Of them give a flying toss. You are for what your backstory is. They would never say, he's amazing for someone in the wheelchair. That biscotti's delicious. I love the crunch. The texture's spot on. Really good. Gravity. It's totally self-centred. It wants to introduce your face to the floor, no matter who you are or what you look like. It breaks bones, hearts, and gives middle-aged men moods. Friction doesn't care. It's not here to make exceptions. You're going its way whether your lycra likes it or not. It's keeping your skin as a souvenir. Time doesn't stop for anyone. It just marches ruthlessly on. It says you're not going to qualify. You won't make the plane. Your pet's not coming back. You're not getting any younger. That force, that headwind, that 200-pound weight, that tennis ball headed straight for your face. That's a bit of magic. He's incredible for someone like that. He's so brave.",
Sentence,212.612999,1.5810020000000173,default,default,,,,,,,214.19400100000001,She's doing so well considering. ,,,,,,,
Word,212.613,0.1800000000000068,default,default,,,,,,,212.793,She's,22.0,She's doing so well considering. ,english,0.0,1738.0,"That biscotti's delicious. I love the crunch. The texture's spot on. Really good. Gravity. It's totally self-centred. It wants to introduce your face to the floor, no matter who you are or what you look like. It breaks bones, hearts, and gives middle-aged men moods. Friction doesn't care. It's not here to make exceptions. You're going its way whether your lycra likes it or not. It's keeping your skin as a souvenir. Time doesn't stop for anyone. It just marches ruthlessly on. It says you're not going to qualify. You won't make the plane. Your pet's not coming back. You're not getting any younger. That force, that headwind, that 200-pound weight, that tennis ball headed straight for your face. That's a bit of magic. He's incredible for someone like that. He's so brave. She's doing so well considering. Considering what?. Of them give a flying toss. You are for what your backstory is. They would never say, he's amazing for someone in the wheelchair. That biscotti's delicious. I love the crunch. The texture's spot on. Really good. Gravity. It's totally self-centred. It wants to introduce your face to the floor, no matter who you are or what you look like. It breaks bones, hearts, and gives middle-aged men moods. Friction doesn't care. It's not here to make exceptions. You're going its way whether your lycra likes it or not. It's keeping your skin as a souvenir. Time doesn't stop for anyone. It just marches ruthlessly on. It says you're not going to qualify. You won't make the plane. Your pet's not coming back. You're not getting any younger. That force, that headwind, that 200-pound weight, that tennis ball headed straight for your face. That's a bit of magic. He's incredible for someone like that. He's so brave. She's",
Word,212.833,0.2010000000000076,default,default,,,,,,,213.034,doing,22.0,She's doing so well considering. ,english,6.0,1744.0,"That biscotti's delicious. I love the crunch. The texture's spot on. Really good. Gravity. It's totally self-centred. It wants to introduce your face to the floor, no matter who you are or what you look like. It breaks bones, hearts, and gives middle-aged men moods. Friction doesn't care. It's not here to make exceptions. You're going its way whether your lycra likes it or not. It's keeping your skin as a souvenir. Time doesn't stop for anyone. It just marches ruthlessly on. It says you're not going to qualify. You won't make the plane. Your pet's not coming back. You're not getting any younger. That force, that headwind, that 200-pound weight, that tennis ball headed straight for your face. That's a bit of magic. He's incredible for someone like that. He's so brave. She's doing so well considering. Considering what?. Of them give a flying toss. You are for what your backstory is. They would never say, he's amazing for someone in the wheelchair. That biscotti's delicious. I love the crunch. The texture's spot on. Really good. Gravity. It's totally self-centred. It wants to introduce your face to the floor, no matter who you are or what you look like. It breaks bones, hearts, and gives middle-aged men moods. Friction doesn't care. It's not here to make exceptions. You're going its way whether your lycra likes it or not. It's keeping your skin as a souvenir. Time doesn't stop for anyone. It just marches ruthlessly on. It says you're not going to qualify. You won't make the plane. Your pet's not coming back. You're not getting any younger. That force, that headwind, that 200-pound weight, that tennis ball headed straight for your face. That's a bit of magic. He's incredible for someone like that. He's so brave. She's doing",
Word,213.114,0.1999999999999886,default,default,,,,,,,213.314,so,22.0,She's doing so well considering. ,english,12.0,1750.0,"That biscotti's delicious. I love the crunch. The texture's spot on. Really good. Gravity. It's totally self-centred. It wants to introduce your face to the floor, no matter who you are or what you look like. It breaks bones, hearts, and gives middle-aged men moods. Friction doesn't care. It's not here to make exceptions. You're going its way whether your lycra likes it or not. It's keeping your skin as a souvenir. Time doesn't stop for anyone. It just marches ruthlessly on. It says you're not going to qualify. You won't make the plane. Your pet's not coming back. You're not getting any younger. That force, that headwind, that 200-pound weight, that tennis ball headed straight for your face. That's a bit of magic. He's incredible for someone like that. He's so brave. She's doing so well considering. Considering what?. Of them give a flying toss. You are for what your backstory is. They would never say, he's amazing for someone in the wheelchair. That biscotti's delicious. I love the crunch. The texture's spot on. Really good. Gravity. It's totally self-centred. It wants to introduce your face to the floor, no matter who you are or what you look like. It breaks bones, hearts, and gives middle-aged men moods. Friction doesn't care. It's not here to make exceptions. You're going its way whether your lycra likes it or not. It's keeping your skin as a souvenir. Time doesn't stop for anyone. It just marches ruthlessly on. It says you're not going to qualify. You won't make the plane. Your pet's not coming back. You're not getting any younger. That force, that headwind, that 200-pound weight, that tennis ball headed straight for your face. That's a bit of magic. He's incredible for someone like that. He's so brave. She's doing so",
Word,213.35399999999998,0.2000000000000028,default,default,,,,,,,213.55399999999997,well,22.0,She's doing so well considering. ,english,15.0,1753.0,"That biscotti's delicious. I love the crunch. The texture's spot on. Really good. Gravity. It's totally self-centred. It wants to introduce your face to the floor, no matter who you are or what you look like. It breaks bones, hearts, and gives middle-aged men moods. Friction doesn't care. It's not here to make exceptions. You're going its way whether your lycra likes it or not. It's keeping your skin as a souvenir. Time doesn't stop for anyone. It just marches ruthlessly on. It says you're not going to qualify. You won't make the plane. Your pet's not coming back. You're not getting any younger. That force, that headwind, that 200-pound weight, that tennis ball headed straight for your face. That's a bit of magic. He's incredible for someone like that. He's so brave. She's doing so well considering. Considering what?. Of them give a flying toss. You are for what your backstory is. They would never say, he's amazing for someone in the wheelchair. That biscotti's delicious. I love the crunch. The texture's spot on. Really good. Gravity. It's totally self-centred. It wants to introduce your face to the floor, no matter who you are or what you look like. It breaks bones, hearts, and gives middle-aged men moods. Friction doesn't care. It's not here to make exceptions. You're going its way whether your lycra likes it or not. It's keeping your skin as a souvenir. Time doesn't stop for anyone. It just marches ruthlessly on. It says you're not going to qualify. You won't make the plane. Your pet's not coming back. You're not getting any younger. That force, that headwind, that 200-pound weight, that tennis ball headed straight for your face. That's a bit of magic. He's incredible for someone like that. He's so brave. She's doing so well",
Word,213.63400000000001,0.5600000000000023,default,default,,,,,,,214.19400000000002,considering.,22.0,She's doing so well considering. ,english,20.0,1758.0,"That biscotti's delicious. I love the crunch. The texture's spot on. Really good. Gravity. It's totally self-centred. It wants to introduce your face to the floor, no matter who you are or what you look like. It breaks bones, hearts, and gives middle-aged men moods. Friction doesn't care. It's not here to make exceptions. You're going its way whether your lycra likes it or not. It's keeping your skin as a souvenir. Time doesn't stop for anyone. It just marches ruthlessly on. It says you're not going to qualify. You won't make the plane. Your pet's not coming back. You're not getting any younger. That force, that headwind, that 200-pound weight, that tennis ball headed straight for your face. That's a bit of magic. He's incredible for someone like that. He's so brave. She's doing so well considering. Considering what?. Of them give a flying toss. You are for what your backstory is. They would never say, he's amazing for someone in the wheelchair. That biscotti's delicious. I love the crunch. The texture's spot on. Really good. Gravity. It's totally self-centred. It wants to introduce your face to the floor, no matter who you are or what you look like. It breaks bones, hearts, and gives middle-aged men moods. Friction doesn't care. It's not here to make exceptions. You're going its way whether your lycra likes it or not. It's keeping your skin as a souvenir. Time doesn't stop for anyone. It just marches ruthlessly on. It says you're not going to qualify. You won't make the plane. Your pet's not coming back. You're not getting any younger. That force, that headwind, that 200-pound weight, that tennis ball headed straight for your face. That's a bit of magic. He's incredible for someone like that. He's so brave. She's doing so well considering.",
Sentence,215.194999,0.8010019999999877,default,default,,,,,,,215.99600099999998,Considering what?. ,,,,,,,
Word,215.195,0.4810000000000087,default,default,,,,,,,215.676,Considering,23.0,Considering what?. ,english,0.0,1771.0,"That biscotti's delicious. I love the crunch. The texture's spot on. Really good. Gravity. It's totally self-centred. It wants to introduce your face to the floor, no matter who you are or what you look like. It breaks bones, hearts, and gives middle-aged men moods. Friction doesn't care. It's not here to make exceptions. You're going its way whether your lycra likes it or not. It's keeping your skin as a souvenir. Time doesn't stop for anyone. It just marches ruthlessly on. It says you're not going to qualify. You won't make the plane. Your pet's not coming back. You're not getting any younger. That force, that headwind, that 200-pound weight, that tennis ball headed straight for your face. That's a bit of magic. He's incredible for someone like that. He's so brave. She's doing so well considering. Considering what?. Of them give a flying toss. You are for what your backstory is. They would never say, he's amazing for someone in the wheelchair. That biscotti's delicious. I love the crunch. The texture's spot on. Really good. Gravity. It's totally self-centred. It wants to introduce your face to the floor, no matter who you are or what you look like. It breaks bones, hearts, and gives middle-aged men moods. Friction doesn't care. It's not here to make exceptions. You're going its way whether your lycra likes it or not. It's keeping your skin as a souvenir. Time doesn't stop for anyone. It just marches ruthlessly on. It says you're not going to qualify. You won't make the plane. Your pet's not coming back. You're not getting any younger. That force, that headwind, that 200-pound weight, that tennis ball headed straight for your face. That's a bit of magic. He's incredible for someone like that. He's so brave. She's doing so well considering. Considering",
Word,215.756,0.2399999999999948,default,default,,,,,,,215.99599999999998,what?,23.0,Considering what?. ,english,12.0,1783.0,"That biscotti's delicious. I love the crunch. The texture's spot on. Really good. Gravity. It's totally self-centred. It wants to introduce your face to the floor, no matter who you are or what you look like. It breaks bones, hearts, and gives middle-aged men moods. Friction doesn't care. It's not here to make exceptions. You're going its way whether your lycra likes it or not. It's keeping your skin as a souvenir. Time doesn't stop for anyone. It just marches ruthlessly on. It says you're not going to qualify. You won't make the plane. Your pet's not coming back. You're not getting any younger. That force, that headwind, that 200-pound weight, that tennis ball headed straight for your face. That's a bit of magic. He's incredible for someone like that. He's so brave. She's doing so well considering. Considering what?. Of them give a flying toss. You are for what your backstory is. They would never say, he's amazing for someone in the wheelchair. That biscotti's delicious. I love the crunch. The texture's spot on. Really good. Gravity. It's totally self-centred. It wants to introduce your face to the floor, no matter who you are or what you look like. It breaks bones, hearts, and gives middle-aged men moods. Friction doesn't care. It's not here to make exceptions. You're going its way whether your lycra likes it or not. It's keeping your skin as a souvenir. Time doesn't stop for anyone. It just marches ruthlessly on. It says you're not going to qualify. You won't make the plane. Your pet's not coming back. You're not getting any younger. That force, that headwind, that 200-pound weight, that tennis ball headed straight for your face. That's a bit of magic. He's incredible for someone like that. He's so brave. She's doing so well considering. Considering what?",
Sentence,216.475999,2.74200199999999,default,default,,,,,,,219.218001,Of them give a flying toss. ,,,,,,,
Word,216.476,0.0799999999999983,default,default,,,,,,,216.55599999999998,of,24.0,Of them give a flying toss. ,english,0.0,1790.0,"That biscotti's delicious. I love the crunch. The texture's spot on. Really good. Gravity. It's totally self-centred. It wants to introduce your face to the floor, no matter who you are or what you look like. It breaks bones, hearts, and gives middle-aged men moods. Friction doesn't care. It's not here to make exceptions. You're going its way whether your lycra likes it or not. It's keeping your skin as a souvenir. Time doesn't stop for anyone. It just marches ruthlessly on. It says you're not going to qualify. You won't make the plane. Your pet's not coming back. You're not getting any younger. That force, that headwind, that 200-pound weight, that tennis ball headed straight for your face. That's a bit of magic. He's incredible for someone like that. He's so brave. She's doing so well considering. Considering what?. Of them give a flying toss. You are for what your backstory is. They would never say, he's amazing for someone in the wheelchair. That biscotti's delicious. I love the crunch. The texture's spot on. Really good. Gravity. It's totally self-centred. It wants to introduce your face to the floor, no matter who you are or what you look like. It breaks bones, hearts, and gives middle-aged men moods. Friction doesn't care. It's not here to make exceptions. You're going its way whether your lycra likes it or not. It's keeping your skin as a souvenir. Time doesn't stop for anyone. It just marches ruthlessly on. It says you're not going to qualify. You won't make the plane. Your pet's not coming back. You're not getting any younger. That force, that headwind, that 200-pound weight, that tennis ball headed straight for your face. That's a bit of magic. He's incredible for someone like that. He's so brave. She's doing so well considering. Considering what?. Of",
Word,216.576,0.220000000000013,default,default,,,,,,,216.796,them,24.0,Of them give a flying toss. ,english,3.0,1793.0,"That biscotti's delicious. I love the crunch. The texture's spot on. Really good. Gravity. It's totally self-centred. It wants to introduce your face to the floor, no matter who you are or what you look like. It breaks bones, hearts, and gives middle-aged men moods. Friction doesn't care. It's not here to make exceptions. You're going its way whether your lycra likes it or not. It's keeping your skin as a souvenir. Time doesn't stop for anyone. It just marches ruthlessly on. It says you're not going to qualify. You won't make the plane. Your pet's not coming back. You're not getting any younger. That force, that headwind, that 200-pound weight, that tennis ball headed straight for your face. That's a bit of magic. He's incredible for someone like that. He's so brave. She's doing so well considering. Considering what?. Of them give a flying toss. You are for what your backstory is. They would never say, he's amazing for someone in the wheelchair. That biscotti's delicious. I love the crunch. The texture's spot on. Really good. Gravity. It's totally self-centred. It wants to introduce your face to the floor, no matter who you are or what you look like. It breaks bones, hearts, and gives middle-aged men moods. Friction doesn't care. It's not here to make exceptions. You're going its way whether your lycra likes it or not. It's keeping your skin as a souvenir. Time doesn't stop for anyone. It just marches ruthlessly on. It says you're not going to qualify. You won't make the plane. Your pet's not coming back. You're not getting any younger. That force, that headwind, that 200-pound weight, that tennis ball headed straight for your face. That's a bit of magic. He's incredible for someone like that. He's so brave. She's doing so well considering. Considering what?. Of them",
Word,216.856,0.1810000000000116,default,default,,,,,,,217.037,give,24.0,Of them give a flying toss. ,english,8.0,1798.0,"That biscotti's delicious. I love the crunch. The texture's spot on. Really good. Gravity. It's totally self-centred. It wants to introduce your face to the floor, no matter who you are or what you look like. It breaks bones, hearts, and gives middle-aged men moods. Friction doesn't care. It's not here to make exceptions. You're going its way whether your lycra likes it or not. It's keeping your skin as a souvenir. Time doesn't stop for anyone. It just marches ruthlessly on. It says you're not going to qualify. You won't make the plane. Your pet's not coming back. You're not getting any younger. That force, that headwind, that 200-pound weight, that tennis ball headed straight for your face. That's a bit of magic. He's incredible for someone like that. He's so brave. She's doing so well considering. Considering what?. Of them give a flying toss. You are for what your backstory is. They would never say, he's amazing for someone in the wheelchair. That biscotti's delicious. I love the crunch. The texture's spot on. Really good. Gravity. It's totally self-centred. It wants to introduce your face to the floor, no matter who you are or what you look like. It breaks bones, hearts, and gives middle-aged men moods. Friction doesn't care. It's not here to make exceptions. You're going its way whether your lycra likes it or not. It's keeping your skin as a souvenir. Time doesn't stop for anyone. It just marches ruthlessly on. It says you're not going to qualify. You won't make the plane. Your pet's not coming back. You're not getting any younger. That force, that headwind, that 200-pound weight, that tennis ball headed straight for your face. That's a bit of magic. He's incredible for someone like that. He's so brave. She's doing so well considering. Considering what?. Of them give",
Word,217.11700000000002,0.0799999999999983,default,default,,,,,,,217.197,a,24.0,Of them give a flying toss. ,english,13.0,1803.0,"That biscotti's delicious. I love the crunch. The texture's spot on. Really good. Gravity. It's totally self-centred. It wants to introduce your face to the floor, no matter who you are or what you look like. It breaks bones, hearts, and gives middle-aged men moods. Friction doesn't care. It's not here to make exceptions. You're going its way whether your lycra likes it or not. It's keeping your skin as a souvenir. Time doesn't stop for anyone. It just marches ruthlessly on. It says you're not going to qualify. You won't make the plane. Your pet's not coming back. You're not getting any younger. That force, that headwind, that 200-pound weight, that tennis ball headed straight for your face. That's a bit of magic. He's incredible for someone like that. He's so brave. She's doing so well considering. Considering what?. Of them give a flying toss. You are for what your backstory is. They would never say, he's amazing for someone in the wheelchair. That biscotti's delicious. I love the crunch. The texture's spot on. Really good. Gravity. It's totally self-centred. It wants to introduce your face to the floor, no matter who you are or what you look like. It breaks bones, hearts, and gives middle-aged men moods. Friction doesn't care. It's not here to make exceptions. You're going its way whether your lycra likes it or not. It's keeping your skin as a souvenir. Time doesn't stop for anyone. It just marches ruthlessly on. It says you're not going to qualify. You won't make the plane. Your pet's not coming back. You're not getting any younger. That force, that headwind, that 200-pound weight, that tennis ball headed straight for your face. That's a bit of magic. He's incredible for someone like that. He's so brave. She's doing so well considering. Considering what?. Of them give a",
Word,217.257,0.4799999999999897,default,default,,,,,,,217.737,flying,24.0,Of them give a flying toss. ,english,15.0,1805.0,"That biscotti's delicious. I love the crunch. The texture's spot on. Really good. Gravity. It's totally self-centred. It wants to introduce your face to the floor, no matter who you are or what you look like. It breaks bones, hearts, and gives middle-aged men moods. Friction doesn't care. It's not here to make exceptions. You're going its way whether your lycra likes it or not. It's keeping your skin as a souvenir. Time doesn't stop for anyone. It just marches ruthlessly on. It says you're not going to qualify. You won't make the plane. Your pet's not coming back. You're not getting any younger. That force, that headwind, that 200-pound weight, that tennis ball headed straight for your face. That's a bit of magic. He's incredible for someone like that. He's so brave. She's doing so well considering. Considering what?. Of them give a flying toss. You are for what your backstory is. They would never say, he's amazing for someone in the wheelchair. That biscotti's delicious. I love the crunch. The texture's spot on. Really good. Gravity. It's totally self-centred. It wants to introduce your face to the floor, no matter who you are or what you look like. It breaks bones, hearts, and gives middle-aged men moods. Friction doesn't care. It's not here to make exceptions. You're going its way whether your lycra likes it or not. It's keeping your skin as a souvenir. Time doesn't stop for anyone. It just marches ruthlessly on. It says you're not going to qualify. You won't make the plane. Your pet's not coming back. You're not getting any younger. That force, that headwind, that 200-pound weight, that tennis ball headed straight for your face. That's a bit of magic. He's incredible for someone like that. He's so brave. She's doing so well considering. Considering what?. Of them give a flying",
Word,217.897,1.320999999999998,default,default,,,,,,,219.218,toss.,24.0,Of them give a flying toss. ,english,22.0,1812.0,"That biscotti's delicious. I love the crunch. The texture's spot on. Really good. Gravity. It's totally self-centred. It wants to introduce your face to the floor, no matter who you are or what you look like. It breaks bones, hearts, and gives middle-aged men moods. Friction doesn't care. It's not here to make exceptions. You're going its way whether your lycra likes it or not. It's keeping your skin as a souvenir. Time doesn't stop for anyone. It just marches ruthlessly on. It says you're not going to qualify. You won't make the plane. Your pet's not coming back. You're not getting any younger. That force, that headwind, that 200-pound weight, that tennis ball headed straight for your face. That's a bit of magic. He's incredible for someone like that. He's so brave. She's doing so well considering. Considering what?. Of them give a flying toss. You are for what your backstory is. They would never say, he's amazing for someone in the wheelchair. That biscotti's delicious. I love the crunch. The texture's spot on. Really good. Gravity. It's totally self-centred. It wants to introduce your face to the floor, no matter who you are or what you look like. It breaks bones, hearts, and gives middle-aged men moods. Friction doesn't care. It's not here to make exceptions. You're going its way whether your lycra likes it or not. It's keeping your skin as a souvenir. Time doesn't stop for anyone. It just marches ruthlessly on. It says you're not going to qualify. You won't make the plane. Your pet's not coming back. You're not getting any younger. That force, that headwind, that 200-pound weight, that tennis ball headed straight for your face. That's a bit of magic. He's incredible for someone like that. He's so brave. She's doing so well considering. Considering what?. Of them give a flying toss.",
Sentence,219.237999,2.9020019999999866,default,default,,,,,,,222.14000099999998,You are for what your backstory is. ,,,,,,,
Word,219.238,0.1800000000000068,default,default,,,,,,,219.418,You,25.0,You are for what your backstory is. ,english,0.0,1818.0,"That biscotti's delicious. I love the crunch. The texture's spot on. Really good. Gravity. It's totally self-centred. It wants to introduce your face to the floor, no matter who you are or what you look like. It breaks bones, hearts, and gives middle-aged men moods. Friction doesn't care. It's not here to make exceptions. You're going its way whether your lycra likes it or not. It's keeping your skin as a souvenir. Time doesn't stop for anyone. It just marches ruthlessly on. It says you're not going to qualify. You won't make the plane. Your pet's not coming back. You're not getting any younger. That force, that headwind, that 200-pound weight, that tennis ball headed straight for your face. That's a bit of magic. He's incredible for someone like that. He's so brave. She's doing so well considering. Considering what?. Of them give a flying toss. You are for what your backstory is. They would never say, he's amazing for someone in the wheelchair. That biscotti's delicious. I love the crunch. The texture's spot on. Really good. Gravity. It's totally self-centred. It wants to introduce your face to the floor, no matter who you are or what you look like. It breaks bones, hearts, and gives middle-aged men moods. Friction doesn't care. It's not here to make exceptions. You're going its way whether your lycra likes it or not. It's keeping your skin as a souvenir. Time doesn't stop for anyone. It just marches ruthlessly on. It says you're not going to qualify. You won't make the plane. Your pet's not coming back. You're not getting any younger. That force, that headwind, that 200-pound weight, that tennis ball headed straight for your face. That's a bit of magic. He's incredible for someone like that. He's so brave. She's doing so well considering. Considering what?. Of them give a flying toss. You",
Word,219.619,0.1400000000000005,default,default,,,,,,,219.759,are,25.0,You are for what your backstory is. ,english,4.0,1822.0,"That biscotti's delicious. I love the crunch. The texture's spot on. Really good. Gravity. It's totally self-centred. It wants to introduce your face to the floor, no matter who you are or what you look like. It breaks bones, hearts, and gives middle-aged men moods. Friction doesn't care. It's not here to make exceptions. You're going its way whether your lycra likes it or not. It's keeping your skin as a souvenir. Time doesn't stop for anyone. It just marches ruthlessly on. It says you're not going to qualify. You won't make the plane. Your pet's not coming back. You're not getting any younger. That force, that headwind, that 200-pound weight, that tennis ball headed straight for your face. That's a bit of magic. He's incredible for someone like that. He's so brave. She's doing so well considering. Considering what?. Of them give a flying toss. You are for what your backstory is. They would never say, he's amazing for someone in the wheelchair. That biscotti's delicious. I love the crunch. The texture's spot on. Really good. Gravity. It's totally self-centred. It wants to introduce your face to the floor, no matter who you are or what you look like. It breaks bones, hearts, and gives middle-aged men moods. Friction doesn't care. It's not here to make exceptions. You're going its way whether your lycra likes it or not. It's keeping your skin as a souvenir. Time doesn't stop for anyone. It just marches ruthlessly on. It says you're not going to qualify. You won't make the plane. Your pet's not coming back. You're not getting any younger. That force, that headwind, that 200-pound weight, that tennis ball headed straight for your face. That's a bit of magic. He's incredible for someone like that. He's so brave. She's doing so well considering. Considering what?. Of them give a flying toss. You are",
Word,220.019,0.4399999999999977,default,default,,,,,,,220.459,for,25.0,You are for what your backstory is. ,english,8.0,1826.0,"That biscotti's delicious. I love the crunch. The texture's spot on. Really good. Gravity. It's totally self-centred. It wants to introduce your face to the floor, no matter who you are or what you look like. It breaks bones, hearts, and gives middle-aged men moods. Friction doesn't care. It's not here to make exceptions. You're going its way whether your lycra likes it or not. It's keeping your skin as a souvenir. Time doesn't stop for anyone. It just marches ruthlessly on. It says you're not going to qualify. You won't make the plane. Your pet's not coming back. You're not getting any younger. That force, that headwind, that 200-pound weight, that tennis ball headed straight for your face. That's a bit of magic. He's incredible for someone like that. He's so brave. She's doing so well considering. Considering what?. Of them give a flying toss. You are for what your backstory is. They would never say, he's amazing for someone in the wheelchair. That biscotti's delicious. I love the crunch. The texture's spot on. Really good. Gravity. It's totally self-centred. It wants to introduce your face to the floor, no matter who you are or what you look like. It breaks bones, hearts, and gives middle-aged men moods. Friction doesn't care. It's not here to make exceptions. You're going its way whether your lycra likes it or not. It's keeping your skin as a souvenir. Time doesn't stop for anyone. It just marches ruthlessly on. It says you're not going to qualify. You won't make the plane. Your pet's not coming back. You're not getting any younger. That force, that headwind, that 200-pound weight, that tennis ball headed straight for your face. That's a bit of magic. He's incredible for someone like that. He's so brave. She's doing so well considering. Considering what?. Of them give a flying toss. You are for",
Word,220.539,0.1599999999999966,default,default,,,,,,,220.69899999999998,what,25.0,You are for what your backstory is. ,english,12.0,1830.0,"That biscotti's delicious. I love the crunch. The texture's spot on. Really good. Gravity. It's totally self-centred. It wants to introduce your face to the floor, no matter who you are or what you look like. It breaks bones, hearts, and gives middle-aged men moods. Friction doesn't care. It's not here to make exceptions. You're going its way whether your lycra likes it or not. It's keeping your skin as a souvenir. Time doesn't stop for anyone. It just marches ruthlessly on. It says you're not going to qualify. You won't make the plane. Your pet's not coming back. You're not getting any younger. That force, that headwind, that 200-pound weight, that tennis ball headed straight for your face. That's a bit of magic. He's incredible for someone like that. He's so brave. She's doing so well considering. Considering what?. Of them give a flying toss. You are for what your backstory is. They would never say, he's amazing for someone in the wheelchair. That biscotti's delicious. I love the crunch. The texture's spot on. Really good. Gravity. It's totally self-centred. It wants to introduce your face to the floor, no matter who you are or what you look like. It breaks bones, hearts, and gives middle-aged men moods. Friction doesn't care. It's not here to make exceptions. You're going its way whether your lycra likes it or not. It's keeping your skin as a souvenir. Time doesn't stop for anyone. It just marches ruthlessly on. It says you're not going to qualify. You won't make the plane. Your pet's not coming back. You're not getting any younger. That force, that headwind, that 200-pound weight, that tennis ball headed straight for your face. That's a bit of magic. He's incredible for someone like that. He's so brave. She's doing so well considering. Considering what?. Of them give a flying toss. You are for what",
Word,220.739,0.2009999999999934,default,default,,,,,,,220.94,your,25.0,You are for what your backstory is. ,english,17.0,1835.0,"That biscotti's delicious. I love the crunch. The texture's spot on. Really good. Gravity. It's totally self-centred. It wants to introduce your face to the floor, no matter who you are or what you look like. It breaks bones, hearts, and gives middle-aged men moods. Friction doesn't care. It's not here to make exceptions. You're going its way whether your lycra likes it or not. It's keeping your skin as a souvenir. Time doesn't stop for anyone. It just marches ruthlessly on. It says you're not going to qualify. You won't make the plane. Your pet's not coming back. You're not getting any younger. That force, that headwind, that 200-pound weight, that tennis ball headed straight for your face. That's a bit of magic. He's incredible for someone like that. He's so brave. She's doing so well considering. Considering what?. Of them give a flying toss. You are for what your backstory is. They would never say, he's amazing for someone in the wheelchair. That biscotti's delicious. I love the crunch. The texture's spot on. Really good. Gravity. It's totally self-centred. It wants to introduce your face to the floor, no matter who you are or what you look like. It breaks bones, hearts, and gives middle-aged men moods. Friction doesn't care. It's not here to make exceptions. You're going its way whether your lycra likes it or not. It's keeping your skin as a souvenir. Time doesn't stop for anyone. It just marches ruthlessly on. It says you're not going to qualify. You won't make the plane. Your pet's not coming back. You're not getting any younger. That force, that headwind, that 200-pound weight, that tennis ball headed straight for your face. That's a bit of magic. He's incredible for someone like that. He's so brave. She's doing so well considering. Considering what?. Of them give a flying toss. You are for what your",
Word,220.98000000000002,0.7999999999999972,default,default,,,,,,,221.78000000000003,backstory,25.0,You are for what your backstory is. ,english,22.0,1840.0,"That biscotti's delicious. I love the crunch. The texture's spot on. Really good. Gravity. It's totally self-centred. It wants to introduce your face to the floor, no matter who you are or what you look like. It breaks bones, hearts, and gives middle-aged men moods. Friction doesn't care. It's not here to make exceptions. You're going its way whether your lycra likes it or not. It's keeping your skin as a souvenir. Time doesn't stop for anyone. It just marches ruthlessly on. It says you're not going to qualify. You won't make the plane. Your pet's not coming back. You're not getting any younger. That force, that headwind, that 200-pound weight, that tennis ball headed straight for your face. That's a bit of magic. He's incredible for someone like that. He's so brave. She's doing so well considering. Considering what?. Of them give a flying toss. You are for what your backstory is. They would never say, he's amazing for someone in the wheelchair. That biscotti's delicious. I love the crunch. The texture's spot on. Really good. Gravity. It's totally self-centred. It wants to introduce your face to the floor, no matter who you are or what you look like. It breaks bones, hearts, and gives middle-aged men moods. Friction doesn't care. It's not here to make exceptions. You're going its way whether your lycra likes it or not. It's keeping your skin as a souvenir. Time doesn't stop for anyone. It just marches ruthlessly on. It says you're not going to qualify. You won't make the plane. Your pet's not coming back. You're not getting any younger. That force, that headwind, that 200-pound weight, that tennis ball headed straight for your face. That's a bit of magic. He's incredible for someone like that. He's so brave. She's doing so well considering. Considering what?. Of them give a flying toss. You are for what your backstory",
Word,222.0,0.1400000000000005,default,default,,,,,,,222.14,is.,25.0,You are for what your backstory is. ,english,32.0,1850.0,"That biscotti's delicious. I love the crunch. The texture's spot on. Really good. Gravity. It's totally self-centred. It wants to introduce your face to the floor, no matter who you are or what you look like. It breaks bones, hearts, and gives middle-aged men moods. Friction doesn't care. It's not here to make exceptions. You're going its way whether your lycra likes it or not. It's keeping your skin as a souvenir. Time doesn't stop for anyone. It just marches ruthlessly on. It says you're not going to qualify. You won't make the plane. Your pet's not coming back. You're not getting any younger. That force, that headwind, that 200-pound weight, that tennis ball headed straight for your face. That's a bit of magic. He's incredible for someone like that. He's so brave. She's doing so well considering. Considering what?. Of them give a flying toss. You are for what your backstory is. They would never say, he's amazing for someone in the wheelchair. That biscotti's delicious. I love the crunch. The texture's spot on. Really good. Gravity. It's totally self-centred. It wants to introduce your face to the floor, no matter who you are or what you look like. It breaks bones, hearts, and gives middle-aged men moods. Friction doesn't care. It's not here to make exceptions. You're going its way whether your lycra likes it or not. It's keeping your skin as a souvenir. Time doesn't stop for anyone. It just marches ruthlessly on. It says you're not going to qualify. You won't make the plane. Your pet's not coming back. You're not getting any younger. That force, that headwind, that 200-pound weight, that tennis ball headed straight for your face. That's a bit of magic. He's incredible for someone like that. He's so brave. She's doing so well considering. Considering what?. Of them give a flying toss. You are for what your backstory is.",
Sentence,223.384999,4.565001999999998,default,default,,,,,,,227.950001,"They would never say, he's amazing for someone in the wheelchair",,,,,,,
Word,223.385,0.1599999999999966,default,default,,,,,,,223.545,They,26.0,"They would never say, he's amazing for someone in the wheelchair",english,0.0,1854.0,"That biscotti's delicious. I love the crunch. The texture's spot on. Really good. Gravity. It's totally self-centred. It wants to introduce your face to the floor, no matter who you are or what you look like. It breaks bones, hearts, and gives middle-aged men moods. Friction doesn't care. It's not here to make exceptions. You're going its way whether your lycra likes it or not. It's keeping your skin as a souvenir. Time doesn't stop for anyone. It just marches ruthlessly on. It says you're not going to qualify. You won't make the plane. Your pet's not coming back. You're not getting any younger. That force, that headwind, that 200-pound weight, that tennis ball headed straight for your face. That's a bit of magic. He's incredible for someone like that. He's so brave. She's doing so well considering. Considering what?. Of them give a flying toss. You are for what your backstory is. They would never say, he's amazing for someone in the wheelchair. That biscotti's delicious. I love the crunch. The texture's spot on. Really good. Gravity. It's totally self-centred. It wants to introduce your face to the floor, no matter who you are or what you look like. It breaks bones, hearts, and gives middle-aged men moods. Friction doesn't care. It's not here to make exceptions. You're going its way whether your lycra likes it or not. It's keeping your skin as a souvenir. Time doesn't stop for anyone. It just marches ruthlessly on. It says you're not going to qualify. You won't make the plane. Your pet's not coming back. You're not getting any younger. That force, that headwind, that 200-pound weight, that tennis ball headed straight for your face. That's a bit of magic. He's incredible for someone like that. He's so brave. She's doing so well considering. Considering what?. Of them give a flying toss. You are for what your backstory is. They",
Word,223.58499999999998,0.3610000000000042,default,default,,,,,,,223.94599999999997,would,26.0,"They would never say, he's amazing for someone in the wheelchair",english,5.0,1859.0,"That biscotti's delicious. I love the crunch. The texture's spot on. Really good. Gravity. It's totally self-centred. It wants to introduce your face to the floor, no matter who you are or what you look like. It breaks bones, hearts, and gives middle-aged men moods. Friction doesn't care. It's not here to make exceptions. You're going its way whether your lycra likes it or not. It's keeping your skin as a souvenir. Time doesn't stop for anyone. It just marches ruthlessly on. It says you're not going to qualify. You won't make the plane. Your pet's not coming back. You're not getting any younger. That force, that headwind, that 200-pound weight, that tennis ball headed straight for your face. That's a bit of magic. He's incredible for someone like that. He's so brave. She's doing so well considering. Considering what?. Of them give a flying toss. You are for what your backstory is. They would never say, he's amazing for someone in the wheelchair. That biscotti's delicious. I love the crunch. The texture's spot on. Really good. Gravity. It's totally self-centred. It wants to introduce your face to the floor, no matter who you are or what you look like. It breaks bones, hearts, and gives middle-aged men moods. Friction doesn't care. It's not here to make exceptions. You're going its way whether your lycra likes it or not. It's keeping your skin as a souvenir. Time doesn't stop for anyone. It just marches ruthlessly on. It says you're not going to qualify. You won't make the plane. Your pet's not coming back. You're not getting any younger. That force, that headwind, that 200-pound weight, that tennis ball headed straight for your face. That's a bit of magic. He's incredible for someone like that. He's so brave. She's doing so well considering. Considering what?. Of them give a flying toss. You are for what your backstory is. They would",
Word,224.36599999999999,0.3810000000000002,default,default,,,,,,,224.74699999999999,never,26.0,"They would never say, he's amazing for someone in the wheelchair",english,11.0,1865.0,"That biscotti's delicious. I love the crunch. The texture's spot on. Really good. Gravity. It's totally self-centred. It wants to introduce your face to the floor, no matter who you are or what you look like. It breaks bones, hearts, and gives middle-aged men moods. Friction doesn't care. It's not here to make exceptions. You're going its way whether your lycra likes it or not. It's keeping your skin as a souvenir. Time doesn't stop for anyone. It just marches ruthlessly on. It says you're not going to qualify. You won't make the plane. Your pet's not coming back. You're not getting any younger. That force, that headwind, that 200-pound weight, that tennis ball headed straight for your face. That's a bit of magic. He's incredible for someone like that. He's so brave. She's doing so well considering. Considering what?. Of them give a flying toss. You are for what your backstory is. They would never say, he's amazing for someone in the wheelchair. That biscotti's delicious. I love the crunch. The texture's spot on. Really good. Gravity. It's totally self-centred. It wants to introduce your face to the floor, no matter who you are or what you look like. It breaks bones, hearts, and gives middle-aged men moods. Friction doesn't care. It's not here to make exceptions. You're going its way whether your lycra likes it or not. It's keeping your skin as a souvenir. Time doesn't stop for anyone. It just marches ruthlessly on. It says you're not going to qualify. You won't make the plane. Your pet's not coming back. You're not getting any younger. That force, that headwind, that 200-pound weight, that tennis ball headed straight for your face. That's a bit of magic. He's incredible for someone like that. He's so brave. She's doing so well considering. Considering what?. Of them give a flying toss. You are for what your backstory is. They would never",
Word,224.767,0.2000000000000028,default,default,,,,,,,224.96699999999998,"say,",26.0,"They would never say, he's amazing for someone in the wheelchair",english,17.0,1871.0,"That biscotti's delicious. I love the crunch. The texture's spot on. Really good. Gravity. It's totally self-centred. It wants to introduce your face to the floor, no matter who you are or what you look like. It breaks bones, hearts, and gives middle-aged men moods. Friction doesn't care. It's not here to make exceptions. You're going its way whether your lycra likes it or not. It's keeping your skin as a souvenir. Time doesn't stop for anyone. It just marches ruthlessly on. It says you're not going to qualify. You won't make the plane. Your pet's not coming back. You're not getting any younger. That force, that headwind, that 200-pound weight, that tennis ball headed straight for your face. That's a bit of magic. He's incredible for someone like that. He's so brave. She's doing so well considering. Considering what?. Of them give a flying toss. You are for what your backstory is. They would never say, he's amazing for someone in the wheelchair. That biscotti's delicious. I love the crunch. The texture's spot on. Really good. Gravity. It's totally self-centred. It wants to introduce your face to the floor, no matter who you are or what you look like. It breaks bones, hearts, and gives middle-aged men moods. Friction doesn't care. It's not here to make exceptions. You're going its way whether your lycra likes it or not. It's keeping your skin as a souvenir. Time doesn't stop for anyone. It just marches ruthlessly on. It says you're not going to qualify. You won't make the plane. Your pet's not coming back. You're not getting any younger. That force, that headwind, that 200-pound weight, that tennis ball headed straight for your face. That's a bit of magic. He's incredible for someone like that. He's so brave. She's doing so well considering. Considering what?. Of them give a flying toss. You are for what your backstory is. They would never say,",
Word,225.167,0.3599999999999994,default,default,,,,,,,225.527,he's,26.0,"They would never say, he's amazing for someone in the wheelchair",english,22.0,1876.0,"That biscotti's delicious. I love the crunch. The texture's spot on. Really good. Gravity. It's totally self-centred. It wants to introduce your face to the floor, no matter who you are or what you look like. It breaks bones, hearts, and gives middle-aged men moods. Friction doesn't care. It's not here to make exceptions. You're going its way whether your lycra likes it or not. It's keeping your skin as a souvenir. Time doesn't stop for anyone. It just marches ruthlessly on. It says you're not going to qualify. You won't make the plane. Your pet's not coming back. You're not getting any younger. That force, that headwind, that 200-pound weight, that tennis ball headed straight for your face. That's a bit of magic. He's incredible for someone like that. He's so brave. She's doing so well considering. Considering what?. Of them give a flying toss. You are for what your backstory is. They would never say, he's amazing for someone in the wheelchair. That biscotti's delicious. I love the crunch. The texture's spot on. Really good. Gravity. It's totally self-centred. It wants to introduce your face to the floor, no matter who you are or what you look like. It breaks bones, hearts, and gives middle-aged men moods. Friction doesn't care. It's not here to make exceptions. You're going its way whether your lycra likes it or not. It's keeping your skin as a souvenir. Time doesn't stop for anyone. It just marches ruthlessly on. It says you're not going to qualify. You won't make the plane. Your pet's not coming back. You're not getting any younger. That force, that headwind, that 200-pound weight, that tennis ball headed straight for your face. That's a bit of magic. He's incredible for someone like that. He's so brave. She's doing so well considering. Considering what?. Of them give a flying toss. You are for what your backstory is. They would never say, he's",
Word,225.667,0.9410000000000024,default,default,,,,,,,226.608,amazing,26.0,"They would never say, he's amazing for someone in the wheelchair",english,27.0,1881.0,"That biscotti's delicious. I love the crunch. The texture's spot on. Really good. Gravity. It's totally self-centred. It wants to introduce your face to the floor, no matter who you are or what you look like. It breaks bones, hearts, and gives middle-aged men moods. Friction doesn't care. It's not here to make exceptions. You're going its way whether your lycra likes it or not. It's keeping your skin as a souvenir. Time doesn't stop for anyone. It just marches ruthlessly on. It says you're not going to qualify. You won't make the plane. Your pet's not coming back. You're not getting any younger. That force, that headwind, that 200-pound weight, that tennis ball headed straight for your face. That's a bit of magic. He's incredible for someone like that. He's so brave. She's doing so well considering. Considering what?. Of them give a flying toss. You are for what your backstory is. They would never say, he's amazing for someone in the wheelchair. That biscotti's delicious. I love the crunch. The texture's spot on. Really good. Gravity. It's totally self-centred. It wants to introduce your face to the floor, no matter who you are or what you look like. It breaks bones, hearts, and gives middle-aged men moods. Friction doesn't care. It's not here to make exceptions. You're going its way whether your lycra likes it or not. It's keeping your skin as a souvenir. Time doesn't stop for anyone. It just marches ruthlessly on. It says you're not going to qualify. You won't make the plane. Your pet's not coming back. You're not getting any younger. That force, that headwind, that 200-pound weight, that tennis ball headed straight for your face. That's a bit of magic. He's incredible for someone like that. He's so brave. She's doing so well considering. Considering what?. Of them give a flying toss. You are for what your backstory is. They would never say, he's amazing",
Word,226.628,0.0999999999999943,default,default,,,,,,,226.72799999999998,for,26.0,"They would never say, he's amazing for someone in the wheelchair",english,35.0,1889.0,"That biscotti's delicious. I love the crunch. The texture's spot on. Really good. Gravity. It's totally self-centred. It wants to introduce your face to the floor, no matter who you are or what you look like. It breaks bones, hearts, and gives middle-aged men moods. Friction doesn't care. It's not here to make exceptions. You're going its way whether your lycra likes it or not. It's keeping your skin as a souvenir. Time doesn't stop for anyone. It just marches ruthlessly on. It says you're not going to qualify. You won't make the plane. Your pet's not coming back. You're not getting any younger. That force, that headwind, that 200-pound weight, that tennis ball headed straight for your face. That's a bit of magic. He's incredible for someone like that. He's so brave. She's doing so well considering. Considering what?. Of them give a flying toss. You are for what your backstory is. They would never say, he's amazing for someone in the wheelchair. That biscotti's delicious. I love the crunch. The texture's spot on. Really good. Gravity. It's totally self-centred. It wants to introduce your face to the floor, no matter who you are or what you look like. It breaks bones, hearts, and gives middle-aged men moods. Friction doesn't care. It's not here to make exceptions. You're going its way whether your lycra likes it or not. It's keeping your skin as a souvenir. Time doesn't stop for anyone. It just marches ruthlessly on. It says you're not going to qualify. You won't make the plane. Your pet's not coming back. You're not getting any younger. That force, that headwind, that 200-pound weight, that tennis ball headed straight for your face. That's a bit of magic. He's incredible for someone like that. He's so brave. She's doing so well considering. Considering what?. Of them give a flying toss. You are for what your backstory is. They would never say, he's amazing for",
Word,226.748,0.3209999999999979,default,default,,,,,,,227.069,someone,26.0,"They would never say, he's amazing for someone in the wheelchair",english,39.0,1893.0,"That biscotti's delicious. I love the crunch. The texture's spot on. Really good. Gravity. It's totally self-centred. It wants to introduce your face to the floor, no matter who you are or what you look like. It breaks bones, hearts, and gives middle-aged men moods. Friction doesn't care. It's not here to make exceptions. You're going its way whether your lycra likes it or not. It's keeping your skin as a souvenir. Time doesn't stop for anyone. It just marches ruthlessly on. It says you're not going to qualify. You won't make the plane. Your pet's not coming back. You're not getting any younger. That force, that headwind, that 200-pound weight, that tennis ball headed straight for your face. That's a bit of magic. He's incredible for someone like that. He's so brave. She's doing so well considering. Considering what?. Of them give a flying toss. You are for what your backstory is. They would never say, he's amazing for someone in the wheelchair. That biscotti's delicious. I love the crunch. The texture's spot on. Really good. Gravity. It's totally self-centred. It wants to introduce your face to the floor, no matter who you are or what you look like. It breaks bones, hearts, and gives middle-aged men moods. Friction doesn't care. It's not here to make exceptions. You're going its way whether your lycra likes it or not. It's keeping your skin as a souvenir. Time doesn't stop for anyone. It just marches ruthlessly on. It says you're not going to qualify. You won't make the plane. Your pet's not coming back. You're not getting any younger. That force, that headwind, that 200-pound weight, that tennis ball headed straight for your face. That's a bit of magic. He's incredible for someone like that. He's so brave. She's doing so well considering. Considering what?. Of them give a flying toss. You are for what your backstory is. They would never say, he's amazing for someone",
Word,227.149,0.0799999999999983,default,default,,,,,,,227.22899999999998,in,26.0,"They would never say, he's amazing for someone in the wheelchair",english,47.0,1901.0,"That biscotti's delicious. I love the crunch. The texture's spot on. Really good. Gravity. It's totally self-centred. It wants to introduce your face to the floor, no matter who you are or what you look like. It breaks bones, hearts, and gives middle-aged men moods. Friction doesn't care. It's not here to make exceptions. You're going its way whether your lycra likes it or not. It's keeping your skin as a souvenir. Time doesn't stop for anyone. It just marches ruthlessly on. It says you're not going to qualify. You won't make the plane. Your pet's not coming back. You're not getting any younger. That force, that headwind, that 200-pound weight, that tennis ball headed straight for your face. That's a bit of magic. He's incredible for someone like that. He's so brave. She's doing so well considering. Considering what?. Of them give a flying toss. You are for what your backstory is. They would never say, he's amazing for someone in the wheelchair. That biscotti's delicious. I love the crunch. The texture's spot on. Really good. Gravity. It's totally self-centred. It wants to introduce your face to the floor, no matter who you are or what you look like. It breaks bones, hearts, and gives middle-aged men moods. Friction doesn't care. It's not here to make exceptions. You're going its way whether your lycra likes it or not. It's keeping your skin as a souvenir. Time doesn't stop for anyone. It just marches ruthlessly on. It says you're not going to qualify. You won't make the plane. Your pet's not coming back. You're not getting any younger. That force, that headwind, that 200-pound weight, that tennis ball headed straight for your face. That's a bit of magic. He's incredible for someone like that. He's so brave. She's doing so well considering. Considering what?. Of them give a flying toss. You are for what your backstory is. They would never say, he's amazing for someone in",
Word,227.269,0.2399999999999948,default,default,,,,,,,227.509,the,26.0,"They would never say, he's amazing for someone in the wheelchair",english,50.0,1904.0,"That biscotti's delicious. I love the crunch. The texture's spot on. Really good. Gravity. It's totally self-centred. It wants to introduce your face to the floor, no matter who you are or what you look like. It breaks bones, hearts, and gives middle-aged men moods. Friction doesn't care. It's not here to make exceptions. You're going its way whether your lycra likes it or not. It's keeping your skin as a souvenir. Time doesn't stop for anyone. It just marches ruthlessly on. It says you're not going to qualify. You won't make the plane. Your pet's not coming back. You're not getting any younger. That force, that headwind, that 200-pound weight, that tennis ball headed straight for your face. That's a bit of magic. He's incredible for someone like that. He's so brave. She's doing so well considering. Considering what?. Of them give a flying toss. You are for what your backstory is. They would never say, he's amazing for someone in the wheelchair. That biscotti's delicious. I love the crunch. The texture's spot on. Really good. Gravity. It's totally self-centred. It wants to introduce your face to the floor, no matter who you are or what you look like. It breaks bones, hearts, and gives middle-aged men moods. Friction doesn't care. It's not here to make exceptions. You're going its way whether your lycra likes it or not. It's keeping your skin as a souvenir. Time doesn't stop for anyone. It just marches ruthlessly on. It says you're not going to qualify. You won't make the plane. Your pet's not coming back. You're not getting any younger. That force, that headwind, that 200-pound weight, that tennis ball headed straight for your face. That's a bit of magic. He's incredible for someone like that. He's so brave. She's doing so well considering. Considering what?. Of them give a flying toss. You are for what your backstory is. They would never say, he's amazing for someone in the",
Word,227.589,0.3610000000000042,default,default,,,,,,,227.95,wheelchair.,26.0,"They would never say, he's amazing for someone in the wheelchair",english,54.0,1908.0,"That biscotti's delicious. I love the crunch. The texture's spot on. Really good. Gravity. It's totally self-centred. It wants to introduce your face to the floor, no matter who you are or what you look like. It breaks bones, hearts, and gives middle-aged men moods. Friction doesn't care. It's not here to make exceptions. You're going its way whether your lycra likes it or not. It's keeping your skin as a souvenir. Time doesn't stop for anyone. It just marches ruthlessly on. It says you're not going to qualify. You won't make the plane. Your pet's not coming back. You're not getting any younger. That force, that headwind, that 200-pound weight, that tennis ball headed straight for your face. That's a bit of magic. He's incredible for someone like that. He's so brave. She's doing so well considering. Considering what?. Of them give a flying toss. You are for what your backstory is. They would never say, he's amazing for someone in the wheelchair. That biscotti's delicious. I love the crunch. The texture's spot on. Really good. Gravity. It's totally self-centred. It wants to introduce your face to the floor, no matter who you are or what you look like. It breaks bones, hearts, and gives middle-aged men moods. Friction doesn't care. It's not here to make exceptions. You're going its way whether your lycra likes it or not. It's keeping your skin as a souvenir. Time doesn't stop for anyone. It just marches ruthlessly on. It says you're not going to qualify. You won't make the plane. Your pet's not coming back. You're not getting any younger. That force, that headwind, that 200-pound weight, that tennis ball headed straight for your face. That's a bit of magic. He's incredible for someone like that. He's so brave. She's doing so well considering. Considering what?. Of them give a flying toss. You are for what your backstory is. They would never say, he's amazing for someone in the wheelchair",
