index,time_sec,video_frame_index,prediction_index,top_regions,png_path
0,0.0,0,0,L Sulcus orbital-H Shaped (2.64); R Sulcus suborbital (2.54); L Gyrus orbital (2.37); R Gyrus temporal inf (2.35); L Sulcus temporal inf (2.31); L Gyrus temporal inf (2.22); L Gyrus and Sulcus cingul-Ant (2.19); R Gyrus precentral (2.14),/content/drive/MyDrive/New project/deliverables/figures/brain_frames_0p5s/Considering_What_Paris_2024_Paralympic_Games_20260429_194951/frame_0000_0000.0s.png
1,0.5,12,1,L Gyrus temporal inf (2.87); R Sulcus suborbital (2.74); L Sulcus orbital med-olfact (2.56); L Sulcus orbital-H Shaped (2.48); R Gyrus oc-temp med-Parahip (2.45); L Gyrus orbital (2.40); R Gyrus subcallosal (2.37); R Gyrus temporal inf (2.36),/content/drive/MyDrive/New project/deliverables/figures/brain_frames_0p5s/Considering_What_Paris_2024_Paralympic_Games_20260429_194951/frame_0001_0000.5s.png
2,1.0,25,2,L Gyrus temporal inf (3.35); R Sulcus suborbital (2.81); R Sulcus oc-temp med and Lingual (2.78); L Gyrus orbital (2.77); R Gyrus temporal inf (2.66); R Sulcus temporal inf (2.64); L Sulcus precentral-sup-part (2.63); L Sulcus orbital-H Shaped (2.61),/content/drive/MyDrive/New project/deliverables/figures/brain_frames_0p5s/Considering_What_Paris_2024_Paralympic_Games_20260429_194951/frame_0002_0001.0s.png
3,1.5,38,2,L Gyrus temporal inf (3.35); R Sulcus suborbital (2.81); R Sulcus oc-temp med and Lingual (2.78); L Gyrus orbital (2.77); R Gyrus temporal inf (2.66); R Sulcus temporal inf (2.64); L Sulcus precentral-sup-part (2.63); L Sulcus orbital-H Shaped (2.61),/content/drive/MyDrive/New project/deliverables/figures/brain_frames_0p5s/Considering_What_Paris_2024_Paralympic_Games_20260429_194951/frame_0003_0001.5s.png
4,2.0,50,3,L Gyrus temporal inf (3.12); R Gyrus oc-temp med-Parahip (2.70); L Gyrus and Sulcus transv frontopol (2.66); R Gyrus subcallosal (2.63); L Sulcus orbital med-olfact (2.61); L Gyrus oc-temp med-Parahip (2.56); R Sulcus oc-temp med and Lingual (2.53); R Gyrus temporal inf (2.50),/content/drive/MyDrive/New project/deliverables/figures/brain_frames_0p5s/Considering_What_Paris_2024_Paralympic_Games_20260429_194951/frame_0004_0002.0s.png
5,2.5,62,4,L Gyrus temporal inf (2.93); R Gyrus oc-temp med-Parahip (2.73); L Gyrus and Sulcus transv frontopol (2.63); R Gyrus temporal inf (2.54); L Sulcus orbital med-olfact (2.51); R Sulcus oc-temp med and Lingual (2.48); R Sulcus temporal inf (2.44); L Gyrus and Sulcus cingul-Ant (2.41),/content/drive/MyDrive/New project/deliverables/figures/brain_frames_0p5s/Considering_What_Paris_2024_Paralympic_Games_20260429_194951/frame_0005_0002.5s.png
6,3.0,75,5,L Gyrus orbital (2.88); R Gyrus oc-temp med-Parahip (2.81); L Sulcus orbital med-olfact (2.78); L Gyrus temporal inf (2.70); L Gyrus and Sulcus transv frontopol (2.66); R Sulcus oc-temp med and Lingual (2.48); L Gyrus oc-temp med-Parahip (2.48); R Sulcus central (2.45),/content/drive/MyDrive/New project/deliverables/figures/brain_frames_0p5s/Considering_What_Paris_2024_Paralympic_Games_20260429_194951/frame_0006_0003.0s.png
7,3.5,88,6,L Gyrus orbital (2.87); R Gyrus oc-temp med-Parahip (2.64); L Sulcus orbital med-olfact (2.54); L Gyrus and Sulcus transv frontopol (2.53); R Sulcus oc-temp med and Lingual (2.46); L Gyrus temporal inf (2.46); L Sulcus collat transv ant (2.38); R Sulcus central (2.37),/content/drive/MyDrive/New project/deliverables/figures/brain_frames_0p5s/Considering_What_Paris_2024_Paralympic_Games_20260429_194951/frame_0007_0003.5s.png
8,4.0,100,6,L Gyrus orbital (2.87); R Gyrus oc-temp med-Parahip (2.64); L Sulcus orbital med-olfact (2.54); L Gyrus and Sulcus transv frontopol (2.53); R Sulcus oc-temp med and Lingual (2.46); L Gyrus temporal inf (2.46); L Sulcus collat transv ant (2.38); R Sulcus central (2.37),/content/drive/MyDrive/New project/deliverables/figures/brain_frames_0p5s/Considering_What_Paris_2024_Paralympic_Games_20260429_194951/frame_0008_0004.0s.png
9,4.5,112,7,L Sulcus collat transv ant (2.63); R Sulcus oc-temp med and Lingual (2.61); L Gyrus orbital (2.56); R Gyrus oc-temp med-Parahip (2.51); R Sulcus central (2.49); R Sulcus subparietal (2.39); L Gyrus and Sulcus transv frontopol (2.37); R Sulcus suborbital (2.36),/content/drive/MyDrive/New project/deliverables/figures/brain_frames_0p5s/Considering_What_Paris_2024_Paralympic_Games_20260429_194951/frame_0009_0004.5s.png
10,5.0,125,8,R Sulcus oc-temp med and Lingual (2.76); R Sulcus suborbital (2.65); R Sulcus subparietal (2.63); R Gyrus oc-temp med-Parahip (2.63); L Gyrus rectus (2.54); L Sulcus temporal inf (2.51); R Gyrus and Sulcus transv frontopol (2.51); R Gyrus temporal inf (2.44),/content/drive/MyDrive/New project/deliverables/figures/brain_frames_0p5s/Considering_What_Paris_2024_Paralympic_Games_20260429_194951/frame_0010_0005.0s.png
11,5.5,138,9,R Sulcus oc-temp med and Lingual (2.80); R Sulcus subparietal (2.78); R Gyrus and Sulcus transv frontopol (2.60); R Gyrus oc-temp med-Parahip (2.60); L Sulcus temporal inf (2.57); R Gyrus temporal inf (2.55); R Sulcus suborbital (2.52); L Gyrus and Sulcus subcentral (2.50),/content/drive/MyDrive/New project/deliverables/figures/brain_frames_0p5s/Considering_What_Paris_2024_Paralympic_Games_20260429_194951/frame_0011_0005.5s.png
12,6.0,150,10,R Sulcus subparietal (2.87); L Gyrus and Sulcus transv frontopol (2.60); R Sulcus temporal sup (2.59); R Gyrus temporal inf (2.57); R Gyrus and Sulcus transv frontopol (2.56); L Gyrus and Sulcus subcentral (2.55); R Sulcus front inf (2.55); L Gyrus precuneus (2.54),/content/drive/MyDrive/New project/deliverables/figures/brain_frames_0p5s/Considering_What_Paris_2024_Paralympic_Games_20260429_194951/frame_0012_0006.0s.png
13,6.5,162,11,R Sulcus subparietal (2.88); R Sulcus temporal sup (2.60); L Gyrus cingul-Post-ventral (2.60); R Sulcus suborbital (2.55); L Gyrus and Sulcus transv frontopol (2.54); L Gyrus precuneus (2.54); R Sulcus front inf (2.54); R Gyrus temporal inf (2.54),/content/drive/MyDrive/New project/deliverables/figures/brain_frames_0p5s/Considering_What_Paris_2024_Paralympic_Games_20260429_194951/frame_0013_0006.5s.png
14,7.0,175,11,R Sulcus subparietal (2.88); R Sulcus temporal sup (2.60); L Gyrus cingul-Post-ventral (2.60); R Sulcus suborbital (2.55); L Gyrus and Sulcus transv frontopol (2.54); L Gyrus precuneus (2.54); R Sulcus front inf (2.54); R Gyrus temporal inf (2.54),/content/drive/MyDrive/New project/deliverables/figures/brain_frames_0p5s/Considering_What_Paris_2024_Paralympic_Games_20260429_194951/frame_0014_0007.0s.png
15,7.5,188,12,R Sulcus subparietal (2.78); L Gyrus cingul-Post-ventral (2.63); R Sulcus temporal sup (2.55); R Gyrus temporal inf (2.51); R Sulcus suborbital (2.51); L Gyrus subcallosal (2.51); R Sulcus front inf (2.49); L Gyrus precuneus (2.47),/content/drive/MyDrive/New project/deliverables/figures/brain_frames_0p5s/Considering_What_Paris_2024_Paralympic_Games_20260429_194951/frame_0015_0007.5s.png
16,8.0,200,13,R Sulcus subparietal (2.60); L Gyrus cingul-Post-ventral (2.58); L Gyrus subcallosal (2.56); R Sulcus temporal sup (2.47); R Gyrus temporal inf (2.46); R Sulcus suborbital (2.46); R Sulcus front inf (2.43); L Gyrus rectus (2.40),/content/drive/MyDrive/New project/deliverables/figures/brain_frames_0p5s/Considering_What_Paris_2024_Paralympic_Games_20260429_194951/frame_0016_0008.0s.png
17,8.5,212,14,L Gyrus subcallosal (2.58); R Sulcus orbital lateral (2.40); R Gyrus temporal inf (2.39); L Gyrus cingul-Post-ventral (2.39); L Gyrus rectus (2.37); L Gyrus temporal inf (2.36); L Gyrus oc-temp med-Parahip (2.35); R Gyrus front middle (2.34),/content/drive/MyDrive/New project/deliverables/figures/brain_frames_0p5s/Considering_What_Paris_2024_Paralympic_Games_20260429_194951/frame_0017_0008.5s.png
18,9.0,225,15,L Sulcus temporal inf (2.55); L Gyrus subcallosal (2.51); R Sulcus orbital lateral (2.41); R Sulcus orbital med-olfact (2.32); R Gyrus rectus (2.29); R Sulcus suborbital (2.27); L Gyrus oc-temp med-Parahip (2.27); L Gyrus and Sulcus frontomargin (2.27),/content/drive/MyDrive/New project/deliverables/figures/brain_frames_0p5s/Considering_What_Paris_2024_Paralympic_Games_20260429_194951/frame_0018_0009.0s.png
19,9.5,238,15,L Sulcus temporal inf (2.55); L Gyrus subcallosal (2.51); R Sulcus orbital lateral (2.41); R Sulcus orbital med-olfact (2.32); R Gyrus rectus (2.29); R Sulcus suborbital (2.27); L Gyrus oc-temp med-Parahip (2.27); L Gyrus and Sulcus frontomargin (2.27),/content/drive/MyDrive/New project/deliverables/figures/brain_frames_0p5s/Considering_What_Paris_2024_Paralympic_Games_20260429_194951/frame_0019_0009.5s.png
20,10.0,250,16,L Gyrus subcallosal (2.41); R Sulcus orbital lateral (2.32); R Gyrus rectus (2.30); R Gyrus and Sulcus subcentral (2.29); L Sulcus temporal inf (2.28); R Gyrus and Sulcus frontomargin (2.24); L Sulcus oc-temp med and Lingual (2.22); R Gyrus front middle (2.21),/content/drive/MyDrive/New project/deliverables/figures/brain_frames_0p5s/Considering_What_Paris_2024_Paralympic_Games_20260429_194951/frame_0020_0010.0s.png
21,10.5,262,17,R Gyrus and Sulcus subcentral (2.29); R Lat Fis-ant-Horizont (2.27); R Sulcus orbital lateral (2.27); L Gyrus orbital (2.25); L Gyrus subcallosal (2.24); R Gyrus rectus (2.23); R Lat Fis-ant-Vertical (2.21); R Gyrus front inf-Triangul (2.17),/content/drive/MyDrive/New project/deliverables/figures/brain_frames_0p5s/Considering_What_Paris_2024_Paralympic_Games_20260429_194951/frame_0021_0010.5s.png
22,11.0,275,18,R Gyrus and Sulcus frontomargin (2.40); R Gyrus and Sulcus subcentral (2.21); L Gyrus orbital (2.20); R Sulcus orbital lateral (2.19); R Gyrus front inf-Triangul (2.19); R Lat Fis-ant-Horizont (2.17); R Lat Fis-ant-Vertical (2.16); R Gyrus temporal middle (2.15),/content/drive/MyDrive/New project/deliverables/figures/brain_frames_0p5s/Considering_What_Paris_2024_Paralympic_Games_20260429_194951/frame_0022_0011.0s.png
23,11.5,288,19,R Gyrus front inf-Triangul (2.23); R Gyrus pariet inf-Angular (2.22); R Gyrus front inf-Orbital (2.21); L Lat Fis-post (2.15); L Gyrus precentral (2.15); L Gyrus temporal middle (2.15); R Sulcus orbital lateral (2.15); R Sulcus precentral-inf-part (2.14),/content/drive/MyDrive/New project/deliverables/figures/brain_frames_0p5s/Considering_What_Paris_2024_Paralympic_Games_20260429_194951/frame_0023_0011.5s.png
24,12.0,300,19,R Gyrus front inf-Triangul (2.23); R Gyrus pariet inf-Angular (2.22); R Gyrus front inf-Orbital (2.21); L Lat Fis-post (2.15); L Gyrus precentral (2.15); L Gyrus temporal middle (2.15); R Sulcus orbital lateral (2.15); R Sulcus precentral-inf-part (2.14),/content/drive/MyDrive/New project/deliverables/figures/brain_frames_0p5s/Considering_What_Paris_2024_Paralympic_Games_20260429_194951/frame_0024_0012.0s.png
25,12.5,312,20,L Sulcus temporal transverse (2.45); L Lat Fis-post (2.43); L Gyrus front inf-Opercular (2.42); R Gyrus pariet inf-Angular (2.39); R Sulcus temporal transverse (2.38); L Gyrus temp sup-Plan tempo (2.38); L Gyrus temporal middle (2.33); R Gyrus front inf-Triangul (2.29),/content/drive/MyDrive/New project/deliverables/figures/brain_frames_0p5s/Considering_What_Paris_2024_Paralympic_Games_20260429_194951/frame_0025_0012.5s.png
26,13.0,325,21,L Sulcus temporal transverse (2.70); L Gyrus temp sup-Plan tempo (2.67); L Lat Fis-post (2.67); R Sulcus temporal transverse (2.67); L Gyrus temp sup-Gyrus T transv (2.52); R Gyrus pariet inf-Angular (2.51); R Gyrus temp sup-Plan tempo (2.49); L Gyrus temporal middle (2.47),/content/drive/MyDrive/New project/deliverables/figures/brain_frames_0p5s/Considering_What_Paris_2024_Paralympic_Games_20260429_194951/frame_0026_0013.0s.png
27,13.5,338,22,L Gyrus temp sup-Plan tempo (2.84); L Lat Fis-post (2.81); L Sulcus temporal transverse (2.74); R Sulcus temporal transverse (2.69); R Gyrus temp sup-Plan tempo (2.68); R Gyrus pariet inf-Angular (2.60); R Gyrus temp sup-Gyrus T transv (2.53); L Gyrus temporal middle (2.53),/content/drive/MyDrive/New project/deliverables/figures/brain_frames_0p5s/Considering_What_Paris_2024_Paralympic_Games_20260429_194951/frame_0027_0013.5s.png
28,14.0,350,23,L Gyrus temp sup-Plan tempo (2.93); L Lat Fis-post (2.82); R Gyrus temp sup-Plan tempo (2.81); L Sulcus precentral-sup-part (2.78); L Gyrus pariet inf-Supramar (2.69); L Sulcus temporal transverse (2.67); R Gyrus pariet inf-Supramar (2.66); R Lat Fis-post (2.64),/content/drive/MyDrive/New project/deliverables/figures/brain_frames_0p5s/Considering_What_Paris_2024_Paralympic_Games_20260429_194951/frame_0028_0014.0s.png
29,14.5,362,24,L Sulcus precentral-sup-part (2.92); L Sulcus postcentral (2.83); L Gyrus pariet inf-Supramar (2.83); R Gyrus pariet inf-Supramar (2.82); L Gyrus temp sup-Plan tempo (2.79); R Sulcus precentral-sup-part (2.77); R Gyrus temp sup-Plan tempo (2.76); R Lat Fis-post (2.71),/content/drive/MyDrive/New project/deliverables/figures/brain_frames_0p5s/Considering_What_Paris_2024_Paralympic_Games_20260429_194951/frame_0029_0014.5s.png
30,15.0,375,24,L Sulcus precentral-sup-part (2.92); L Sulcus postcentral (2.83); L Gyrus pariet inf-Supramar (2.83); R Gyrus pariet inf-Supramar (2.82); L Gyrus temp sup-Plan tempo (2.79); R Sulcus precentral-sup-part (2.77); R Gyrus temp sup-Plan tempo (2.76); R Lat Fis-post (2.71),/content/drive/MyDrive/New project/deliverables/figures/brain_frames_0p5s/Considering_What_Paris_2024_Paralympic_Games_20260429_194951/frame_0030_0015.0s.png
31,15.5,388,25,L Sulcus precentral-sup-part (3.03); L Sulcus postcentral (3.03); L Gyrus pariet inf-Supramar (2.94); R Gyrus pariet inf-Supramar (2.93); L Sulcus circular insula sup (2.92); R Sulcus precentral-sup-part (2.89); R Sulcus postcentral (2.87); R Gyrus parietal sup (2.83),/content/drive/MyDrive/New project/deliverables/figures/brain_frames_0p5s/Considering_What_Paris_2024_Paralympic_Games_20260429_194951/frame_0031_0015.5s.png
32,16.0,400,26,L Sulcus postcentral (3.17); L Sulcus precentral-sup-part (3.11); L Sulcus circular insula sup (3.09); L Gyrus pariet inf-Supramar (3.02); R Gyrus pariet inf-Supramar (3.00); R Sulcus postcentral (2.98); R Sulcus precentral-sup-part (2.97); R Gyrus parietal sup (2.94),/content/drive/MyDrive/New project/deliverables/figures/brain_frames_0p5s/Considering_What_Paris_2024_Paralympic_Games_20260429_194951/frame_0032_0016.0s.png
33,16.5,412,27,L Sulcus postcentral (3.12); L Sulcus circular insula sup (3.09); L Sulcus precentral-sup-part (3.00); L Gyrus pariet inf-Supramar (2.97); R Gyrus pariet inf-Supramar (2.93); R Sulcus postcentral (2.93); R Gyrus parietal sup (2.89); R Sulcus precentral-sup-part (2.86),/content/drive/MyDrive/New project/deliverables/figures/brain_frames_0p5s/Considering_What_Paris_2024_Paralympic_Games_20260429_194951/frame_0033_0016.5s.png
34,17.0,425,28,L Sulcus postcentral (3.01); L Sulcus circular insula sup (2.93); L Gyrus pariet inf-Supramar (2.82); L Sulcus precentral-sup-part (2.82); R Sulcus postcentral (2.82); R Sulcus interm prim-Jensen (2.79); R Gyrus pariet inf-Supramar (2.79); R Gyrus parietal sup (2.78),/content/drive/MyDrive/New project/deliverables/figures/brain_frames_0p5s/Considering_What_Paris_2024_Paralympic_Games_20260429_194951/frame_0034_0017.0s.png
35,17.5,438,28,L Sulcus postcentral (3.01); L Sulcus circular insula sup (2.93); L Gyrus pariet inf-Supramar (2.82); L Sulcus precentral-sup-part (2.82); R Sulcus postcentral (2.82); R Sulcus interm prim-Jensen (2.79); R Gyrus pariet inf-Supramar (2.79); R Gyrus parietal sup (2.78),/content/drive/MyDrive/New project/deliverables/figures/brain_frames_0p5s/Considering_What_Paris_2024_Paralympic_Games_20260429_194951/frame_0035_0017.5s.png
36,18.0,450,29,L Sulcus postcentral (2.79); L Sulcus circular insula sup (2.74); L Gyrus pariet inf-Supramar (2.64); L Gyrus precentral (2.63); R Sulcus postcentral (2.62); R Sulcus interm prim-Jensen (2.59); L Sulcus precentral-sup-part (2.58); R Sulcus circular insula sup (2.58),/content/drive/MyDrive/New project/deliverables/figures/brain_frames_0p5s/Considering_What_Paris_2024_Paralympic_Games_20260429_194951/frame_0036_0018.0s.png
37,18.5,462,30,L Sulcus postcentral (2.55); L Gyrus precentral (2.50); L Sulcus circular insula sup (2.46); R Sulcus circular insula sup (2.46); L Gyrus pariet inf-Supramar (2.44); R Sulcus postcentral (2.39); R Sulcus interm prim-Jensen (2.39); L Gyrus and Sulcus subcentral (2.38),/content/drive/MyDrive/New project/deliverables/figures/brain_frames_0p5s/Considering_What_Paris_2024_Paralympic_Games_20260429_194951/frame_0037_0018.5s.png
38,19.0,475,31,L Gyrus precentral (2.32); L Gyrus temporal middle (2.29); L Gyrus front middle (2.28); L Sulcus postcentral (2.27); R Sulcus circular insula sup (2.27); L Gyrus front inf-Triangul (2.26); L Sulcus front inf (2.26); L Gyrus temporal inf (2.24),/content/drive/MyDrive/New project/deliverables/figures/brain_frames_0p5s/Considering_What_Paris_2024_Paralympic_Games_20260429_194951/frame_0038_0019.0s.png
39,19.5,488,32,R Sulcus orbital med-olfact (2.27); L Gyrus temporal middle (2.26); L Gyrus front middle (2.24); L Sulcus front inf (2.23); L Gyrus temporal inf (2.20); L Pole temporal (2.19); L Gyrus rectus (2.19); R Gyrus rectus (2.18),/content/drive/MyDrive/New project/deliverables/figures/brain_frames_0p5s/Considering_What_Paris_2024_Paralympic_Games_20260429_194951/frame_0039_0019.5s.png
40,20.0,500,32,R Sulcus orbital med-olfact (2.27); L Gyrus temporal middle (2.26); L Gyrus front middle (2.24); L Sulcus front inf (2.23); L Gyrus temporal inf (2.20); L Pole temporal (2.19); L Gyrus rectus (2.19); R Gyrus rectus (2.18),/content/drive/MyDrive/New project/deliverables/figures/brain_frames_0p5s/Considering_What_Paris_2024_Paralympic_Games_20260429_194951/frame_0040_0020.0s.png
41,20.5,512,33,R Gyrus rectus (2.25); L Sulcus intrapariet and P trans (2.21); L Gyrus temp sup-Plan polar (2.21); L Pole temporal (2.20); L Gyrus rectus (2.20); L Gyrus front middle (2.19); L Gyrus temporal middle (2.17); L Gyrus orbital (2.17),/content/drive/MyDrive/New project/deliverables/figures/brain_frames_0p5s/Considering_What_Paris_2024_Paralympic_Games_20260429_194951/frame_0041_0020.5s.png
42,21.0,525,34,L Gyrus and Sulcus subcentral (2.41); R Gyrus rectus (2.23); L Sulcus orbital lateral (2.23); L Sulcus temporal sup (2.20); L Gyrus rectus (2.19); L Gyrus orbital (2.19); L Pole temporal (2.18); L Gyrus pariet inf-Angular (2.16),/content/drive/MyDrive/New project/deliverables/figures/brain_frames_0p5s/Considering_What_Paris_2024_Paralympic_Games_20260429_194951/frame_0042_0021.0s.png
43,21.5,538,35,R Gyrus temporal inf (2.25); L Sulcus orbital lateral (2.20); R Gyrus postcentral (2.17); L Sulcus orbital-H Shaped (2.17); L Gyrus pariet inf-Angular (2.17); L Gyrus and Sulcus subcentral (2.16); L Sulcus temporal sup (2.16); R Gyrus rectus (2.14),/content/drive/MyDrive/New project/deliverables/figures/brain_frames_0p5s/Considering_What_Paris_2024_Paralympic_Games_20260429_194951/frame_0043_0021.5s.png
44,22.0,550,36,R Gyrus orbital (2.55); R Gyrus temporal inf (2.18); R Gyrus rectus (2.17); L Gyrus and Sulcus subcentral (2.13); L Sulcus suborbital (2.10); L Sulcus orbital-H Shaped (2.08); L Gyrus pariet inf-Angular (2.06); L Sulcus temporal sup (2.06),/content/drive/MyDrive/New project/deliverables/figures/brain_frames_0p5s/Considering_What_Paris_2024_Paralympic_Games_20260429_194951/frame_0044_0022.0s.png
45,22.5,562,36,R Gyrus orbital (2.55); R Gyrus temporal inf (2.18); R Gyrus rectus (2.17); L Gyrus and Sulcus subcentral (2.13); L Sulcus suborbital (2.10); L Sulcus orbital-H Shaped (2.08); L Gyrus pariet inf-Angular (2.06); L Sulcus temporal sup (2.06),/content/drive/MyDrive/New project/deliverables/figures/brain_frames_0p5s/Considering_What_Paris_2024_Paralympic_Games_20260429_194951/frame_0045_0022.5s.png
46,23.0,575,37,R Gyrus orbital (2.71); R Gyrus rectus (2.19); L Gyrus and Sulcus paracentral (2.08); L Gyrus temporal inf (2.07); L Gyrus and Sulcus subcentral (2.07); L Gyrus pariet inf-Angular (2.05); L Gyrus front middle (2.05); L Sulcus central (2.03),/content/drive/MyDrive/New project/deliverables/figures/brain_frames_0p5s/Considering_What_Paris_2024_Paralympic_Games_20260429_194951/frame_0046_0023.0s.png
47,23.5,588,38,R Gyrus orbital (2.83); R Gyrus rectus (2.17); L Gyrus temporal inf (2.10); L Gyrus and Sulcus paracentral (2.08); R Gyrus precentral (2.08); L Sulcus central (2.06); L Gyrus front middle (2.04); L Sulcus parieto occipital (2.04),/content/drive/MyDrive/New project/deliverables/figures/brain_frames_0p5s/Considering_What_Paris_2024_Paralympic_Games_20260429_194951/frame_0047_0023.5s.png
48,24.0,600,39,R Gyrus orbital (2.88); R Gyrus rectus (2.16); L Sulcus parieto occipital (2.10); L Gyrus temporal inf (2.09); L Gyrus and Sulcus paracentral (2.09); L Sulcus cingul-Marginalis (2.07); L Gyrus cuneus (2.05); L Gyrus front middle (2.05),/content/drive/MyDrive/New project/deliverables/figures/brain_frames_0p5s/Considering_What_Paris_2024_Paralympic_Games_20260429_194951/frame_0048_0024.0s.png
49,24.5,612,40,R Gyrus orbital (2.95); L Sulcus cingul-Marginalis (2.26); L Sulcus parieto occipital (2.23); R Gyrus cuneus (2.17); R Gyrus parietal sup (2.17); R Sulcus parieto occipital (2.17); L Gyrus cuneus (2.16); L Gyrus and Sulcus paracentral (2.14),/content/drive/MyDrive/New project/deliverables/figures/brain_frames_0p5s/Considering_What_Paris_2024_Paralympic_Games_20260429_194951/frame_0049_0024.5s.png
50,25.0,625,41,R Gyrus orbital (2.87); L Sulcus parieto occipital (2.32); L Sulcus cingul-Marginalis (2.29); R Sulcus parieto occipital (2.27); R Gyrus cuneus (2.27); L Gyrus cuneus (2.21); R Sulcus orbital-H Shaped (2.18); L Gyrus occipital sup (2.17),/content/drive/MyDrive/New project/deliverables/figures/brain_frames_0p5s/Considering_What_Paris_2024_Paralympic_Games_20260429_194951/frame_0050_0025.0s.png
51,25.5,638,41,R Gyrus orbital (2.87); L Sulcus parieto occipital (2.32); L Sulcus cingul-Marginalis (2.29); R Sulcus parieto occipital (2.27); R Gyrus cuneus (2.27); L Gyrus cuneus (2.21); R Sulcus orbital-H Shaped (2.18); L Gyrus occipital sup (2.17),/content/drive/MyDrive/New project/deliverables/figures/brain_frames_0p5s/Considering_What_Paris_2024_Paralympic_Games_20260429_194951/frame_0051_0025.5s.png
52,26.0,650,42,R Gyrus orbital (2.85); L Sulcus parieto occipital (2.35); R Sulcus parieto occipital (2.32); R Gyrus cuneus (2.30); R Sulcus orbital-H Shaped (2.29); L Sulcus cingul-Marginalis (2.28); L Gyrus cuneus (2.22); L Gyrus occipital sup (2.19),/content/drive/MyDrive/New project/deliverables/figures/brain_frames_0p5s/Considering_What_Paris_2024_Paralympic_Games_20260429_194951/frame_0052_0026.0s.png
53,26.5,662,43,R Gyrus orbital (2.64); R Sulcus orbital-H Shaped (2.38); L Sulcus parieto occipital (2.28); R Gyrus cuneus (2.28); R Sulcus parieto occipital (2.24); L Gyrus cuneus (2.20); L Sulcus cingul-Marginalis (2.20); L Gyrus and Sulcus subcentral (2.19),/content/drive/MyDrive/New project/deliverables/figures/brain_frames_0p5s/Considering_What_Paris_2024_Paralympic_Games_20260429_194951/frame_0053_0026.5s.png
54,27.0,675,44,R Gyrus orbital (2.40); R Sulcus orbital-H Shaped (2.27); R Gyrus cuneus (2.19); L Sulcus parieto occipital (2.19); R Gyrus postcentral (2.17); L Gyrus and Sulcus subcentral (2.16); R Gyrus oc-temp med-Parahip (2.15); R Sulcus front sup (2.14),/content/drive/MyDrive/New project/deliverables/figures/brain_frames_0p5s/Considering_What_Paris_2024_Paralympic_Games_20260429_194951/frame_0054_0027.0s.png
55,27.5,688,45,R Gyrus postcentral (2.38); L Sulcus orbital lateral (2.21); L Gyrus and Sulcus subcentral (2.19); R Sulcus front sup (2.16); L Sulcus temporal inf (2.14); L Sulcus parieto occipital (2.14); R Gyrus oc-temp med-Parahip (2.13); L Gyrus precuneus (2.13),/content/drive/MyDrive/New project/deliverables/figures/brain_frames_0p5s/Considering_What_Paris_2024_Paralympic_Games_20260429_194951/frame_0055_0027.5s.png
56,28.0,700,45,R Gyrus postcentral (2.38); L Sulcus orbital lateral (2.21); L Gyrus and Sulcus subcentral (2.19); R Sulcus front sup (2.16); L Sulcus temporal inf (2.14); L Sulcus parieto occipital (2.14); R Gyrus oc-temp med-Parahip (2.13); L Gyrus precuneus (2.13),/content/drive/MyDrive/New project/deliverables/figures/brain_frames_0p5s/Considering_What_Paris_2024_Paralympic_Games_20260429_194951/frame_0056_0028.0s.png
57,28.5,712,46,R Gyrus postcentral (2.30); L Gyrus subcallosal (2.26); L Sulcus temporal inf (2.21); L Sulcus orbital lateral (2.20); L Sulcus orbital-H Shaped (2.17); L Gyrus and Sulcus subcentral (2.16); L Gyrus and Sulcus paracentral (2.14); R Gyrus and Sulcus paracentral (2.12),/content/drive/MyDrive/New project/deliverables/figures/brain_frames_0p5s/Considering_What_Paris_2024_Paralympic_Games_20260429_194951/frame_0057_0028.5s.png
58,29.0,725,47,L Gyrus subcallosal (2.35); L Sulcus temporal inf (2.30); L Sulcus orbital-H Shaped (2.22); L Sulcus orbital lateral (2.19); L Gyrus and Sulcus paracentral (2.14); L Sulcus orbital med-olfact (2.13); R Sulcus circular insula sup (2.08); R Gyrus and Sulcus paracentral (2.08),/content/drive/MyDrive/New project/deliverables/figures/brain_frames_0p5s/Considering_What_Paris_2024_Paralympic_Games_20260429_194951/frame_0058_0029.0s.png
59,29.5,738,48,L Sulcus orbital lateral (2.29); L Sulcus temporal inf (2.28); L Sulcus orbital-H Shaped (2.24); R Gyrus temporal inf (2.22); R Gyrus orbital (2.11); R Sulcus orbital med-olfact (2.10); L Gyrus subcallosal (2.10); R Sulcus orbital-H Shaped (2.10),/content/drive/MyDrive/New project/deliverables/figures/brain_frames_0p5s/Considering_What_Paris_2024_Paralympic_Games_20260429_194951/frame_0059_0029.5s.png
60,30.0,750,49,L Sulcus orbital-H Shaped (2.27); R Gyrus orbital (2.23); R Gyrus temporal inf (2.16); L Sulcus temporal inf (2.16); L Sulcus orbital med-olfact (2.06); R Sulcus orbital-H Shaped (2.02); R Sulcus orbital med-olfact (2.01); L Gyrus orbital (2.01),/content/drive/MyDrive/New project/deliverables/figures/brain_frames_0p5s/Considering_What_Paris_2024_Paralympic_Games_20260429_194951/frame_0060_0030.0s.png
61,30.5,762,49,L Sulcus orbital-H Shaped (2.27); R Gyrus orbital (2.23); R Gyrus temporal inf (2.16); L Sulcus temporal inf (2.16); L Sulcus orbital med-olfact (2.06); R Sulcus orbital-H Shaped (2.02); R Sulcus orbital med-olfact (2.01); L Gyrus orbital (2.01),/content/drive/MyDrive/New project/deliverables/figures/brain_frames_0p5s/Considering_What_Paris_2024_Paralympic_Games_20260429_194951/frame_0061_0030.5s.png
62,31.0,775,50,R Gyrus temporal inf (2.25); R Gyrus orbital (2.20); L Sulcus orbital-H Shaped (2.09); R Sulcus orbital-H Shaped (2.03); L Gyrus orbital (2.01); R Sulcus orbital med-olfact (1.99); L Sulcus orbital med-olfact (1.99); L Sulcus temporal inf (1.98),/content/drive/MyDrive/New project/deliverables/figures/brain_frames_0p5s/Considering_What_Paris_2024_Paralympic_Games_20260429_194951/frame_0062_0031.0s.png
63,31.5,788,51,R Gyrus orbital (2.21); R Gyrus temporal inf (2.07); L Sulcus orbital-H Shaped (1.98); L Gyrus rectus (1.94); R Sulcus orbital med-olfact (1.94); L Gyrus orbital (1.93); L Sulcus orbital med-olfact (1.91); L Gyrus temporal inf (1.90),/content/drive/MyDrive/New project/deliverables/figures/brain_frames_0p5s/Considering_What_Paris_2024_Paralympic_Games_20260429_194951/frame_0063_0031.5s.png
64,32.0,800,52,R Gyrus orbital (2.24); L Gyrus rectus (2.00); L Sulcus orbital-H Shaped (1.94); L Gyrus orbital (1.94); R Pole temporal (1.93); L Sulcus orbital med-olfact (1.91); R Gyrus oc-temp med-Parahip (1.91),/content/drive/MyDrive/New project/deliverables/figures/brain_frames_0p5s/Considering_What_Paris_2024_Paralympic_Games_20260429_194951/frame_0064_0032.0s.png
65,32.5,812,53,R Gyrus oc-temp med-Parahip (2.22); R Gyrus orbital (2.22); L Gyrus orbital (2.14); L Sulcus orbital med-olfact (2.05); R Sulcus orbital med-olfact (1.98); L Gyrus rectus (1.93); R Pole temporal (1.91); L Sulcus orbital-H Shaped (1.89),/content/drive/MyDrive/New project/deliverables/figures/brain_frames_0p5s/Considering_What_Paris_2024_Paralympic_Games_20260429_194951/frame_0065_0032.5s.png
66,33.0,825,53,R Gyrus oc-temp med-Parahip (2.22); R Gyrus orbital (2.22); L Gyrus orbital (2.14); L Sulcus orbital med-olfact (2.05); R Sulcus orbital med-olfact (1.98); L Gyrus rectus (1.93); R Pole temporal (1.91); L Sulcus orbital-H Shaped (1.89),/content/drive/MyDrive/New project/deliverables/figures/brain_frames_0p5s/Considering_What_Paris_2024_Paralympic_Games_20260429_194951/frame_0066_0033.0s.png
67,33.5,838,54,L Gyrus orbital (2.19); R Gyrus oc-temp med-Parahip (2.12); R Gyrus orbital (2.07); R Sulcus orbital med-olfact (2.01); L Sulcus orbital med-olfact (1.97); R Pole temporal (1.95); R Gyrus subcallosal (1.88),/content/drive/MyDrive/New project/deliverables/figures/brain_frames_0p5s/Considering_What_Paris_2024_Paralympic_Games_20260429_194951/frame_0067_0033.5s.png
68,34.0,850,55,L Sulcus pericallosal (2.20); L Gyrus rectus (2.15); R Sulcus orbital med-olfact (2.14); L Sulcus orbital med-olfact (2.10); R Gyrus oc-temp med-Parahip (2.09); L Gyrus orbital (2.07); R Gyrus orbital (2.04); R Gyrus temp sup-Plan polar (2.04),/content/drive/MyDrive/New project/deliverables/figures/brain_frames_0p5s/Considering_What_Paris_2024_Paralympic_Games_20260429_194951/frame_0068_0034.0s.png
69,34.5,862,56,L Gyrus rectus (2.50); L Sulcus pericallosal (2.26); R Sulcus orbital med-olfact (2.24); L Gyrus orbital (2.19); L Sulcus orbital med-olfact (2.19); R Gyrus postcentral (2.12); L Gyrus front sup (2.10); R Gyrus and Sulcus cingul-Ant (2.08),/content/drive/MyDrive/New project/deliverables/figures/brain_frames_0p5s/Considering_What_Paris_2024_Paralympic_Games_20260429_194951/frame_0069_0034.5s.png
70,35.0,875,57,R Gyrus postcentral (2.35); L Gyrus orbital (2.32); R Sulcus orbital med-olfact (2.28); L Sulcus orbital med-olfact (2.18); L Gyrus front sup (2.18); R Gyrus and Sulcus cingul-Ant (2.17); L Gyrus rectus (2.15); R Gyrus rectus (2.12),/content/drive/MyDrive/New project/deliverables/figures/brain_frames_0p5s/Considering_What_Paris_2024_Paralympic_Games_20260429_194951/frame_0070_0035.0s.png
71,35.5,888,58,R Gyrus postcentral (2.49); L Gyrus orbital (2.40); L Sulcus orbital med-olfact (2.29); L Gyrus front sup (2.27); L Gyrus rectus (2.26); R Sulcus orbital med-olfact (2.23); R Gyrus rectus (2.23); L Gyrus subcallosal (2.22),/content/drive/MyDrive/New project/deliverables/figures/brain_frames_0p5s/Considering_What_Paris_2024_Paralympic_Games_20260429_194951/frame_0071_0035.5s.png
72,36.0,900,58,R Gyrus postcentral (2.49); L Gyrus orbital (2.40); L Sulcus orbital med-olfact (2.29); L Gyrus front sup (2.27); L Gyrus rectus (2.26); R Sulcus orbital med-olfact (2.23); R Gyrus rectus (2.23); L Gyrus subcallosal (2.22),/content/drive/MyDrive/New project/deliverables/figures/brain_frames_0p5s/Considering_What_Paris_2024_Paralympic_Games_20260429_194951/frame_0072_0036.0s.png
73,36.5,912,59,R Gyrus postcentral (2.52); L Sulcus orbital med-olfact (2.33); L Gyrus rectus (2.31); L Gyrus orbital (2.30); L Gyrus front sup (2.29); L Gyrus subcallosal (2.29); R Gyrus and Sulcus cingul-Ant (2.27); R Sulcus orbital med-olfact (2.26),/content/drive/MyDrive/New project/deliverables/figures/brain_frames_0p5s/Considering_What_Paris_2024_Paralympic_Games_20260429_194951/frame_0073_0036.5s.png
74,37.0,925,60,L Gyrus rectus (2.47); R Gyrus postcentral (2.36); L Sulcus orbital med-olfact (2.24); L Gyrus front sup (2.20); R Sulcus orbital med-olfact (2.16); R Gyrus and Sulcus cingul-Ant (2.11); R Sulcus central (2.07); L Gyrus orbital (2.02),/content/drive/MyDrive/New project/deliverables/figures/brain_frames_0p5s/Considering_What_Paris_2024_Paralympic_Games_20260429_194951/frame_0074_0037.0s.png
75,37.5,938,61,L Gyrus rectus (2.07); R Sulcus orbital med-olfact (2.03); L Sulcus orbital med-olfact (1.97); R Gyrus subcallosal (1.93); L Gyrus front sup (1.91); R Sulcus central (1.89); R Gyrus and Sulcus cingul-Ant (1.89); R Gyrus postcentral (1.89),/content/drive/MyDrive/New project/deliverables/figures/brain_frames_0p5s/Considering_What_Paris_2024_Paralympic_Games_20260429_194951/frame_0075_0037.5s.png
76,38.0,950,62,R Sulcus orbital med-olfact (2.11),/content/drive/MyDrive/New project/deliverables/figures/brain_frames_0p5s/Considering_What_Paris_2024_Paralympic_Games_20260429_194951/frame_0076_0038.0s.png
77,38.5,962,62,R Sulcus orbital med-olfact (2.11),/content/drive/MyDrive/New project/deliverables/figures/brain_frames_0p5s/Considering_What_Paris_2024_Paralympic_Games_20260429_194951/frame_0077_0038.5s.png
78,39.0,975,63,R Sulcus orbital med-olfact (1.90),/content/drive/MyDrive/New project/deliverables/figures/brain_frames_0p5s/Considering_What_Paris_2024_Paralympic_Games_20260429_194951/frame_0078_0039.0s.png
79,39.5,988,64,,/content/drive/MyDrive/New project/deliverables/figures/brain_frames_0p5s/Considering_What_Paris_2024_Paralympic_Games_20260429_194951/frame_0079_0039.5s.png
80,40.0,1000,65,R Gyrus cuneus (2.07),/content/drive/MyDrive/New project/deliverables/figures/brain_frames_0p5s/Considering_What_Paris_2024_Paralympic_Games_20260429_194951/frame_0080_0040.0s.png
81,40.5,1012,66,L Gyrus postcentral (2.11); R Gyrus subcallosal (2.06); R Gyrus cuneus (2.04); L Gyrus oc-temp med-Parahip (2.01); R Gyrus precuneus (1.97); L Gyrus cuneus (1.95); L Sulcus central (1.91),/content/drive/MyDrive/New project/deliverables/figures/brain_frames_0p5s/Considering_What_Paris_2024_Paralympic_Games_20260429_194951/frame_0081_0040.5s.png
82,41.0,1025,66,L Gyrus postcentral (2.11); R Gyrus subcallosal (2.06); R Gyrus cuneus (2.04); L Gyrus oc-temp med-Parahip (2.01); R Gyrus precuneus (1.97); L Gyrus cuneus (1.95); L Sulcus central (1.91),/content/drive/MyDrive/New project/deliverables/figures/brain_frames_0p5s/Considering_What_Paris_2024_Paralympic_Games_20260429_194951/frame_0082_0041.0s.png
83,41.5,1038,67,L Gyrus pariet inf-Angular (2.19); L Gyrus postcentral (2.17); R Gyrus rectus (2.16); R Gyrus subcallosal (2.13); R Gyrus pariet inf-Angular (2.05); L Gyrus oc-temp med-Parahip (2.05); R Gyrus and Sulcus cingul-Ant (2.04); L Gyrus front middle (2.03),/content/drive/MyDrive/New project/deliverables/figures/brain_frames_0p5s/Considering_What_Paris_2024_Paralympic_Games_20260429_194951/frame_0083_0041.5s.png
84,42.0,1050,68,R Gyrus rectus (2.32); L Gyrus front middle (2.21); L Gyrus pariet inf-Angular (2.15); L Sulcus suborbital (2.14); L Gyrus oc-temp med-Parahip (2.13); R Gyrus and Sulcus cingul-Ant (2.12); R Gyrus pariet inf-Angular (2.10); R Gyrus subcallosal (2.08),/content/drive/MyDrive/New project/deliverables/figures/brain_frames_0p5s/Considering_What_Paris_2024_Paralympic_Games_20260429_194951/frame_0084_0042.0s.png
85,42.5,1062,69,R Gyrus rectus (2.42); L Sulcus suborbital (2.24); L Gyrus front middle (2.19); L Gyrus pariet inf-Angular (2.18); L Gyrus and Sulcus cingul-Ant (2.11); R Gyrus pariet inf-Angular (2.10); R Gyrus and Sulcus cingul-Ant (2.09); R Gyrus subcallosal (2.05),/content/drive/MyDrive/New project/deliverables/figures/brain_frames_0p5s/Considering_What_Paris_2024_Paralympic_Games_20260429_194951/frame_0085_0042.5s.png
86,43.0,1075,70,R Gyrus rectus (2.29); R Gyrus and Sulcus cingul-Ant (2.21); L Gyrus pariet inf-Angular (2.19); L Gyrus front middle (2.13); L Gyrus and Sulcus cingul-Ant (2.03); R Gyrus pariet inf-Angular (2.02); L Sulcus temporal inf (2.00); R Sulcus front sup (1.95),/content/drive/MyDrive/New project/deliverables/figures/brain_frames_0p5s/Considering_What_Paris_2024_Paralympic_Games_20260429_194951/frame_0086_0043.0s.png
87,43.5,1088,71,R Gyrus and Sulcus cingul-Ant (2.36); R Gyrus rectus (2.02); L Gyrus pariet inf-Angular (1.88),/content/drive/MyDrive/New project/deliverables/figures/brain_frames_0p5s/Considering_What_Paris_2024_Paralympic_Games_20260429_194951/frame_0087_0043.5s.png
88,44.0,1100,71,R Gyrus and Sulcus cingul-Ant (2.36); R Gyrus rectus (2.02); L Gyrus pariet inf-Angular (1.88),/content/drive/MyDrive/New project/deliverables/figures/brain_frames_0p5s/Considering_What_Paris_2024_Paralympic_Games_20260429_194951/frame_0088_0044.0s.png
89,44.5,1112,72,R Gyrus and Sulcus cingul-Ant (2.36),/content/drive/MyDrive/New project/deliverables/figures/brain_frames_0p5s/Considering_What_Paris_2024_Paralympic_Games_20260429_194951/frame_0089_0044.5s.png
90,45.0,1125,73,R Gyrus and Sulcus cingul-Ant (2.26); R Gyrus rectus (2.12),/content/drive/MyDrive/New project/deliverables/figures/brain_frames_0p5s/Considering_What_Paris_2024_Paralympic_Games_20260429_194951/frame_0090_0045.0s.png
91,45.5,1138,74,R Gyrus rectus (2.34); R Gyrus and Sulcus cingul-Ant (2.21); L Gyrus orbital (1.99),/content/drive/MyDrive/New project/deliverables/figures/brain_frames_0p5s/Considering_What_Paris_2024_Paralympic_Games_20260429_194951/frame_0091_0045.5s.png
92,46.0,1150,75,R Gyrus rectus (2.48); R Gyrus and Sulcus cingul-Ant (2.18); L Gyrus orbital (2.10),/content/drive/MyDrive/New project/deliverables/figures/brain_frames_0p5s/Considering_What_Paris_2024_Paralympic_Games_20260429_194951/frame_0092_0046.0s.png
93,46.5,1162,75,R Gyrus rectus (2.48); R Gyrus and Sulcus cingul-Ant (2.18); L Gyrus orbital (2.10),/content/drive/MyDrive/New project/deliverables/figures/brain_frames_0p5s/Considering_What_Paris_2024_Paralympic_Games_20260429_194951/frame_0093_0046.5s.png
94,47.0,1175,76,R Gyrus rectus (2.49); L Gyrus orbital (2.16); R Gyrus and Sulcus cingul-Ant (2.06); L Sulcus orbital-H Shaped (1.92); R Sulcus orbital med-olfact (1.88),/content/drive/MyDrive/New project/deliverables/figures/brain_frames_0p5s/Considering_What_Paris_2024_Paralympic_Games_20260429_194951/frame_0094_0047.0s.png
95,47.5,1188,77,R Gyrus rectus (2.36); L Gyrus orbital (2.15); L Sulcus orbital-H Shaped (2.06); L Sulcus orbital med-olfact (1.92); R Sulcus temporal inf (1.89); R Gyrus temporal inf (1.88); L Gyrus front sup (1.88),/content/drive/MyDrive/New project/deliverables/figures/brain_frames_0p5s/Considering_What_Paris_2024_Paralympic_Games_20260429_194951/frame_0095_0047.5s.png
96,48.0,1200,78,L Gyrus orbital (2.07); R Gyrus rectus (2.02); L Sulcus orbital-H Shaped (1.98); R Sulcus temporal inf (1.96); L Sulcus orbital med-olfact (1.91); R Gyrus temporal inf (1.91),/content/drive/MyDrive/New project/deliverables/figures/brain_frames_0p5s/Considering_What_Paris_2024_Paralympic_Games_20260429_194951/frame_0096_0048.0s.png
97,48.5,1212,79,R Gyrus rectus (2.13); L Gyrus orbital (1.94); L Sulcus suborbital (1.94); R Sulcus temporal inf (1.93); R Gyrus temporal inf (1.91),/content/drive/MyDrive/New project/deliverables/figures/brain_frames_0p5s/Considering_What_Paris_2024_Paralympic_Games_20260429_194951/frame_0097_0048.5s.png
98,49.0,1225,79,R Gyrus rectus (2.13); L Gyrus orbital (1.94); L Sulcus suborbital (1.94); R Sulcus temporal inf (1.93); R Gyrus temporal inf (1.91),/content/drive/MyDrive/New project/deliverables/figures/brain_frames_0p5s/Considering_What_Paris_2024_Paralympic_Games_20260429_194951/frame_0098_0049.0s.png
99,49.5,1238,80,L Gyrus orbital (2.03); R Gyrus rectus (1.96); R Gyrus temporal inf (1.88),/content/drive/MyDrive/New project/deliverables/figures/brain_frames_0p5s/Considering_What_Paris_2024_Paralympic_Games_20260429_194951/frame_0099_0049.5s.png
100,50.0,1250,81,L Gyrus temporal inf (2.04); L Gyrus orbital (1.94); R Gyrus temporal inf (1.94),/content/drive/MyDrive/New project/deliverables/figures/brain_frames_0p5s/Considering_What_Paris_2024_Paralympic_Games_20260429_194951/frame_0100_0050.0s.png
101,50.5,1262,82,L Gyrus temporal inf (2.19),/content/drive/MyDrive/New project/deliverables/figures/brain_frames_0p5s/Considering_What_Paris_2024_Paralympic_Games_20260429_194951/frame_0101_0050.5s.png
102,51.0,1275,83,L Gyrus temporal inf (2.40); R Pole temporal (2.03),/content/drive/MyDrive/New project/deliverables/figures/brain_frames_0p5s/Considering_What_Paris_2024_Paralympic_Games_20260429_194951/frame_0102_0051.0s.png
103,51.5,1288,83,L Gyrus temporal inf (2.40); R Pole temporal (2.03),/content/drive/MyDrive/New project/deliverables/figures/brain_frames_0p5s/Considering_What_Paris_2024_Paralympic_Games_20260429_194951/frame_0103_0051.5s.png
104,52.0,1300,84,L Gyrus temporal inf (2.69); R Pole temporal (2.00),/content/drive/MyDrive/New project/deliverables/figures/brain_frames_0p5s/Considering_What_Paris_2024_Paralympic_Games_20260429_194951/frame_0104_0052.0s.png
105,52.5,1312,85,L Gyrus temporal inf (2.76),/content/drive/MyDrive/New project/deliverables/figures/brain_frames_0p5s/Considering_What_Paris_2024_Paralympic_Games_20260429_194951/frame_0105_0052.5s.png
106,53.0,1325,86,L Gyrus temporal inf (2.64); L Gyrus orbital (2.28); R Gyrus orbital (1.88),/content/drive/MyDrive/New project/deliverables/figures/brain_frames_0p5s/Considering_What_Paris_2024_Paralympic_Games_20260429_194951/frame_0106_0053.0s.png
107,53.5,1338,87,L Gyrus orbital (2.74); L Gyrus temporal inf (2.39); R Gyrus orbital (2.27); L Sulcus central (2.12); L Gyrus postcentral (1.89),/content/drive/MyDrive/New project/deliverables/figures/brain_frames_0p5s/Considering_What_Paris_2024_Paralympic_Games_20260429_194951/frame_0107_0053.5s.png
108,54.0,1350,88,L Gyrus orbital (2.95); R Gyrus orbital (2.41); L Gyrus and Sulcus paracentral (2.22); L Gyrus and Sulcus subcentral (2.11); L Gyrus postcentral (2.11); L Sulcus central (2.10); L Gyrus temporal inf (1.99); L Sulcus circular insula sup (1.98),/content/drive/MyDrive/New project/deliverables/figures/brain_frames_0p5s/Considering_What_Paris_2024_Paralympic_Games_20260429_194951/frame_0108_0054.0s.png
109,54.5,1362,88,L Gyrus orbital (2.95); R Gyrus orbital (2.41); L Gyrus and Sulcus paracentral (2.22); L Gyrus and Sulcus subcentral (2.11); L Gyrus postcentral (2.11); L Sulcus central (2.10); L Gyrus temporal inf (1.99); L Sulcus circular insula sup (1.98),/content/drive/MyDrive/New project/deliverables/figures/brain_frames_0p5s/Considering_What_Paris_2024_Paralympic_Games_20260429_194951/frame_0109_0054.5s.png
110,55.0,1375,89,L Gyrus orbital (2.84); L Gyrus and Sulcus paracentral (2.68); R Gyrus orbital (2.49); R Gyrus and Sulcus paracentral (2.33); L Sulcus central (2.25); L Gyrus and Sulcus subcentral (2.20); R Gyrus temporal inf (2.18); L Gyrus postcentral (2.15),/content/drive/MyDrive/New project/deliverables/figures/brain_frames_0p5s/Considering_What_Paris_2024_Paralympic_Games_20260429_194951/frame_0110_0055.0s.png
111,55.5,1388,90,L Gyrus orbital (2.70); L Gyrus and Sulcus paracentral (2.70); R Gyrus and Sulcus paracentral (2.52); R Gyrus temporal inf (2.39); R Gyrus orbital (2.37); L Sulcus central (2.25); L Gyrus and Sulcus subcentral (2.20); R Sulcus central (2.15),/content/drive/MyDrive/New project/deliverables/figures/brain_frames_0p5s/Considering_What_Paris_2024_Paralympic_Games_20260429_194951/frame_0111_0055.5s.png
112,56.0,1400,91,L Gyrus and Sulcus paracentral (2.53); R Gyrus temporal inf (2.33); R Gyrus and Sulcus paracentral (2.32); L Sulcus central (2.20); R Sulcus central (2.17); R Gyrus postcentral (2.13); R Gyrus orbital (2.12); L Gyrus postcentral (2.11),/content/drive/MyDrive/New project/deliverables/figures/brain_frames_0p5s/Considering_What_Paris_2024_Paralympic_Games_20260429_194951/frame_0112_0056.0s.png
113,56.5,1412,92,R Gyrus and Sulcus paracentral (2.25); R Gyrus temporal inf (2.21); L Sulcus central (2.17); R Sulcus central (2.12); L Gyrus and Sulcus paracentral (2.11); R Gyrus postcentral (2.08); L Sulcus orbital med-olfact (1.98); L Gyrus rectus (1.96),/content/drive/MyDrive/New project/deliverables/figures/brain_frames_0p5s/Considering_What_Paris_2024_Paralympic_Games_20260429_194951/frame_0113_0056.5s.png
114,57.0,1425,92,R Gyrus and Sulcus paracentral (2.25); R Gyrus temporal inf (2.21); L Sulcus central (2.17); R Sulcus central (2.12); L Gyrus and Sulcus paracentral (2.11); R Gyrus postcentral (2.08); L Sulcus orbital med-olfact (1.98); L Gyrus rectus (1.96),/content/drive/MyDrive/New project/deliverables/figures/brain_frames_0p5s/Considering_What_Paris_2024_Paralympic_Games_20260429_194951/frame_0114_0057.0s.png
115,57.5,1438,93,R Gyrus and Sulcus paracentral (2.21); L Gyrus rectus (2.20); R Sulcus central (2.10); L Sulcus central (2.02); R Gyrus postcentral (1.96); R Gyrus temporal inf (1.96); L Sulcus orbital med-olfact (1.91),/content/drive/MyDrive/New project/deliverables/figures/brain_frames_0p5s/Considering_What_Paris_2024_Paralympic_Games_20260429_194951/frame_0115_0057.5s.png
116,58.0,1450,94,L Gyrus rectus (2.31); R Sulcus central (2.07),/content/drive/MyDrive/New project/deliverables/figures/brain_frames_0p5s/Considering_What_Paris_2024_Paralympic_Games_20260429_194951/frame_0116_0058.0s.png
117,58.5,1462,95,L Gyrus rectus (2.28),/content/drive/MyDrive/New project/deliverables/figures/brain_frames_0p5s/Considering_What_Paris_2024_Paralympic_Games_20260429_194951/frame_0117_0058.5s.png
118,59.0,1475,96,L Gyrus rectus (2.23); L Gyrus orbital (1.91),/content/drive/MyDrive/New project/deliverables/figures/brain_frames_0p5s/Considering_What_Paris_2024_Paralympic_Games_20260429_194951/frame_0118_0059.0s.png
119,59.5,1488,96,L Gyrus rectus (2.23); L Gyrus orbital (1.91),/content/drive/MyDrive/New project/deliverables/figures/brain_frames_0p5s/Considering_What_Paris_2024_Paralympic_Games_20260429_194951/frame_0119_0059.5s.png
120,60.0,1500,97,L Gyrus rectus (2.13); L Sulcus orbital med-olfact (1.95); L Gyrus orbital (1.91),/content/drive/MyDrive/New project/deliverables/figures/brain_frames_0p5s/Considering_What_Paris_2024_Paralympic_Games_20260429_194951/frame_0120_0060.0s.png
121,60.5,1512,98,,/content/drive/MyDrive/New project/deliverables/figures/brain_frames_0p5s/Considering_What_Paris_2024_Paralympic_Games_20260429_194951/frame_0121_0060.5s.png
122,61.0,1525,99,,/content/drive/MyDrive/New project/deliverables/figures/brain_frames_0p5s/Considering_What_Paris_2024_Paralympic_Games_20260429_194951/frame_0122_0061.0s.png
123,61.5,1538,100,,/content/drive/MyDrive/New project/deliverables/figures/brain_frames_0p5s/Considering_What_Paris_2024_Paralympic_Games_20260429_194951/frame_0123_0061.5s.png
124,62.0,1550,100,,/content/drive/MyDrive/New project/deliverables/figures/brain_frames_0p5s/Considering_What_Paris_2024_Paralympic_Games_20260429_194951/frame_0124_0062.0s.png
125,62.5,1562,101,R Gyrus subcallosal (2.01); L Sulcus oc-temp med and Lingual (1.97); L Gyrus oc-temp med-Parahip (1.95); R Gyrus oc-temp med-Parahip (1.94); R Sulcus oc-temp med and Lingual (1.93); R Gyrus oc-temp med-Lingual (1.90); R Sulcus parieto occipital (1.90),/content/drive/MyDrive/New project/deliverables/figures/brain_frames_0p5s/Considering_What_Paris_2024_Paralympic_Games_20260429_194951/frame_0125_0062.5s.png
126,63.0,1575,102,R Gyrus subcallosal (2.18); L Gyrus and Sulcus transv frontopol (2.18); R Gyrus oc-temp med-Lingual (2.05); L Gyrus oc-temp med-Parahip (2.02); L Sulcus collat transv ant (2.01); L Sulcus oc-temp med and Lingual (2.00); R Sulcus oc-temp med and Lingual (1.99); L Gyrus oc-temp lat-fusifor (1.99),/content/drive/MyDrive/New project/deliverables/figures/brain_frames_0p5s/Considering_What_Paris_2024_Paralympic_Games_20260429_194951/frame_0126_0063.0s.png
127,63.5,1588,103,L Gyrus and Sulcus transv frontopol (2.15); L Sulcus collat transv ant (2.10); R Gyrus subcallosal (1.94); L Gyrus front sup (1.89),/content/drive/MyDrive/New project/deliverables/figures/brain_frames_0p5s/Considering_What_Paris_2024_Paralympic_Games_20260429_194951/frame_0127_0063.5s.png
128,64.0,1600,104,L Gyrus and Sulcus transv frontopol (2.02); R Gyrus subcallosal (1.92),/content/drive/MyDrive/New project/deliverables/figures/brain_frames_0p5s/Considering_What_Paris_2024_Paralympic_Games_20260429_194951/frame_0128_0064.0s.png
129,64.5,1612,105,R Gyrus temporal inf (1.99); L Gyrus temporal middle (1.91); L Gyrus and Sulcus transv frontopol (1.89),/content/drive/MyDrive/New project/deliverables/figures/brain_frames_0p5s/Considering_What_Paris_2024_Paralympic_Games_20260429_194951/frame_0129_0064.5s.png
130,65.0,1625,105,R Gyrus temporal inf (1.99); L Gyrus temporal middle (1.91); L Gyrus and Sulcus transv frontopol (1.89),/content/drive/MyDrive/New project/deliverables/figures/brain_frames_0p5s/Considering_What_Paris_2024_Paralympic_Games_20260429_194951/frame_0130_0065.0s.png
131,65.5,1638,106,R Gyrus temporal inf (2.62); L Gyrus temporal middle (1.92); R Gyrus orbital (1.90); L Gyrus and Sulcus transv frontopol (1.89); R Gyrus oc-temp med-Parahip (1.89),/content/drive/MyDrive/New project/deliverables/figures/brain_frames_0p5s/Considering_What_Paris_2024_Paralympic_Games_20260429_194951/frame_0131_0065.5s.png
132,66.0,1650,107,R Gyrus temporal inf (2.72); R Gyrus orbital (2.01); R Gyrus oc-temp med-Parahip (1.95); L Gyrus temporal middle (1.91),/content/drive/MyDrive/New project/deliverables/figures/brain_frames_0p5s/Considering_What_Paris_2024_Paralympic_Games_20260429_194951/frame_0132_0066.0s.png
133,66.5,1662,108,R Gyrus temporal inf (2.63); R Gyrus oc-temp med-Parahip (1.98); R Gyrus orbital (1.95),/content/drive/MyDrive/New project/deliverables/figures/brain_frames_0p5s/Considering_What_Paris_2024_Paralympic_Games_20260429_194951/frame_0133_0066.5s.png
134,67.0,1675,109,R Gyrus temporal inf (2.09); R Gyrus oc-temp med-Parahip (1.95); R Pole temporal (1.90); R Sulcus orbital-H Shaped (1.89),/content/drive/MyDrive/New project/deliverables/figures/brain_frames_0p5s/Considering_What_Paris_2024_Paralympic_Games_20260429_194951/frame_0134_0067.0s.png
135,67.5,1688,109,R Gyrus temporal inf (2.09); R Gyrus oc-temp med-Parahip (1.95); R Pole temporal (1.90); R Sulcus orbital-H Shaped (1.89),/content/drive/MyDrive/New project/deliverables/figures/brain_frames_0p5s/Considering_What_Paris_2024_Paralympic_Games_20260429_194951/frame_0135_0067.5s.png
136,68.0,1700,110,R Gyrus oc-temp med-Parahip (2.09); R Gyrus temporal inf (2.09); L Sulcus front sup (2.08); R Sulcus orbital-H Shaped (2.05); L Gyrus and Sulcus transv frontopol (2.01); R Gyrus oc-temp lat-fusifor (1.92); L Gyrus orbital (1.90),/content/drive/MyDrive/New project/deliverables/figures/brain_frames_0p5s/Considering_What_Paris_2024_Paralympic_Games_20260429_194951/frame_0136_0068.0s.png
137,68.5,1712,111,R Gyrus temporal inf (2.15); R Gyrus oc-temp med-Parahip (2.13); R Sulcus orbital-H Shaped (2.06); L Gyrus and Sulcus transv frontopol (2.04); L Sulcus front sup (2.04); L Gyrus oc-temp med-Parahip (2.02); R Gyrus oc-temp lat-fusifor (2.00); L Gyrus orbital (1.96),/content/drive/MyDrive/New project/deliverables/figures/brain_frames_0p5s/Considering_What_Paris_2024_Paralympic_Games_20260429_194951/frame_0137_0068.5s.png
138,69.0,1725,112,L Gyrus and Sulcus transv frontopol (2.14); R Gyrus oc-temp med-Parahip (2.14); R Gyrus temporal inf (2.10); L Gyrus orbital (2.03); R Sulcus cingul-Marginalis (2.03); R Sulcus orbital-H Shaped (2.02); L Sulcus front sup (2.01); L Sulcus oc-temp med and Lingual (1.99),/content/drive/MyDrive/New project/deliverables/figures/brain_frames_0p5s/Considering_What_Paris_2024_Paralympic_Games_20260429_194951/frame_0138_0069.0s.png
139,69.5,1738,113,L Gyrus and Sulcus transv frontopol (2.19); L Sulcus front sup (2.16); R Gyrus rectus (2.11); R Gyrus oc-temp med-Parahip (2.06); R Gyrus oc-temp lat-fusifor (2.06); R Gyrus temporal inf (2.02); L Gyrus orbital (2.00); L Gyrus oc-temp med-Parahip (1.99),/content/drive/MyDrive/New project/deliverables/figures/brain_frames_0p5s/Considering_What_Paris_2024_Paralympic_Games_20260429_194951/frame_0139_0069.5s.png
140,70.0,1750,113,L Gyrus and Sulcus transv frontopol (2.19); L Sulcus front sup (2.16); R Gyrus rectus (2.11); R Gyrus oc-temp med-Parahip (2.06); R Gyrus oc-temp lat-fusifor (2.06); R Gyrus temporal inf (2.02); L Gyrus orbital (2.00); L Gyrus oc-temp med-Parahip (1.99),/content/drive/MyDrive/New project/deliverables/figures/brain_frames_0p5s/Considering_What_Paris_2024_Paralympic_Games_20260429_194951/frame_0140_0070.0s.png
141,70.5,1762,114,L Gyrus and Sulcus transv frontopol (2.26); R Gyrus rectus (2.08); R Gyrus temporal inf (2.04); R Gyrus orbital (2.04); R Gyrus oc-temp lat-fusifor (2.04); R Gyrus oc-temp med-Parahip (2.01); L Gyrus oc-temp med-Parahip (2.00); R Gyrus subcallosal (1.99),/content/drive/MyDrive/New project/deliverables/figures/brain_frames_0p5s/Considering_What_Paris_2024_Paralympic_Games_20260429_194951/frame_0141_0070.5s.png
142,71.0,1775,115,L Gyrus and Sulcus transv frontopol (2.28); R Gyrus subcallosal (2.18); R Gyrus rectus (2.06); R Gyrus temporal inf (2.03); L Gyrus oc-temp med-Parahip (2.03); R Gyrus orbital (2.02); R Gyrus oc-temp lat-fusifor (1.88),/content/drive/MyDrive/New project/deliverables/figures/brain_frames_0p5s/Considering_What_Paris_2024_Paralympic_Games_20260429_194951/frame_0142_0071.0s.png
143,71.5,1788,116,L Gyrus and Sulcus transv frontopol (2.34); R Gyrus subcallosal (2.18); R Gyrus rectus (2.06); R Gyrus temporal inf (1.94); R Gyrus orbital (1.89),/content/drive/MyDrive/New project/deliverables/figures/brain_frames_0p5s/Considering_What_Paris_2024_Paralympic_Games_20260429_194951/frame_0143_0071.5s.png
144,72.0,1800,117,L Gyrus and Sulcus transv frontopol (2.27); R Gyrus subcallosal (2.19); R Gyrus orbital (1.92); R Gyrus temporal inf (1.88),/content/drive/MyDrive/New project/deliverables/figures/brain_frames_0p5s/Considering_What_Paris_2024_Paralympic_Games_20260429_194951/frame_0144_0072.0s.png
145,72.5,1812,118,R Gyrus subcallosal (2.23); L Gyrus and Sulcus transv frontopol (2.13); R Gyrus orbital (2.11); R Gyrus temporal inf (1.98),/content/drive/MyDrive/New project/deliverables/figures/brain_frames_0p5s/Considering_What_Paris_2024_Paralympic_Games_20260429_194951/frame_0145_0072.5s.png
146,73.0,1825,118,R Gyrus subcallosal (2.23); L Gyrus and Sulcus transv frontopol (2.13); R Gyrus orbital (2.11); R Gyrus temporal inf (1.98),/content/drive/MyDrive/New project/deliverables/figures/brain_frames_0p5s/Considering_What_Paris_2024_Paralympic_Games_20260429_194951/frame_0146_0073.0s.png
147,73.5,1838,119,R Gyrus temporal inf (2.14); R Gyrus orbital (2.13); R Gyrus subcallosal (2.06); L Gyrus rectus (1.95); R Sulcus orbital med-olfact (1.91); L Gyrus and Sulcus transv frontopol (1.89),/content/drive/MyDrive/New project/deliverables/figures/brain_frames_0p5s/Considering_What_Paris_2024_Paralympic_Games_20260429_194951/frame_0147_0073.5s.png
148,74.0,1850,120,R Gyrus subcallosal (2.55); R Sulcus orbital med-olfact (2.15); R Gyrus temporal inf (2.09); R Gyrus oc-temp med-Lingual (2.08); L Gyrus rectus (2.06); R Gyrus and Sulcus transv frontopol (2.06); L Sulcus calcarine (2.00); R Gyrus cuneus (1.98),/content/drive/MyDrive/New project/deliverables/figures/brain_frames_0p5s/Considering_What_Paris_2024_Paralympic_Games_20260429_194951/frame_0148_0074.0s.png
149,74.5,1862,121,R Gyrus subcallosal (2.76); L Lat Fis-post (2.31); R Sulcus calcarine (2.25); R Gyrus cuneus (2.23); L Gyrus and Sulcus frontomargin (2.23); L Sulcus calcarine (2.22); R Gyrus oc-temp med-Lingual (2.22); R Gyrus Ins lg and Sulcus cent ins (2.21),/content/drive/MyDrive/New project/deliverables/figures/brain_frames_0p5s/Considering_What_Paris_2024_Paralympic_Games_20260429_194951/frame_0149_0074.5s.png
150,75.0,1875,122,R Gyrus oc-temp med-Lingual (2.69); L Sulcus calcarine (2.69); R Gyrus cuneus (2.68); L Gyrus cuneus (2.68); R Sulcus calcarine (2.67); L Lat Fis-post (2.67); R Gyrus subcallosal (2.65); R Sulcus parieto occipital (2.58),/content/drive/MyDrive/New project/deliverables/figures/brain_frames_0p5s/Considering_What_Paris_2024_Paralympic_Games_20260429_194951/frame_0150_0075.0s.png
151,75.5,1888,122,R Gyrus oc-temp med-Lingual (2.69); L Sulcus calcarine (2.69); R Gyrus cuneus (2.68); L Gyrus cuneus (2.68); R Sulcus calcarine (2.67); L Lat Fis-post (2.67); R Gyrus subcallosal (2.65); R Sulcus parieto occipital (2.58),/content/drive/MyDrive/New project/deliverables/figures/brain_frames_0p5s/Considering_What_Paris_2024_Paralympic_Games_20260429_194951/frame_0151_0075.5s.png
152,76.0,1900,123,R Gyrus cuneus (3.25); L Gyrus cuneus (3.19); R Gyrus oc-temp med-Lingual (3.08); L Sulcus calcarine (3.03); R Sulcus calcarine (2.96); R Gyrus insular short (2.78); R Sulcus parieto occipital (2.78); R Sulcus circular insula ant (2.77),/content/drive/MyDrive/New project/deliverables/figures/brain_frames_0p5s/Considering_What_Paris_2024_Paralympic_Games_20260429_194951/frame_0152_0076.0s.png
153,76.5,1912,124,R Gyrus cuneus (3.46); L Gyrus cuneus (3.37); R Gyrus oc-temp med-Lingual (3.08); R Sulcus circular insula sup (3.03); L Sulcus calcarine (3.02); R Gyrus insular short (3.02); L Sulcus circular insula sup (2.97); R Gyrus front inf-Opercular (2.95),/content/drive/MyDrive/New project/deliverables/figures/brain_frames_0p5s/Considering_What_Paris_2024_Paralympic_Games_20260429_194951/frame_0153_0076.5s.png
154,77.0,1925,125,R Gyrus cuneus (3.31); L Gyrus cuneus (3.16); R Sulcus circular insula sup (3.09); R Gyrus front inf-Opercular (3.03); R Gyrus insular short (3.01); L Sulcus circular insula sup (3.00); R Gyrus and Sulcus subcentral (2.95); L Gyrus front inf-Opercular (2.93),/content/drive/MyDrive/New project/deliverables/figures/brain_frames_0p5s/Considering_What_Paris_2024_Paralympic_Games_20260429_194951/frame_0154_0077.0s.png
155,77.5,1938,126,R Gyrus cuneus (2.96); R Sulcus circular insula sup (2.87); R Gyrus front inf-Opercular (2.85); L Gyrus cuneus (2.80); L Sulcus circular insula sup (2.77); R Lat Fis-ant-Vertical (2.76); L Gyrus front inf-Opercular (2.75); R Gyrus insular short (2.75),/content/drive/MyDrive/New project/deliverables/figures/brain_frames_0p5s/Considering_What_Paris_2024_Paralympic_Games_20260429_194951/frame_0155_0077.5s.png
156,78.0,1950,126,R Gyrus cuneus (2.96); R Sulcus circular insula sup (2.87); R Gyrus front inf-Opercular (2.85); L Gyrus cuneus (2.80); L Sulcus circular insula sup (2.77); R Lat Fis-ant-Vertical (2.76); L Gyrus front inf-Opercular (2.75); R Gyrus insular short (2.75),/content/drive/MyDrive/New project/deliverables/figures/brain_frames_0p5s/Considering_What_Paris_2024_Paralympic_Games_20260429_194951/frame_0156_0078.0s.png
157,78.5,1962,127,L Gyrus temporal inf (2.68); R Lat Fis-ant-Vertical (2.66); R Sulcus circular insula sup (2.64); R Gyrus front inf-Opercular (2.62); R Gyrus and Sulcus frontomargin (2.60); R Gyrus cuneus (2.59); L Sulcus circular insula sup (2.56); L Gyrus front inf-Opercular (2.56),/content/drive/MyDrive/New project/deliverables/figures/brain_frames_0p5s/Considering_What_Paris_2024_Paralympic_Games_20260429_194951/frame_0157_0078.5s.png
158,79.0,1975,128,R Lat Fis-ant-Vertical (2.56); R Gyrus and Sulcus frontomargin (2.45); R Gyrus Ins lg and Sulcus cent ins (2.43); R Sulcus circular insula sup (2.42); L Lat Fis-ant-Vertical (2.42); R Gyrus insular short (2.39); R Sulcus front middle (2.39); L Sulcus circular insula sup (2.39),/content/drive/MyDrive/New project/deliverables/figures/brain_frames_0p5s/Considering_What_Paris_2024_Paralympic_Games_20260429_194951/frame_0158_0079.0s.png
159,79.5,1988,129,R Lat Fis-ant-Vertical (2.42); L Lat Fis-ant-Horizont (2.36); R Sulcus circular insula inf (2.34); L Lat Fis-post (2.33); L Sulcus orbital lateral (2.33); R Gyrus and Sulcus frontomargin (2.32); L Lat Fis-ant-Vertical (2.32); R Gyrus and Sulcus cingul-Mid-Ant (2.29),/content/drive/MyDrive/New project/deliverables/figures/brain_frames_0p5s/Considering_What_Paris_2024_Paralympic_Games_20260429_194951/frame_0159_0079.5s.png
160,80.0,2000,130,L Lat Fis-post (2.54); L Sulcus orbital lateral (2.42); R Sulcus circular insula inf (2.41); R Lat Fis-ant-Vertical (2.37); R Gyrus and Sulcus frontomargin (2.30); L Gyrus and Sulcus cingul-Mid-Ant (2.30); L Lat Fis-ant-Horizont (2.29); R Gyrus rectus (2.28),/content/drive/MyDrive/New project/deliverables/figures/brain_frames_0p5s/Considering_What_Paris_2024_Paralympic_Games_20260429_194951/frame_0160_0080.0s.png
161,80.5,2012,130,L Lat Fis-post (2.54); L Sulcus orbital lateral (2.42); R Sulcus circular insula inf (2.41); R Lat Fis-ant-Vertical (2.37); R Gyrus and Sulcus frontomargin (2.30); L Gyrus and Sulcus cingul-Mid-Ant (2.30); L Lat Fis-ant-Horizont (2.29); R Gyrus rectus (2.28),/content/drive/MyDrive/New project/deliverables/figures/brain_frames_0p5s/Considering_What_Paris_2024_Paralympic_Games_20260429_194951/frame_0161_0080.5s.png
162,81.0,2025,131,L Sulcus orbital lateral (2.52); R Sulcus circular insula inf (2.41); R Lat Fis-ant-Vertical (2.41); R Gyrus rectus (2.37); L Gyrus and Sulcus cingul-Mid-Ant (2.37); L Sulcus front middle (2.35); R Gyrus and Sulcus frontomargin (2.34); L Sulcus circular insula sup (2.32),/content/drive/MyDrive/New project/deliverables/figures/brain_frames_0p5s/Considering_What_Paris_2024_Paralympic_Games_20260429_194951/frame_0162_0081.0s.png
163,81.5,2038,132,L Sulcus orbital lateral (2.72); L Sulcus front middle (2.52); L Sulcus circular insula sup (2.50); R Lat Fis-ant-Vertical (2.50); R Gyrus rectus (2.49); R Gyrus and Sulcus frontomargin (2.49); L Gyrus and Sulcus frontomargin (2.48); L Gyrus and Sulcus cingul-Ant (2.47),/content/drive/MyDrive/New project/deliverables/figures/brain_frames_0p5s/Considering_What_Paris_2024_Paralympic_Games_20260429_194951/frame_0163_0081.5s.png
164,82.0,2050,133,L Sulcus circular insula sup (2.76); R Lat Fis-ant-Vertical (2.73); L Sulcus front middle (2.73); L Gyrus and Sulcus cingul-Ant (2.69); R Sulcus front middle (2.68); R Gyrus and Sulcus frontomargin (2.66); R Sulcus circular insula sup (2.65); L Gyrus and Sulcus frontomargin (2.64),/content/drive/MyDrive/New project/deliverables/figures/brain_frames_0p5s/Considering_What_Paris_2024_Paralympic_Games_20260429_194951/frame_0164_0082.0s.png
165,82.5,2062,134,L Sulcus circular insula sup (2.97); R Lat Fis-ant-Vertical (2.93); R Sulcus front middle (2.92); L Sulcus front middle (2.91); R Sulcus circular insula sup (2.89); R Gyrus and Sulcus frontomargin (2.86); L Lat Fis-ant-Vertical (2.85); R Gyrus and Sulcus subcentral (2.83),/content/drive/MyDrive/New project/deliverables/figures/brain_frames_0p5s/Considering_What_Paris_2024_Paralympic_Games_20260429_194951/frame_0165_0082.5s.png
166,83.0,2075,135,L Sulcus circular insula sup (3.03); R Lat Fis-ant-Vertical (2.99); R Sulcus circular insula sup (2.99); R Sulcus front middle (2.98); L Lat Fis-ant-Vertical (2.95); L Sulcus front middle (2.94); R Gyrus and Sulcus frontomargin (2.93); R Gyrus and Sulcus subcentral (2.89),/content/drive/MyDrive/New project/deliverables/figures/brain_frames_0p5s/Considering_What_Paris_2024_Paralympic_Games_20260429_194951/frame_0166_0083.0s.png
167,83.5,2088,135,L Sulcus circular insula sup (3.03); R Lat Fis-ant-Vertical (2.99); R Sulcus circular insula sup (2.99); R Sulcus front middle (2.98); L Lat Fis-ant-Vertical (2.95); L Sulcus front middle (2.94); R Gyrus and Sulcus frontomargin (2.93); R Gyrus and Sulcus subcentral (2.89),/content/drive/MyDrive/New project/deliverables/figures/brain_frames_0p5s/Considering_What_Paris_2024_Paralympic_Games_20260429_194951/frame_0167_0083.5s.png
168,84.0,2100,136,R Sulcus circular insula sup (2.91); L Sulcus circular insula sup (2.90); R Sulcus front middle (2.90); R Lat Fis-ant-Vertical (2.90); L Lat Fis-ant-Vertical (2.88); R Gyrus rectus (2.88); L Sulcus front middle (2.87); R Gyrus and Sulcus frontomargin (2.87),/content/drive/MyDrive/New project/deliverables/figures/brain_frames_0p5s/Considering_What_Paris_2024_Paralympic_Games_20260429_194951/frame_0168_0084.0s.png
169,84.5,2112,137,R Gyrus rectus (2.66); R Gyrus and Sulcus frontomargin (2.62); R Gyrus and Sulcus transv frontopol (2.58); R Lat Fis-ant-Vertical (2.58); R Sulcus circular insula sup (2.55); L Gyrus and Sulcus transv frontopol (2.55); L Gyrus orbital (2.54); L Sulcus front middle (2.51),/content/drive/MyDrive/New project/deliverables/figures/brain_frames_0p5s/Considering_What_Paris_2024_Paralympic_Games_20260429_194951/frame_0169_0084.5s.png
170,85.0,2125,138,L Gyrus temporal inf (2.44); R Gyrus temporal inf (2.37); R Lat Fis-ant-Vertical (2.37); R Sulcus pericallosal (2.37); R Sulcus circular insula inf (2.35); R Sulcus front inf (2.33); L Gyrus and Sulcus transv frontopol (2.32); R Gyrus parietal sup (2.31),/content/drive/MyDrive/New project/deliverables/figures/brain_frames_0p5s/Considering_What_Paris_2024_Paralympic_Games_20260429_194951/frame_0170_0085.0s.png
171,85.5,2138,139,R Gyrus temporal inf (2.26); R Lat Fis-ant-Vertical (2.23); R Lat Fis-ant-Horizont (2.17); R Gyrus front inf-Opercular (2.15); R Gyrus orbital (2.13); R Gyrus pariet inf-Supramar (2.13); R Sulcus pericallosal (2.12); L Gyrus temporal inf (2.12),/content/drive/MyDrive/New project/deliverables/figures/brain_frames_0p5s/Considering_What_Paris_2024_Paralympic_Games_20260429_194951/frame_0171_0085.5s.png
172,86.0,2150,139,R Gyrus temporal inf (2.26); R Lat Fis-ant-Vertical (2.23); R Lat Fis-ant-Horizont (2.17); R Gyrus front inf-Opercular (2.15); R Gyrus orbital (2.13); R Gyrus pariet inf-Supramar (2.13); R Sulcus pericallosal (2.12); L Gyrus temporal inf (2.12),/content/drive/MyDrive/New project/deliverables/figures/brain_frames_0p5s/Considering_What_Paris_2024_Paralympic_Games_20260429_194951/frame_0172_0086.0s.png
173,86.5,2162,140,R Gyrus orbital (2.13); R Gyrus temporal inf (2.10); L Gyrus and Sulcus subcentral (2.05); L Gyrus temporal inf (2.05); R Lat Fis-ant-Horizont (2.01); R Sulcus pericallosal (2.01); R Gyrus front inf-Opercular (2.01); L Sulcus pericallosal (1.99),/content/drive/MyDrive/New project/deliverables/figures/brain_frames_0p5s/Considering_What_Paris_2024_Paralympic_Games_20260429_194951/frame_0173_0086.5s.png
174,87.0,2175,141,R Gyrus orbital (2.15); L Gyrus and Sulcus subcentral (2.01); L Gyrus rectus (1.93); R Sulcus pericallosal (1.92); R Gyrus temporal inf (1.88); L Sulcus pericallosal (1.87),/content/drive/MyDrive/New project/deliverables/figures/brain_frames_0p5s/Considering_What_Paris_2024_Paralympic_Games_20260429_194951/frame_0174_0087.0s.png
175,87.5,2188,142,R Gyrus orbital (2.19); L Gyrus rectus (2.18); L Gyrus and Sulcus subcentral (2.06),/content/drive/MyDrive/New project/deliverables/figures/brain_frames_0p5s/Considering_What_Paris_2024_Paralympic_Games_20260429_194951/frame_0175_0087.5s.png
176,88.0,2200,143,R Gyrus orbital (2.20); L Gyrus rectus (2.16),/content/drive/MyDrive/New project/deliverables/figures/brain_frames_0p5s/Considering_What_Paris_2024_Paralympic_Games_20260429_194951/frame_0176_0088.0s.png
177,88.5,2212,143,R Gyrus orbital (2.20); L Gyrus rectus (2.16),/content/drive/MyDrive/New project/deliverables/figures/brain_frames_0p5s/Considering_What_Paris_2024_Paralympic_Games_20260429_194951/frame_0177_0088.5s.png
178,89.0,2225,144,L Gyrus rectus (2.00); R Gyrus orbital (1.96),/content/drive/MyDrive/New project/deliverables/figures/brain_frames_0p5s/Considering_What_Paris_2024_Paralympic_Games_20260429_194951/frame_0178_0089.0s.png
179,89.5,2238,145,L Gyrus rectus (2.03),/content/drive/MyDrive/New project/deliverables/figures/brain_frames_0p5s/Considering_What_Paris_2024_Paralympic_Games_20260429_194951/frame_0179_0089.5s.png
180,90.0,2250,146,L Gyrus rectus (2.04),/content/drive/MyDrive/New project/deliverables/figures/brain_frames_0p5s/Considering_What_Paris_2024_Paralympic_Games_20260429_194951/frame_0180_0090.0s.png
181,90.5,2262,147,R Sulcus collat transv ant (2.13); L Gyrus rectus (2.08),/content/drive/MyDrive/New project/deliverables/figures/brain_frames_0p5s/Considering_What_Paris_2024_Paralympic_Games_20260429_194951/frame_0181_0090.5s.png
182,91.0,2275,147,R Sulcus collat transv ant (2.13); L Gyrus rectus (2.08),/content/drive/MyDrive/New project/deliverables/figures/brain_frames_0p5s/Considering_What_Paris_2024_Paralympic_Games_20260429_194951/frame_0182_0091.0s.png
183,91.5,2288,148,L Gyrus rectus (2.18); R Gyrus orbital (1.93); R Sulcus collat transv ant (1.90),/content/drive/MyDrive/New project/deliverables/figures/brain_frames_0p5s/Considering_What_Paris_2024_Paralympic_Games_20260429_194951/frame_0183_0091.5s.png
184,92.0,2300,149,L Gyrus rectus (2.14); R Gyrus orbital (1.91),/content/drive/MyDrive/New project/deliverables/figures/brain_frames_0p5s/Considering_What_Paris_2024_Paralympic_Games_20260429_194951/frame_0184_0092.0s.png
185,92.5,2312,150,R Gyrus orbital (2.03); L Gyrus rectus (2.01),/content/drive/MyDrive/New project/deliverables/figures/brain_frames_0p5s/Considering_What_Paris_2024_Paralympic_Games_20260429_194951/frame_0185_0092.5s.png
186,93.0,2325,151,R Gyrus orbital (2.10); L Gyrus rectus (2.07),/content/drive/MyDrive/New project/deliverables/figures/brain_frames_0p5s/Considering_What_Paris_2024_Paralympic_Games_20260429_194951/frame_0186_0093.0s.png
187,93.5,2338,152,L Gyrus rectus (2.03); R Gyrus orbital (1.99),/content/drive/MyDrive/New project/deliverables/figures/brain_frames_0p5s/Considering_What_Paris_2024_Paralympic_Games_20260429_194951/frame_0187_0093.5s.png
188,94.0,2350,152,L Gyrus rectus (2.03); R Gyrus orbital (1.99),/content/drive/MyDrive/New project/deliverables/figures/brain_frames_0p5s/Considering_What_Paris_2024_Paralympic_Games_20260429_194951/frame_0188_0094.0s.png
189,94.5,2362,153,L Gyrus rectus (2.11),/content/drive/MyDrive/New project/deliverables/figures/brain_frames_0p5s/Considering_What_Paris_2024_Paralympic_Games_20260429_194951/frame_0189_0094.5s.png
190,95.0,2375,154,L Gyrus rectus (2.24); R Gyrus orbital (1.93); L Gyrus and Sulcus frontomargin (1.91); L Sulcus orbital med-olfact (1.90),/content/drive/MyDrive/New project/deliverables/figures/brain_frames_0p5s/Considering_What_Paris_2024_Paralympic_Games_20260429_194951/frame_0190_0095.0s.png
191,95.5,2388,155,L Gyrus rectus (2.11); L Gyrus and Sulcus frontomargin (1.94); L Sulcus suborbital (1.89),/content/drive/MyDrive/New project/deliverables/figures/brain_frames_0p5s/Considering_What_Paris_2024_Paralympic_Games_20260429_194951/frame_0191_0095.5s.png
192,96.0,2400,156,L Gyrus rectus (1.91),/content/drive/MyDrive/New project/deliverables/figures/brain_frames_0p5s/Considering_What_Paris_2024_Paralympic_Games_20260429_194951/frame_0192_0096.0s.png
193,96.5,2412,156,L Gyrus rectus (1.91),/content/drive/MyDrive/New project/deliverables/figures/brain_frames_0p5s/Considering_What_Paris_2024_Paralympic_Games_20260429_194951/frame_0193_0096.5s.png
194,97.0,2425,157,L Gyrus temporal inf (2.06),/content/drive/MyDrive/New project/deliverables/figures/brain_frames_0p5s/Considering_What_Paris_2024_Paralympic_Games_20260429_194951/frame_0194_0097.0s.png
195,97.5,2438,158,L Gyrus temporal inf (2.36),/content/drive/MyDrive/New project/deliverables/figures/brain_frames_0p5s/Considering_What_Paris_2024_Paralympic_Games_20260429_194951/frame_0195_0097.5s.png
196,98.0,2450,159,L Gyrus temporal inf (2.40),/content/drive/MyDrive/New project/deliverables/figures/brain_frames_0p5s/Considering_What_Paris_2024_Paralympic_Games_20260429_194951/frame_0196_0098.0s.png
197,98.5,2462,160,L Gyrus temporal inf (2.33),/content/drive/MyDrive/New project/deliverables/figures/brain_frames_0p5s/Considering_What_Paris_2024_Paralympic_Games_20260429_194951/frame_0197_0098.5s.png
198,99.0,2475,160,L Gyrus temporal inf (2.33),/content/drive/MyDrive/New project/deliverables/figures/brain_frames_0p5s/Considering_What_Paris_2024_Paralympic_Games_20260429_194951/frame_0198_0099.0s.png
199,99.5,2488,161,L Gyrus temporal inf (2.23),/content/drive/MyDrive/New project/deliverables/figures/brain_frames_0p5s/Considering_What_Paris_2024_Paralympic_Games_20260429_194951/frame_0199_0099.5s.png
200,100.0,2500,162,L Gyrus temporal inf (1.99),/content/drive/MyDrive/New project/deliverables/figures/brain_frames_0p5s/Considering_What_Paris_2024_Paralympic_Games_20260429_194951/frame_0200_0100.0s.png
201,100.5,2512,163,,/content/drive/MyDrive/New project/deliverables/figures/brain_frames_0p5s/Considering_What_Paris_2024_Paralympic_Games_20260429_194951/frame_0201_0100.5s.png
202,101.0,2525,164,,/content/drive/MyDrive/New project/deliverables/figures/brain_frames_0p5s/Considering_What_Paris_2024_Paralympic_Games_20260429_194951/frame_0202_0101.0s.png
203,101.5,2538,165,,/content/drive/MyDrive/New project/deliverables/figures/brain_frames_0p5s/Considering_What_Paris_2024_Paralympic_Games_20260429_194951/frame_0203_0101.5s.png
204,102.0,2550,165,,/content/drive/MyDrive/New project/deliverables/figures/brain_frames_0p5s/Considering_What_Paris_2024_Paralympic_Games_20260429_194951/frame_0204_0102.0s.png
205,102.5,2562,166,L Sulcus central (2.01); L Gyrus postcentral (2.01); L Gyrus precentral (1.90),/content/drive/MyDrive/New project/deliverables/figures/brain_frames_0p5s/Considering_What_Paris_2024_Paralympic_Games_20260429_194951/frame_0205_0102.5s.png
206,103.0,2575,167,L Sulcus central (2.16); L Gyrus precentral (2.15); L Gyrus postcentral (2.14); L Gyrus orbital (2.13); R Gyrus orbital (2.13); R Sulcus orbital med-olfact (2.13); L Gyrus and Sulcus subcentral (2.00); R Gyrus temporal inf (1.98),/content/drive/MyDrive/New project/deliverables/figures/brain_frames_0p5s/Considering_What_Paris_2024_Paralympic_Games_20260429_194951/frame_0206_0103.0s.png
207,103.5,2588,168,R Gyrus orbital (2.40); R Sulcus orbital med-olfact (2.23); L Gyrus precentral (2.19); L Gyrus postcentral (2.17); L Gyrus orbital (2.16); L Sulcus central (2.06); L Gyrus and Sulcus subcentral (2.06); R Gyrus and Sulcus cingul-Ant (2.02),/content/drive/MyDrive/New project/deliverables/figures/brain_frames_0p5s/Considering_What_Paris_2024_Paralympic_Games_20260429_194951/frame_0207_0103.5s.png
208,104.0,2600,169,R Gyrus orbital (2.25); R Sulcus orbital med-olfact (2.23); L Sulcus central (2.14); L Gyrus orbital (2.08); R Gyrus temporal inf (2.02); L Gyrus precentral (1.99); L Sulcus temporal inf (1.98); L Gyrus front middle (1.97),/content/drive/MyDrive/New project/deliverables/figures/brain_frames_0p5s/Considering_What_Paris_2024_Paralympic_Games_20260429_194951/frame_0208_0104.0s.png
209,104.5,2612,169,R Gyrus orbital (2.25); R Sulcus orbital med-olfact (2.23); L Sulcus central (2.14); L Gyrus orbital (2.08); R Gyrus temporal inf (2.02); L Gyrus precentral (1.99); L Sulcus temporal inf (1.98); L Gyrus front middle (1.97),/content/drive/MyDrive/New project/deliverables/figures/brain_frames_0p5s/Considering_What_Paris_2024_Paralympic_Games_20260429_194951/frame_0209_0104.5s.png
210,105.0,2625,170,R Gyrus orbital (2.46); R Sulcus orbital med-olfact (2.29); L Gyrus temporal middle (2.19); R Gyrus and Sulcus cingul-Mid-Ant (2.05); R Gyrus temporal inf (2.04); L Gyrus orbital (2.01); L Gyrus front middle (1.97); L Sulcus temporal inf (1.96),/content/drive/MyDrive/New project/deliverables/figures/brain_frames_0p5s/Considering_What_Paris_2024_Paralympic_Games_20260429_194951/frame_0210_0105.0s.png
211,105.5,2638,171,R Gyrus orbital (2.19); L Gyrus orbital (2.16); R Gyrus and Sulcus cingul-Mid-Ant (2.11); R Sulcus orbital med-olfact (2.10); R Sulcus orbital-H Shaped (2.08); L Gyrus temporal middle (2.07); L Gyrus oc-temp med-Parahip (2.02); R Gyrus temporal inf (1.99),/content/drive/MyDrive/New project/deliverables/figures/brain_frames_0p5s/Considering_What_Paris_2024_Paralympic_Games_20260429_194951/frame_0211_0105.5s.png
212,106.0,2650,172,R Gyrus orbital (2.22); R Sulcus orbital med-olfact (2.15); R Sulcus orbital-H Shaped (2.13); R Gyrus and Sulcus cingul-Mid-Ant (2.11); L Gyrus temporal middle (2.04); L Gyrus orbital (2.02); L Gyrus temporal inf (2.01); R Gyrus oc-temp med-Parahip (2.00),/content/drive/MyDrive/New project/deliverables/figures/brain_frames_0p5s/Considering_What_Paris_2024_Paralympic_Games_20260429_194951/frame_0212_0106.0s.png
213,106.5,2662,173,R Gyrus orbital (2.17); R Sulcus orbital-H Shaped (2.08); R Gyrus oc-temp med-Parahip (2.01); R Sulcus orbital med-olfact (1.96); R Gyrus and Sulcus cingul-Ant (1.91); R Gyrus temporal inf (1.90); L Gyrus temporal inf (1.89),/content/drive/MyDrive/New project/deliverables/figures/brain_frames_0p5s/Considering_What_Paris_2024_Paralympic_Games_20260429_194951/frame_0213_0106.5s.png
214,107.0,2675,173,R Gyrus orbital (2.17); R Sulcus orbital-H Shaped (2.08); R Gyrus oc-temp med-Parahip (2.01); R Sulcus orbital med-olfact (1.96); R Gyrus and Sulcus cingul-Ant (1.91); R Gyrus temporal inf (1.90); L Gyrus temporal inf (1.89),/content/drive/MyDrive/New project/deliverables/figures/brain_frames_0p5s/Considering_What_Paris_2024_Paralympic_Games_20260429_194951/frame_0214_0107.0s.png
215,107.5,2688,174,R Gyrus oc-temp med-Parahip (2.33); R Gyrus orbital (2.29); R Sulcus orbital-H Shaped (2.04); R Sulcus orbital med-olfact (2.03); L Sulcus orbital-H Shaped (2.01); R Gyrus and Sulcus cingul-Ant (1.99); L Gyrus oc-temp med-Parahip (1.93); L Gyrus front middle (1.88),/content/drive/MyDrive/New project/deliverables/figures/brain_frames_0p5s/Considering_What_Paris_2024_Paralympic_Games_20260429_194951/frame_0215_0107.5s.png
216,108.0,2700,175,R Gyrus oc-temp med-Parahip (2.55); R Gyrus orbital (2.19); L Sulcus orbital-H Shaped (2.18); R Sulcus orbital-H Shaped (2.13); R Gyrus and Sulcus cingul-Ant (2.06); R Sulcus orbital med-olfact (2.04); L Gyrus and Sulcus cingul-Ant (1.91); L Gyrus oc-temp med-Parahip (1.87),/content/drive/MyDrive/New project/deliverables/figures/brain_frames_0p5s/Considering_What_Paris_2024_Paralympic_Games_20260429_194951/frame_0216_0108.0s.png
217,108.5,2712,176,R Gyrus oc-temp med-Parahip (2.23); L Sulcus orbital-H Shaped (2.11); R Gyrus orbital (2.03); R Sulcus orbital-H Shaped (1.98); R Gyrus and Sulcus cingul-Ant (1.94); L Gyrus and Sulcus cingul-Ant (1.93); R Gyrus temporal inf (1.91),/content/drive/MyDrive/New project/deliverables/figures/brain_frames_0p5s/Considering_What_Paris_2024_Paralympic_Games_20260429_194951/frame_0217_0108.5s.png
218,109.0,2725,177,R Gyrus oc-temp med-Parahip (2.15); R Gyrus temporal inf (2.03); L Sulcus orbital-H Shaped (2.02); L Gyrus orbital (1.97); R Gyrus and Sulcus cingul-Ant (1.96); R Gyrus orbital (1.92),/content/drive/MyDrive/New project/deliverables/figures/brain_frames_0p5s/Considering_What_Paris_2024_Paralympic_Games_20260429_194951/frame_0218_0109.0s.png
219,109.5,2738,177,R Gyrus oc-temp med-Parahip (2.15); R Gyrus temporal inf (2.03); L Sulcus orbital-H Shaped (2.02); L Gyrus orbital (1.97); R Gyrus and Sulcus cingul-Ant (1.96); R Gyrus orbital (1.92),/content/drive/MyDrive/New project/deliverables/figures/brain_frames_0p5s/Considering_What_Paris_2024_Paralympic_Games_20260429_194951/frame_0219_0109.5s.png
220,110.0,2750,178,R Gyrus temporal inf (2.11); R Gyrus orbital (2.06); R Gyrus oc-temp med-Parahip (2.04); L Gyrus orbital (2.02); L Sulcus orbital med-olfact (1.93); L Sulcus orbital-H Shaped (1.91),/content/drive/MyDrive/New project/deliverables/figures/brain_frames_0p5s/Considering_What_Paris_2024_Paralympic_Games_20260429_194951/frame_0220_0110.0s.png
221,110.5,2762,179,R Gyrus temporal inf (2.07); R Gyrus orbital (2.06); R Gyrus oc-temp med-Parahip (2.03); L Gyrus orbital (1.97); L Sulcus orbital med-olfact (1.89),/content/drive/MyDrive/New project/deliverables/figures/brain_frames_0p5s/Considering_What_Paris_2024_Paralympic_Games_20260429_194951/frame_0221_0110.5s.png
222,111.0,2775,180,R Gyrus orbital (1.99); R Gyrus temporal inf (1.93),/content/drive/MyDrive/New project/deliverables/figures/brain_frames_0p5s/Considering_What_Paris_2024_Paralympic_Games_20260429_194951/frame_0222_0111.0s.png
223,111.5,2788,181,R Gyrus orbital (2.09); L Gyrus orbital (1.95),/content/drive/MyDrive/New project/deliverables/figures/brain_frames_0p5s/Considering_What_Paris_2024_Paralympic_Games_20260429_194951/frame_0223_0111.5s.png
224,112.0,2800,182,R Gyrus orbital (2.13); L Gyrus orbital (1.90),/content/drive/MyDrive/New project/deliverables/figures/brain_frames_0p5s/Considering_What_Paris_2024_Paralympic_Games_20260429_194951/frame_0224_0112.0s.png
225,112.5,2812,182,R Gyrus orbital (2.13); L Gyrus orbital (1.90),/content/drive/MyDrive/New project/deliverables/figures/brain_frames_0p5s/Considering_What_Paris_2024_Paralympic_Games_20260429_194951/frame_0225_0112.5s.png
226,113.0,2825,183,R Gyrus orbital (2.02); R Gyrus oc-temp med-Parahip (1.90),/content/drive/MyDrive/New project/deliverables/figures/brain_frames_0p5s/Considering_What_Paris_2024_Paralympic_Games_20260429_194951/frame_0226_0113.0s.png
227,113.5,2838,184,R Gyrus oc-temp med-Parahip (1.88),/content/drive/MyDrive/New project/deliverables/figures/brain_frames_0p5s/Considering_What_Paris_2024_Paralympic_Games_20260429_194951/frame_0227_0113.5s.png
228,114.0,2850,185,R Gyrus oc-temp med-Parahip (1.94); L Sulcus orbital med-olfact (1.87),/content/drive/MyDrive/New project/deliverables/figures/brain_frames_0p5s/Considering_What_Paris_2024_Paralympic_Games_20260429_194951/frame_0228_0114.0s.png
229,114.5,2862,186,R Gyrus and Sulcus cingul-Ant (2.11); R Gyrus oc-temp med-Parahip (2.05); L Sulcus orbital med-olfact (2.02); R Sulcus orbital med-olfact (2.01); L Gyrus oc-temp med-Parahip (1.97); R Gyrus orbital (1.94),/content/drive/MyDrive/New project/deliverables/figures/brain_frames_0p5s/Considering_What_Paris_2024_Paralympic_Games_20260429_194951/frame_0229_0114.5s.png
230,115.0,2875,186,R Gyrus and Sulcus cingul-Ant (2.11); R Gyrus oc-temp med-Parahip (2.05); L Sulcus orbital med-olfact (2.02); R Sulcus orbital med-olfact (2.01); L Gyrus oc-temp med-Parahip (1.97); R Gyrus orbital (1.94),/content/drive/MyDrive/New project/deliverables/figures/brain_frames_0p5s/Considering_What_Paris_2024_Paralympic_Games_20260429_194951/frame_0230_0115.0s.png
231,115.5,2888,187,L Sulcus orbital med-olfact (2.09); R Gyrus and Sulcus cingul-Ant (2.07); L Gyrus oc-temp med-Parahip (2.04); R Gyrus orbital (2.00); R Gyrus subcallosal (1.99); R Gyrus rectus (1.99); R Gyrus oc-temp med-Parahip (1.98); R Sulcus orbital med-olfact (1.95),/content/drive/MyDrive/New project/deliverables/figures/brain_frames_0p5s/Considering_What_Paris_2024_Paralympic_Games_20260429_194951/frame_0231_0115.5s.png
232,116.0,2900,188,L Gyrus oc-temp med-Parahip (2.39); R Gyrus subcallosal (2.06); R Gyrus and Sulcus cingul-Ant (2.06); R Gyrus rectus (2.02); L Sulcus orbital med-olfact (1.99); R Gyrus oc-temp med-Parahip (1.92),/content/drive/MyDrive/New project/deliverables/figures/brain_frames_0p5s/Considering_What_Paris_2024_Paralympic_Games_20260429_194951/frame_0232_0116.0s.png
233,116.5,2912,189,L Gyrus oc-temp med-Parahip (2.19); R Gyrus and Sulcus cingul-Ant (2.03); R Gyrus subcallosal (1.93); R Gyrus oc-temp med-Parahip (1.90); R Gyrus rectus (1.89); L Sulcus orbital med-olfact (1.88),/content/drive/MyDrive/New project/deliverables/figures/brain_frames_0p5s/Considering_What_Paris_2024_Paralympic_Games_20260429_194951/frame_0233_0116.5s.png
234,117.0,2925,190,L Gyrus oc-temp med-Parahip (2.37); R Gyrus and Sulcus cingul-Ant (2.05); R Gyrus oc-temp med-Parahip (2.02); R Gyrus subcallosal (1.99); L Sulcus orbital med-olfact (1.95); R Gyrus rectus (1.94),/content/drive/MyDrive/New project/deliverables/figures/brain_frames_0p5s/Considering_What_Paris_2024_Paralympic_Games_20260429_194951/frame_0234_0117.0s.png
235,117.5,2938,190,L Gyrus oc-temp med-Parahip (2.37); R Gyrus and Sulcus cingul-Ant (2.05); R Gyrus oc-temp med-Parahip (2.02); R Gyrus subcallosal (1.99); L Sulcus orbital med-olfact (1.95); R Gyrus rectus (1.94),/content/drive/MyDrive/New project/deliverables/figures/brain_frames_0p5s/Considering_What_Paris_2024_Paralympic_Games_20260429_194951/frame_0235_0117.5s.png
236,118.0,2950,191,L Gyrus oc-temp med-Parahip (2.28); R Gyrus oc-temp med-Parahip (2.11); R Gyrus and Sulcus cingul-Ant (2.09); R Gyrus temporal middle (1.97); R Gyrus orbital (1.94),/content/drive/MyDrive/New project/deliverables/figures/brain_frames_0p5s/Considering_What_Paris_2024_Paralympic_Games_20260429_194951/frame_0236_0118.0s.png
237,118.5,2962,192,R Gyrus oc-temp med-Parahip (2.26); L Gyrus oc-temp med-Parahip (2.20); R Gyrus orbital (2.03); R Gyrus and Sulcus cingul-Ant (1.98); R Gyrus precuneus (1.93); R Gyrus temporal middle (1.90); L Sulcus orbital med-olfact (1.89),/content/drive/MyDrive/New project/deliverables/figures/brain_frames_0p5s/Considering_What_Paris_2024_Paralympic_Games_20260429_194951/frame_0237_0118.5s.png
238,119.0,2975,193,L Gyrus oc-temp med-Parahip (2.32); R Gyrus oc-temp med-Parahip (2.20); R Gyrus orbital (2.09); R Gyrus precuneus (1.93); L Sulcus front sup (1.91),/content/drive/MyDrive/New project/deliverables/figures/brain_frames_0p5s/Considering_What_Paris_2024_Paralympic_Games_20260429_194951/frame_0238_0119.0s.png
239,119.5,2988,194,L Gyrus oc-temp med-Parahip (2.68); R Gyrus oc-temp med-Parahip (2.10); R Gyrus precuneus (2.05); R Gyrus orbital (2.05); L Sulcus orbital med-olfact (1.99); L Gyrus orbital (1.96); R Sulcus orbital med-olfact (1.90),/content/drive/MyDrive/New project/deliverables/figures/brain_frames_0p5s/Considering_What_Paris_2024_Paralympic_Games_20260429_194951/frame_0239_0119.5s.png
240,120.0,3000,194,L Gyrus oc-temp med-Parahip (2.68); R Gyrus oc-temp med-Parahip (2.10); R Gyrus precuneus (2.05); R Gyrus orbital (2.05); L Sulcus orbital med-olfact (1.99); L Gyrus orbital (1.96); R Sulcus orbital med-olfact (1.90),/content/drive/MyDrive/New project/deliverables/figures/brain_frames_0p5s/Considering_What_Paris_2024_Paralympic_Games_20260429_194951/frame_0240_0120.0s.png
241,120.5,3012,195,L Gyrus oc-temp med-Parahip (2.29); R Gyrus oc-temp med-Parahip (2.03); L Gyrus orbital (2.02); R Gyrus and Sulcus frontomargin (2.00); R Gyrus precuneus (1.99); L Sulcus orbital med-olfact (1.91),/content/drive/MyDrive/New project/deliverables/figures/brain_frames_0p5s/Considering_What_Paris_2024_Paralympic_Games_20260429_194951/frame_0241_0120.5s.png
242,121.0,3025,196,L Gyrus oc-temp med-Parahip (2.27); R Gyrus and Sulcus frontomargin (2.12); L Sulcus orbital med-olfact (2.06); R Gyrus oc-temp med-Parahip (1.98); L Gyrus orbital (1.96),/content/drive/MyDrive/New project/deliverables/figures/brain_frames_0p5s/Considering_What_Paris_2024_Paralympic_Games_20260429_194951/frame_0242_0121.0s.png
243,121.5,3038,197,L Gyrus oc-temp med-Parahip (2.14); R Gyrus and Sulcus frontomargin (2.03),/content/drive/MyDrive/New project/deliverables/figures/brain_frames_0p5s/Considering_What_Paris_2024_Paralympic_Games_20260429_194951/frame_0243_0121.5s.png
244,122.0,3050,198,,/content/drive/MyDrive/New project/deliverables/figures/brain_frames_0p5s/Considering_What_Paris_2024_Paralympic_Games_20260429_194951/frame_0244_0122.0s.png
245,122.5,3062,199,,/content/drive/MyDrive/New project/deliverables/figures/brain_frames_0p5s/Considering_What_Paris_2024_Paralympic_Games_20260429_194951/frame_0245_0122.5s.png
246,123.0,3075,199,,/content/drive/MyDrive/New project/deliverables/figures/brain_frames_0p5s/Considering_What_Paris_2024_Paralympic_Games_20260429_194951/frame_0246_0123.0s.png
247,123.5,3088,200,,/content/drive/MyDrive/New project/deliverables/figures/brain_frames_0p5s/Considering_What_Paris_2024_Paralympic_Games_20260429_194951/frame_0247_0123.5s.png
248,124.0,3100,201,R Gyrus temporal inf (2.08),/content/drive/MyDrive/New project/deliverables/figures/brain_frames_0p5s/Considering_What_Paris_2024_Paralympic_Games_20260429_194951/frame_0248_0124.0s.png
249,124.5,3112,202,R Gyrus temporal inf (2.31); R Gyrus rectus (2.12); R Sulcus orbital-H Shaped (1.92); L Gyrus and Sulcus cingul-Mid-Ant (1.90),/content/drive/MyDrive/New project/deliverables/figures/brain_frames_0p5s/Considering_What_Paris_2024_Paralympic_Games_20260429_194951/frame_0249_0124.5s.png
250,125.0,3125,203,R Gyrus rectus (2.17); R Gyrus temporal inf (2.15); R Sulcus orbital med-olfact (1.92); L Gyrus and Sulcus cingul-Mid-Ant (1.88),/content/drive/MyDrive/New project/deliverables/figures/brain_frames_0p5s/Considering_What_Paris_2024_Paralympic_Games_20260429_194951/frame_0250_0125.0s.png
251,125.5,3138,203,R Gyrus rectus (2.17); R Gyrus temporal inf (2.15); R Sulcus orbital med-olfact (1.92); L Gyrus and Sulcus cingul-Mid-Ant (1.88),/content/drive/MyDrive/New project/deliverables/figures/brain_frames_0p5s/Considering_What_Paris_2024_Paralympic_Games_20260429_194951/frame_0251_0125.5s.png
252,126.0,3150,204,R Gyrus rectus (2.38); R Gyrus temporal inf (2.18); R Sulcus orbital med-olfact (2.00); L Gyrus and Sulcus cingul-Mid-Ant (1.89); L Gyrus rectus (1.88),/content/drive/MyDrive/New project/deliverables/figures/brain_frames_0p5s/Considering_What_Paris_2024_Paralympic_Games_20260429_194951/frame_0252_0126.0s.png
253,126.5,3162,205,R Gyrus rectus (2.52); L Gyrus rectus (2.33); R Gyrus temporal inf (2.19); R Sulcus orbital med-olfact (2.08),/content/drive/MyDrive/New project/deliverables/figures/brain_frames_0p5s/Considering_What_Paris_2024_Paralympic_Games_20260429_194951/frame_0253_0126.5s.png
254,127.0,3175,206,L Gyrus rectus (2.56); R Gyrus rectus (2.49); R Gyrus temporal inf (2.29); R Sulcus orbital med-olfact (2.19),/content/drive/MyDrive/New project/deliverables/figures/brain_frames_0p5s/Considering_What_Paris_2024_Paralympic_Games_20260429_194951/frame_0254_0127.0s.png
255,127.5,3188,207,L Gyrus rectus (2.93); R Gyrus rectus (2.48); R Gyrus temporal inf (2.37); R Sulcus orbital med-olfact (2.23); R Gyrus temporal middle (1.99); R Sulcus temporal inf (1.97); L Gyrus and Sulcus paracentral (1.88),/content/drive/MyDrive/New project/deliverables/figures/brain_frames_0p5s/Considering_What_Paris_2024_Paralympic_Games_20260429_194951/frame_0255_0127.5s.png
256,128.0,3200,207,L Gyrus rectus (2.93); R Gyrus rectus (2.48); R Gyrus temporal inf (2.37); R Sulcus orbital med-olfact (2.23); R Gyrus temporal middle (1.99); R Sulcus temporal inf (1.97); L Gyrus and Sulcus paracentral (1.88),/content/drive/MyDrive/New project/deliverables/figures/brain_frames_0p5s/Considering_What_Paris_2024_Paralympic_Games_20260429_194951/frame_0256_0128.0s.png
257,128.5,3212,208,R Gyrus rectus (2.57); R Gyrus temporal inf (2.37); L Gyrus rectus (2.30); R Sulcus orbital med-olfact (2.30); R Gyrus temporal middle (2.23); L Gyrus and Sulcus paracentral (2.03); R Gyrus cingul-Post-dorsal (2.02); L Gyrus and Sulcus cingul-Ant (2.00),/content/drive/MyDrive/New project/deliverables/figures/brain_frames_0p5s/Considering_What_Paris_2024_Paralympic_Games_20260429_194951/frame_0257_0128.5s.png
258,129.0,3225,209,R Sulcus orbital med-olfact (2.43); L Gyrus rectus (2.37); R Gyrus rectus (2.28); R Gyrus temporal middle (2.16); R Gyrus temporal inf (2.14); R Gyrus cingul-Post-dorsal (2.05); L Gyrus and Sulcus paracentral (2.04); L Gyrus and Sulcus cingul-Mid-Post (2.01),/content/drive/MyDrive/New project/deliverables/figures/brain_frames_0p5s/Considering_What_Paris_2024_Paralympic_Games_20260429_194951/frame_0258_0129.0s.png
259,129.5,3238,210,R Sulcus orbital med-olfact (2.20); L Gyrus rectus (2.20); L Gyrus and Sulcus paracentral (2.16); L Gyrus and Sulcus cingul-Mid-Post (2.15); R Gyrus and Sulcus cingul-Mid-Post (2.11); L Gyrus precentral (2.10); L Sulcus front sup (2.05); R Gyrus and Sulcus paracentral (2.05),/content/drive/MyDrive/New project/deliverables/figures/brain_frames_0p5s/Considering_What_Paris_2024_Paralympic_Games_20260429_194951/frame_0259_0129.5s.png
260,130.0,3250,211,L Gyrus and Sulcus cingul-Mid-Post (2.17); R Gyrus cingul-Post-dorsal (2.15); R Sulcus pericallosal (2.08); L Gyrus cingul-Post-dorsal (2.08); R Gyrus and Sulcus cingul-Ant (2.05); L Gyrus and Sulcus paracentral (2.04); R Gyrus and Sulcus paracentral (2.04); R Lat Fis-post (2.04),/content/drive/MyDrive/New project/deliverables/figures/brain_frames_0p5s/Considering_What_Paris_2024_Paralympic_Games_20260429_194951/frame_0260_0130.0s.png
261,130.5,3262,212,L Gyrus front sup (2.07); L Gyrus and Sulcus paracentral (2.06); L Sulcus pericallosal (2.04); R Gyrus and Sulcus cingul-Ant (2.02); R Gyrus and Sulcus cingul-Mid-Post (2.01); L Gyrus and Sulcus cingul-Mid-Post (2.01); R Sulcus pericallosal (2.00); L Gyrus and Sulcus cingul-Ant (2.00),/content/drive/MyDrive/New project/deliverables/figures/brain_frames_0p5s/Considering_What_Paris_2024_Paralympic_Games_20260429_194951/frame_0261_0130.5s.png
262,131.0,3275,212,L Gyrus front sup (2.07); L Gyrus and Sulcus paracentral (2.06); L Sulcus pericallosal (2.04); R Gyrus and Sulcus cingul-Ant (2.02); R Gyrus and Sulcus cingul-Mid-Post (2.01); L Gyrus and Sulcus cingul-Mid-Post (2.01); R Sulcus pericallosal (2.00); L Gyrus and Sulcus cingul-Ant (2.00),/content/drive/MyDrive/New project/deliverables/figures/brain_frames_0p5s/Considering_What_Paris_2024_Paralympic_Games_20260429_194951/frame_0262_0131.0s.png
263,131.5,3288,213,R Sulcus pericallosal (2.14); R Gyrus cingul-Post-dorsal (2.11); L Gyrus front sup (2.10); R Lat Fis-post (2.05); L Gyrus and Sulcus cingul-Mid-Post (2.01); R Gyrus and Sulcus subcentral (1.97); R Gyrus orbital (1.97); R Gyrus and Sulcus cingul-Mid-Post (1.96),/content/drive/MyDrive/New project/deliverables/figures/brain_frames_0p5s/Considering_What_Paris_2024_Paralympic_Games_20260429_194951/frame_0263_0131.5s.png
264,132.0,3300,214,R Lat Fis-ant-Horizont (2.06); R Sulcus pericallosal (2.05); R Gyrus orbital (2.04); L Gyrus orbital (2.02); R Gyrus front sup (2.01); L Gyrus and Sulcus cingul-Mid-Post (2.01); L Gyrus front middle (2.01); R Gyrus and Sulcus cingul-Mid-Post (2.01),/content/drive/MyDrive/New project/deliverables/figures/brain_frames_0p5s/Considering_What_Paris_2024_Paralympic_Games_20260429_194951/frame_0264_0132.0s.png
265,132.5,3312,215,R Gyrus temp sup-Plan polar (2.13); L Gyrus orbital (2.12); L Gyrus front middle (2.09); R Gyrus front sup (2.08); L Gyrus front inf-Orbital (2.06); R Gyrus orbital (2.05); L Sulcus circular insula ant (2.05); L Gyrus and Sulcus frontomargin (2.05),/content/drive/MyDrive/New project/deliverables/figures/brain_frames_0p5s/Considering_What_Paris_2024_Paralympic_Games_20260429_194951/frame_0265_0132.5s.png
266,133.0,3325,216,L Gyrus orbital (2.11); R Gyrus front sup (2.11); L Gyrus rectus (2.10); R Gyrus temp sup-Plan polar (2.10); R Gyrus pariet inf-Supramar (2.09); L Gyrus front middle (2.09); R Sulcus subparietal (2.08); L Gyrus and Sulcus frontomargin (2.07),/content/drive/MyDrive/New project/deliverables/figures/brain_frames_0p5s/Considering_What_Paris_2024_Paralympic_Games_20260429_194951/frame_0266_0133.0s.png
267,133.5,3338,216,L Gyrus orbital (2.11); R Gyrus front sup (2.11); L Gyrus rectus (2.10); R Gyrus temp sup-Plan polar (2.10); R Gyrus pariet inf-Supramar (2.09); L Gyrus front middle (2.09); R Sulcus subparietal (2.08); L Gyrus and Sulcus frontomargin (2.07),/content/drive/MyDrive/New project/deliverables/figures/brain_frames_0p5s/Considering_What_Paris_2024_Paralympic_Games_20260429_194951/frame_0267_0133.5s.png
268,134.0,3350,217,R Gyrus pariet inf-Supramar (2.27); L Gyrus orbital (2.21); R Sulcus subparietal (2.18); L Gyrus cingul-Post-dorsal (2.18); L Gyrus front inf-Triangul (2.16); R Gyrus front sup (2.15); L Gyrus front sup (2.15); L Gyrus temporal middle (2.12),/content/drive/MyDrive/New project/deliverables/figures/brain_frames_0p5s/Considering_What_Paris_2024_Paralympic_Games_20260429_194951/frame_0268_0134.0s.png
269,134.5,3362,218,R Gyrus pariet inf-Supramar (2.41); L Gyrus orbital (2.31); L Gyrus cingul-Post-dorsal (2.30); L Gyrus front inf-Triangul (2.29); R Sulcus subparietal (2.25); L Gyrus front sup (2.23); L Gyrus front middle (2.19); R Gyrus front sup (2.17),/content/drive/MyDrive/New project/deliverables/figures/brain_frames_0p5s/Considering_What_Paris_2024_Paralympic_Games_20260429_194951/frame_0269_0134.5s.png
270,135.0,3375,219,L Gyrus front inf-Triangul (2.32); L Gyrus front middle (2.31); L Gyrus cingul-Post-dorsal (2.27); L Gyrus front sup (2.25); L Gyrus orbital (2.23); R Sulcus subparietal (2.23); L Lat Fis-ant-Horizont (2.21); L Gyrus pariet inf-Angular (2.19),/content/drive/MyDrive/New project/deliverables/figures/brain_frames_0p5s/Considering_What_Paris_2024_Paralympic_Games_20260429_194951/frame_0270_0135.0s.png
271,135.5,3388,220,L Gyrus front middle (2.42); L Gyrus front inf-Triangul (2.41); L Lat Fis-ant-Horizont (2.30); L Gyrus front sup (2.30); L Gyrus orbital (2.25); L Gyrus cingul-Post-dorsal (2.25); L Gyrus pariet inf-Angular (2.24); L Lat Fis-ant-Vertical (2.22),/content/drive/MyDrive/New project/deliverables/figures/brain_frames_0p5s/Considering_What_Paris_2024_Paralympic_Games_20260429_194951/frame_0271_0135.5s.png
272,136.0,3400,220,L Gyrus front middle (2.42); L Gyrus front inf-Triangul (2.41); L Lat Fis-ant-Horizont (2.30); L Gyrus front sup (2.30); L Gyrus orbital (2.25); L Gyrus cingul-Post-dorsal (2.25); L Gyrus pariet inf-Angular (2.24); L Lat Fis-ant-Vertical (2.22),/content/drive/MyDrive/New project/deliverables/figures/brain_frames_0p5s/Considering_What_Paris_2024_Paralympic_Games_20260429_194951/frame_0272_0136.0s.png
273,136.5,3412,221,L Gyrus front middle (2.46); L Gyrus front inf-Triangul (2.45); L Lat Fis-ant-Horizont (2.39); L Gyrus front sup (2.37); L Lat Fis-ant-Vertical (2.31); L Gyrus orbital (2.30); L Gyrus front inf-Orbital (2.29); L Gyrus pariet inf-Angular (2.26),/content/drive/MyDrive/New project/deliverables/figures/brain_frames_0p5s/Considering_What_Paris_2024_Paralympic_Games_20260429_194951/frame_0273_0136.5s.png
274,137.0,3425,222,L Lat Fis-ant-Horizont (2.54); L Gyrus front inf-Triangul (2.53); L Lat Fis-ant-Vertical (2.47); L Gyrus front middle (2.42); L Gyrus front sup (2.40); L Sulcus circular insula ant (2.35); L Gyrus front inf-Orbital (2.33); L Gyrus orbital (2.29),/content/drive/MyDrive/New project/deliverables/figures/brain_frames_0p5s/Considering_What_Paris_2024_Paralympic_Games_20260429_194951/frame_0274_0137.0s.png
275,137.5,3438,223,L Lat Fis-ant-Vertical (2.63); L Lat Fis-ant-Horizont (2.58); L Gyrus front inf-Triangul (2.54); L Sulcus circular insula ant (2.45); L Sulcus circular insula sup (2.39); L Gyrus front sup (2.38); L Gyrus front inf-Orbital (2.37); L Gyrus and Sulcus transv frontopol (2.36),/content/drive/MyDrive/New project/deliverables/figures/brain_frames_0p5s/Considering_What_Paris_2024_Paralympic_Games_20260429_194951/frame_0275_0137.5s.png
276,138.0,3450,224,L Lat Fis-ant-Horizont (2.72); L Lat Fis-ant-Vertical (2.63); L Sulcus circular insula ant (2.59); L Gyrus front inf-Triangul (2.57); L Gyrus front inf-Orbital (2.47); L Sulcus circular insula sup (2.44); R Gyrus temp sup-Plan polar (2.39); L Gyrus front inf-Opercular (2.38),/content/drive/MyDrive/New project/deliverables/figures/brain_frames_0p5s/Considering_What_Paris_2024_Paralympic_Games_20260429_194951/frame_0276_0138.0s.png
277,138.5,3462,224,L Lat Fis-ant-Horizont (2.72); L Lat Fis-ant-Vertical (2.63); L Sulcus circular insula ant (2.59); L Gyrus front inf-Triangul (2.57); L Gyrus front inf-Orbital (2.47); L Sulcus circular insula sup (2.44); R Gyrus temp sup-Plan polar (2.39); L Gyrus front inf-Opercular (2.38),/content/drive/MyDrive/New project/deliverables/figures/brain_frames_0p5s/Considering_What_Paris_2024_Paralympic_Games_20260429_194951/frame_0277_0138.5s.png
278,139.0,3475,225,L Lat Fis-ant-Horizont (2.87); L Lat Fis-ant-Vertical (2.68); L Sulcus circular insula ant (2.57); L Sulcus orbital lateral (2.54); L Gyrus front inf-Triangul (2.52); R Lat Fis-ant-Horizont (2.47); L Gyrus front inf-Orbital (2.45); R Gyrus temp sup-Plan polar (2.45),/content/drive/MyDrive/New project/deliverables/figures/brain_frames_0p5s/Considering_What_Paris_2024_Paralympic_Games_20260429_194951/frame_0278_0139.0s.png
279,139.5,3488,226,L Lat Fis-ant-Horizont (2.42); L Sulcus circular insula ant (2.33); L Gyrus front inf-Orbital (2.31); L Lat Fis-ant-Vertical (2.26); R Pole temporal (2.25); R Gyrus temp sup-Plan polar (2.23); L Gyrus temporal inf (2.23); L Sulcus orbital lateral (2.21),/content/drive/MyDrive/New project/deliverables/figures/brain_frames_0p5s/Considering_What_Paris_2024_Paralympic_Games_20260429_194951/frame_0279_0139.5s.png
280,140.0,3500,227,R Pole temporal (2.52); L Lat Fis-ant-Vertical (2.24); L Sulcus circular insula sup (2.20); L Sulcus temporal inf (2.15); L Gyrus front inf-Triangul (2.13); L Sulcus circular insula ant (2.06); L Gyrus front inf-Opercular (2.03); L Gyrus orbital (2.01),/content/drive/MyDrive/New project/deliverables/figures/brain_frames_0p5s/Considering_What_Paris_2024_Paralympic_Games_20260429_194951/frame_0280_0140.0s.png
