ad,second,activation_pct,peak_second
2026년_버드_라이트_슈퍼볼_광고_맥주통_30초,1,49.60550308227539,8
2026년_버드_라이트_슈퍼볼_광고_맥주통_30초,2,57.30830383300781,8
2026년_버드_라이트_슈퍼볼_광고_맥주통_30초,3,57.27085876464844,8
2026년_버드_라이트_슈퍼볼_광고_맥주통_30초,4,67.17455291748047,8
2026년_버드_라이트_슈퍼볼_광고_맥주통_30초,5,72.77792358398438,8
2026년_버드_라이트_슈퍼볼_광고_맥주통_30초,6,86.39625549316406,8
2026년_버드_라이트_슈퍼볼_광고_맥주통_30초,7,97.23795318603516,8
2026년_버드_라이트_슈퍼볼_광고_맥주통_30초,8,100.0,8
2026년_버드_라이트_슈퍼볼_광고_맥주통_30초,9,96.70396423339844,8
2026년_버드_라이트_슈퍼볼_광고_맥주통_30초,10,93.67918395996094,8
2026년_버드_라이트_슈퍼볼_광고_맥주통_30초,11,93.53524780273438,8
2026년_버드_라이트_슈퍼볼_광고_맥주통_30초,12,86.36775207519531,8
2026년_버드_라이트_슈퍼볼_광고_맥주통_30초,13,84.84939575195312,8
2026년_버드_라이트_슈퍼볼_광고_맥주통_30초,14,82.79248809814453,8
2026년_버드_라이트_슈퍼볼_광고_맥주통_30초,15,79.5508804321289,8
2026년_버드_라이트_슈퍼볼_광고_맥주통_30초,16,72.70966339111328,8
2026년_버드_라이트_슈퍼볼_광고_맥주통_30초,17,67.36613464355469,8
2026년_버드_라이트_슈퍼볼_광고_맥주통_30초,18,64.6281967163086,8
2026년_버드_라이트_슈퍼볼_광고_맥주통_30초,19,63.520938873291016,8
2026년_버드_라이트_슈퍼볼_광고_맥주통_30초,20,67.94495391845703,8
2026년_버드_라이트_슈퍼볼_광고_맥주통_30초,21,62.57146072387695,8
2026년_버드_라이트_슈퍼볼_광고_맥주통_30초,22,61.893714904785156,8
2026년_버드_라이트_슈퍼볼_광고_맥주통_30초,23,57.284934997558594,8
2026년_버드_라이트_슈퍼볼_광고_맥주통_30초,24,49.030818939208984,8
2026년_버드_라이트_슈퍼볼_광고_맥주통_30초,25,43.23611831665039,8
2026년_버드_라이트_슈퍼볼_광고_맥주통_30초,26,39.935157775878906,8
2026년_버드_라이트_슈퍼볼_광고_맥주통_30초,27,29.583242416381836,8
2026년_버드_라이트_슈퍼볼_광고_맥주통_30초,28,23.811553955078125,8
2026년_버드_라이트_슈퍼볼_광고_맥주통_30초,29,26.48768424987793,8
2026년_버드_라이트_슈퍼볼_광고_맥주통_30초,30,76.68323516845703,8
America_Needs_Neighbors_Like_You_l_Redfin_x_Rocket_Mortgage,1,38.013065338134766,60
America_Needs_Neighbors_Like_You_l_Redfin_x_Rocket_Mortgage,2,30.988779067993164,60
America_Needs_Neighbors_Like_You_l_Redfin_x_Rocket_Mortgage,3,31.6738224029541,60
America_Needs_Neighbors_Like_You_l_Redfin_x_Rocket_Mortgage,4,30.54944610595703,60
America_Needs_Neighbors_Like_You_l_Redfin_x_Rocket_Mortgage,5,31.13274574279785,60
America_Needs_Neighbors_Like_You_l_Redfin_x_Rocket_Mortgage,6,32.65171432495117,60
America_Needs_Neighbors_Like_You_l_Redfin_x_Rocket_Mortgage,7,33.87876510620117,60
America_Needs_Neighbors_Like_You_l_Redfin_x_Rocket_Mortgage,8,35.58272171020508,60
America_Needs_Neighbors_Like_You_l_Redfin_x_Rocket_Mortgage,9,37.26607131958008,60
America_Needs_Neighbors_Like_You_l_Redfin_x_Rocket_Mortgage,10,37.65274429321289,60
America_Needs_Neighbors_Like_You_l_Redfin_x_Rocket_Mortgage,11,37.61282730102539,60
America_Needs_Neighbors_Like_You_l_Redfin_x_Rocket_Mortgage,12,39.644710540771484,60
America_Needs_Neighbors_Like_You_l_Redfin_x_Rocket_Mortgage,13,38.092342376708984,60
America_Needs_Neighbors_Like_You_l_Redfin_x_Rocket_Mortgage,14,37.5268440246582,60
America_Needs_Neighbors_Like_You_l_Redfin_x_Rocket_Mortgage,15,36.66399002075195,60
America_Needs_Neighbors_Like_You_l_Redfin_x_Rocket_Mortgage,16,35.81277847290039,60
America_Needs_Neighbors_Like_You_l_Redfin_x_Rocket_Mortgage,17,33.30699920654297,60
America_Needs_Neighbors_Like_You_l_Redfin_x_Rocket_Mortgage,18,31.681364059448242,60
America_Needs_Neighbors_Like_You_l_Redfin_x_Rocket_Mortgage,19,30.48938751220703,60
America_Needs_Neighbors_Like_You_l_Redfin_x_Rocket_Mortgage,20,30.112323760986328,60
America_Needs_Neighbors_Like_You_l_Redfin_x_Rocket_Mortgage,21,28.802263259887695,60
America_Needs_Neighbors_Like_You_l_Redfin_x_Rocket_Mortgage,22,25.089641571044922,60
America_Needs_Neighbors_Like_You_l_Redfin_x_Rocket_Mortgage,23,24.634624481201172,60
America_Needs_Neighbors_Like_You_l_Redfin_x_Rocket_Mortgage,24,25.981033325195312,60
America_Needs_Neighbors_Like_You_l_Redfin_x_Rocket_Mortgage,25,25.19954490661621,60
America_Needs_Neighbors_Like_You_l_Redfin_x_Rocket_Mortgage,26,24.803205490112305,60
America_Needs_Neighbors_Like_You_l_Redfin_x_Rocket_Mortgage,27,34.62411880493164,60
America_Needs_Neighbors_Like_You_l_Redfin_x_Rocket_Mortgage,28,39.164791107177734,60
America_Needs_Neighbors_Like_You_l_Redfin_x_Rocket_Mortgage,29,48.38731002807617,60
America_Needs_Neighbors_Like_You_l_Redfin_x_Rocket_Mortgage,30,57.61201477050781,60
America_Needs_Neighbors_Like_You_l_Redfin_x_Rocket_Mortgage,31,57.75899887084961,60
America_Needs_Neighbors_Like_You_l_Redfin_x_Rocket_Mortgage,32,55.69488525390625,60
America_Needs_Neighbors_Like_You_l_Redfin_x_Rocket_Mortgage,33,55.1009407043457,60
America_Needs_Neighbors_Like_You_l_Redfin_x_Rocket_Mortgage,34,55.340118408203125,60
America_Needs_Neighbors_Like_You_l_Redfin_x_Rocket_Mortgage,35,55.73762130737305,60
America_Needs_Neighbors_Like_You_l_Redfin_x_Rocket_Mortgage,36,61.037017822265625,60
America_Needs_Neighbors_Like_You_l_Redfin_x_Rocket_Mortgage,37,64.61890411376953,60
America_Needs_Neighbors_Like_You_l_Redfin_x_Rocket_Mortgage,38,63.82220458984375,60
America_Needs_Neighbors_Like_You_l_Redfin_x_Rocket_Mortgage,39,64.93095397949219,60
America_Needs_Neighbors_Like_You_l_Redfin_x_Rocket_Mortgage,40,57.92481231689453,60
America_Needs_Neighbors_Like_You_l_Redfin_x_Rocket_Mortgage,41,48.42152404785156,60
America_Needs_Neighbors_Like_You_l_Redfin_x_Rocket_Mortgage,42,44.4570198059082,60
America_Needs_Neighbors_Like_You_l_Redfin_x_Rocket_Mortgage,43,39.10044479370117,60
America_Needs_Neighbors_Like_You_l_Redfin_x_Rocket_Mortgage,44,35.06901931762695,60
America_Needs_Neighbors_Like_You_l_Redfin_x_Rocket_Mortgage,45,31.60980987548828,60
America_Needs_Neighbors_Like_You_l_Redfin_x_Rocket_Mortgage,46,30.73720359802246,60
America_Needs_Neighbors_Like_You_l_Redfin_x_Rocket_Mortgage,47,31.858963012695312,60
America_Needs_Neighbors_Like_You_l_Redfin_x_Rocket_Mortgage,48,35.320518493652344,60
America_Needs_Neighbors_Like_You_l_Redfin_x_Rocket_Mortgage,49,40.649559020996094,60
America_Needs_Neighbors_Like_You_l_Redfin_x_Rocket_Mortgage,50,43.11411666870117,60
America_Needs_Neighbors_Like_You_l_Redfin_x_Rocket_Mortgage,51,44.787139892578125,60
America_Needs_Neighbors_Like_You_l_Redfin_x_Rocket_Mortgage,52,45.43608856201172,60
America_Needs_Neighbors_Like_You_l_Redfin_x_Rocket_Mortgage,53,42.50197982788086,60
America_Needs_Neighbors_Like_You_l_Redfin_x_Rocket_Mortgage,54,38.089256286621094,60
America_Needs_Neighbors_Like_You_l_Redfin_x_Rocket_Mortgage,55,38.11712646484375,60
America_Needs_Neighbors_Like_You_l_Redfin_x_Rocket_Mortgage,56,32.64130401611328,60
America_Needs_Neighbors_Like_You_l_Redfin_x_Rocket_Mortgage,57,47.33876037597656,60
America_Needs_Neighbors_Like_You_l_Redfin_x_Rocket_Mortgage,58,70.30227661132812,60
America_Needs_Neighbors_Like_You_l_Redfin_x_Rocket_Mortgage,59,83.09809112548828,60
America_Needs_Neighbors_Like_You_l_Redfin_x_Rocket_Mortgage,60,100.0,60
Backstory_Levi_s_Behind_Every_Original,1,45.2274055480957,30
Backstory_Levi_s_Behind_Every_Original,2,51.24335479736328,30
Backstory_Levi_s_Behind_Every_Original,3,55.895362854003906,30
Backstory_Levi_s_Behind_Every_Original,4,56.19590377807617,30
Backstory_Levi_s_Behind_Every_Original,5,63.715267181396484,30
Backstory_Levi_s_Behind_Every_Original,6,64.0552978515625,30
Backstory_Levi_s_Behind_Every_Original,7,68.87605285644531,30
Backstory_Levi_s_Behind_Every_Original,8,73.10113525390625,30
Backstory_Levi_s_Behind_Every_Original,9,76.2884521484375,30
Backstory_Levi_s_Behind_Every_Original,10,77.43021392822266,30
Backstory_Levi_s_Behind_Every_Original,11,78.36278533935547,30
Backstory_Levi_s_Behind_Every_Original,12,77.01386260986328,30
Backstory_Levi_s_Behind_Every_Original,13,75.54397583007812,30
Backstory_Levi_s_Behind_Every_Original,14,74.07101440429688,30
Backstory_Levi_s_Behind_Every_Original,15,73.70790100097656,30
Backstory_Levi_s_Behind_Every_Original,16,71.06735229492188,30
Backstory_Levi_s_Behind_Every_Original,17,70.7919692993164,30
Backstory_Levi_s_Behind_Every_Original,18,70.42208099365234,30
Backstory_Levi_s_Behind_Every_Original,19,74.771240234375,30
Backstory_Levi_s_Behind_Every_Original,20,76.82584381103516,30
Backstory_Levi_s_Behind_Every_Original,21,77.18427276611328,30
Backstory_Levi_s_Behind_Every_Original,22,74.32484436035156,30
Backstory_Levi_s_Behind_Every_Original,23,73.82218933105469,30
Backstory_Levi_s_Behind_Every_Original,24,69.3797378540039,30
Backstory_Levi_s_Behind_Every_Original,25,66.3214111328125,30
Backstory_Levi_s_Behind_Every_Original,26,66.93872833251953,30
Backstory_Levi_s_Behind_Every_Original,27,63.36832046508789,30
Backstory_Levi_s_Behind_Every_Original,28,63.06692886352539,30
Backstory_Levi_s_Behind_Every_Original,29,57.80345916748047,30
Backstory_Levi_s_Behind_Every_Original,30,100.0,30
Bananas_Instacart_Big_Game_Commercial,1,49.50669860839844,14
Bananas_Instacart_Big_Game_Commercial,2,47.470237731933594,14
Bananas_Instacart_Big_Game_Commercial,3,56.32060241699219,14
Bananas_Instacart_Big_Game_Commercial,4,56.58648681640625,14
Bananas_Instacart_Big_Game_Commercial,5,54.985801696777344,14
Bananas_Instacart_Big_Game_Commercial,6,58.64768600463867,14
Bananas_Instacart_Big_Game_Commercial,7,62.14951705932617,14
Bananas_Instacart_Big_Game_Commercial,8,70.4092025756836,14
Bananas_Instacart_Big_Game_Commercial,9,76.8982162475586,14
Bananas_Instacart_Big_Game_Commercial,10,84.47109985351562,14
Bananas_Instacart_Big_Game_Commercial,11,87.80941772460938,14
Bananas_Instacart_Big_Game_Commercial,12,93.72674560546875,14
Bananas_Instacart_Big_Game_Commercial,13,93.90145874023438,14
Bananas_Instacart_Big_Game_Commercial,14,100.0,14
Bananas_Instacart_Big_Game_Commercial,15,95.14207458496094,14
Bananas_Instacart_Big_Game_Commercial,16,91.35002899169922,14
Bananas_Instacart_Big_Game_Commercial,17,92.75271606445312,14
Bananas_Instacart_Big_Game_Commercial,18,90.57797241210938,14
Bananas_Instacart_Big_Game_Commercial,19,87.83782958984375,14
Bananas_Instacart_Big_Game_Commercial,20,92.43391418457031,14
Bananas_Instacart_Big_Game_Commercial,21,95.72667694091797,14
Bananas_Instacart_Big_Game_Commercial,22,97.48458099365234,14
Bananas_Instacart_Big_Game_Commercial,23,94.7558364868164,14
Bananas_Instacart_Big_Game_Commercial,24,85.63682556152344,14
Bananas_Instacart_Big_Game_Commercial,25,73.91948699951172,14
Bananas_Instacart_Big_Game_Commercial,26,75.4815902709961,14
Bananas_Instacart_Big_Game_Commercial,27,58.98383331298828,14
Bananas_Instacart_Big_Game_Commercial,28,52.326942443847656,14
Bananas_Instacart_Big_Game_Commercial,29,44.651092529296875,14
Bananas_Instacart_Big_Game_Commercial,30,57.81723403930664,14
Bet_On_Kendall_30_Fanatics_Sportsbook,1,66.03760528564453,17
Bet_On_Kendall_30_Fanatics_Sportsbook,2,65.46018981933594,17
Bet_On_Kendall_30_Fanatics_Sportsbook,3,64.66326904296875,17
Bet_On_Kendall_30_Fanatics_Sportsbook,4,62.66783905029297,17
Bet_On_Kendall_30_Fanatics_Sportsbook,5,59.98210906982422,17
Bet_On_Kendall_30_Fanatics_Sportsbook,6,59.63933563232422,17
Bet_On_Kendall_30_Fanatics_Sportsbook,7,63.16376876831055,17
Bet_On_Kendall_30_Fanatics_Sportsbook,8,61.780364990234375,17
Bet_On_Kendall_30_Fanatics_Sportsbook,9,71.86209869384766,17
Bet_On_Kendall_30_Fanatics_Sportsbook,10,74.02821350097656,17
Bet_On_Kendall_30_Fanatics_Sportsbook,11,79.75465393066406,17
Bet_On_Kendall_30_Fanatics_Sportsbook,12,90.6668701171875,17
Bet_On_Kendall_30_Fanatics_Sportsbook,13,94.81781768798828,17
Bet_On_Kendall_30_Fanatics_Sportsbook,14,95.54158782958984,17
Bet_On_Kendall_30_Fanatics_Sportsbook,15,98.37464904785156,17
Bet_On_Kendall_30_Fanatics_Sportsbook,16,95.40385437011719,17
Bet_On_Kendall_30_Fanatics_Sportsbook,17,100.0,17
Bet_On_Kendall_30_Fanatics_Sportsbook,18,95.81307983398438,17
Bet_On_Kendall_30_Fanatics_Sportsbook,19,95.15402221679688,17
Bet_On_Kendall_30_Fanatics_Sportsbook,20,77.34757232666016,17
Bet_On_Kendall_30_Fanatics_Sportsbook,21,67.3189926147461,17
Bet_On_Kendall_30_Fanatics_Sportsbook,22,60.20635986328125,17
Bet_On_Kendall_30_Fanatics_Sportsbook,23,47.0218391418457,17
Bet_On_Kendall_30_Fanatics_Sportsbook,24,48.24716567993164,17
Bet_On_Kendall_30_Fanatics_Sportsbook,25,46.53718566894531,17
Bet_On_Kendall_30_Fanatics_Sportsbook,26,49.80518341064453,17
Bet_On_Kendall_30_Fanatics_Sportsbook,27,49.938201904296875,17
Bet_On_Kendall_30_Fanatics_Sportsbook,28,47.86658477783203,17
Bet_On_Kendall_30_Fanatics_Sportsbook,29,57.04011154174805,17
Bet_On_Kendall_30_Fanatics_Sportsbook,30,88.81990814208984,17
Budweiser_Super_Bowl_LX_Commercial_American_Icons,1,26.808074951171875,60
Budweiser_Super_Bowl_LX_Commercial_American_Icons,2,31.628005981445312,60
Budweiser_Super_Bowl_LX_Commercial_American_Icons,3,37.68230056762695,60
Budweiser_Super_Bowl_LX_Commercial_American_Icons,4,42.4239616394043,60
Budweiser_Super_Bowl_LX_Commercial_American_Icons,5,45.601680755615234,60
Budweiser_Super_Bowl_LX_Commercial_American_Icons,6,42.820899963378906,60
Budweiser_Super_Bowl_LX_Commercial_American_Icons,7,46.51645278930664,60
Budweiser_Super_Bowl_LX_Commercial_American_Icons,8,44.31036376953125,60
Budweiser_Super_Bowl_LX_Commercial_American_Icons,9,38.416690826416016,60
Budweiser_Super_Bowl_LX_Commercial_American_Icons,10,35.18341064453125,60
Budweiser_Super_Bowl_LX_Commercial_American_Icons,11,32.511844635009766,60
Budweiser_Super_Bowl_LX_Commercial_American_Icons,12,33.34182357788086,60
Budweiser_Super_Bowl_LX_Commercial_American_Icons,13,33.893104553222656,60
Budweiser_Super_Bowl_LX_Commercial_American_Icons,14,36.895782470703125,60
Budweiser_Super_Bowl_LX_Commercial_American_Icons,15,40.40995788574219,60
Budweiser_Super_Bowl_LX_Commercial_American_Icons,16,37.800235748291016,60
Budweiser_Super_Bowl_LX_Commercial_American_Icons,17,38.21426773071289,60
Budweiser_Super_Bowl_LX_Commercial_American_Icons,18,38.21456527709961,60
Budweiser_Super_Bowl_LX_Commercial_American_Icons,19,37.093074798583984,60
Budweiser_Super_Bowl_LX_Commercial_American_Icons,20,35.408966064453125,60
Budweiser_Super_Bowl_LX_Commercial_American_Icons,21,35.11420440673828,60
Budweiser_Super_Bowl_LX_Commercial_American_Icons,22,34.06938552856445,60
Budweiser_Super_Bowl_LX_Commercial_American_Icons,23,34.89896011352539,60
Budweiser_Super_Bowl_LX_Commercial_American_Icons,24,35.124267578125,60
Budweiser_Super_Bowl_LX_Commercial_American_Icons,25,34.90369415283203,60
Budweiser_Super_Bowl_LX_Commercial_American_Icons,26,35.82093811035156,60
Budweiser_Super_Bowl_LX_Commercial_American_Icons,27,38.149723052978516,60
Budweiser_Super_Bowl_LX_Commercial_American_Icons,28,41.04138946533203,60
Budweiser_Super_Bowl_LX_Commercial_American_Icons,29,46.831329345703125,60
Budweiser_Super_Bowl_LX_Commercial_American_Icons,30,54.353721618652344,60
Budweiser_Super_Bowl_LX_Commercial_American_Icons,31,64.11565399169922,60
Budweiser_Super_Bowl_LX_Commercial_American_Icons,32,69.2811050415039,60
Budweiser_Super_Bowl_LX_Commercial_American_Icons,33,78.05126953125,60
Budweiser_Super_Bowl_LX_Commercial_American_Icons,34,77.04161834716797,60
Budweiser_Super_Bowl_LX_Commercial_American_Icons,35,80.2791748046875,60
Budweiser_Super_Bowl_LX_Commercial_American_Icons,36,77.3026123046875,60
Budweiser_Super_Bowl_LX_Commercial_American_Icons,37,69.98703002929688,60
Budweiser_Super_Bowl_LX_Commercial_American_Icons,38,63.604408264160156,60
Budweiser_Super_Bowl_LX_Commercial_American_Icons,39,54.25981140136719,60
Budweiser_Super_Bowl_LX_Commercial_American_Icons,40,48.02299118041992,60
Budweiser_Super_Bowl_LX_Commercial_American_Icons,41,38.26289367675781,60
Budweiser_Super_Bowl_LX_Commercial_American_Icons,42,32.29500961303711,60
Budweiser_Super_Bowl_LX_Commercial_American_Icons,43,32.90231704711914,60
Budweiser_Super_Bowl_LX_Commercial_American_Icons,44,31.1370792388916,60
Budweiser_Super_Bowl_LX_Commercial_American_Icons,45,31.485254287719727,60
Budweiser_Super_Bowl_LX_Commercial_American_Icons,46,31.881820678710938,60
Budweiser_Super_Bowl_LX_Commercial_American_Icons,47,31.0555419921875,60
Budweiser_Super_Bowl_LX_Commercial_American_Icons,48,31.440309524536133,60
Budweiser_Super_Bowl_LX_Commercial_American_Icons,49,29.482561111450195,60
Budweiser_Super_Bowl_LX_Commercial_American_Icons,50,25.98138427734375,60
Budweiser_Super_Bowl_LX_Commercial_American_Icons,51,26.22075653076172,60
Budweiser_Super_Bowl_LX_Commercial_American_Icons,52,27.457109451293945,60
Budweiser_Super_Bowl_LX_Commercial_American_Icons,53,34.75751876831055,60
Budweiser_Super_Bowl_LX_Commercial_American_Icons,54,38.782073974609375,60
Budweiser_Super_Bowl_LX_Commercial_American_Icons,55,40.21199417114258,60
Budweiser_Super_Bowl_LX_Commercial_American_Icons,56,34.40892028808594,60
Budweiser_Super_Bowl_LX_Commercial_American_Icons,57,40.13591766357422,60
Budweiser_Super_Bowl_LX_Commercial_American_Icons,58,58.2653694152832,60
Budweiser_Super_Bowl_LX_Commercial_American_Icons,59,60.97768020629883,60
Budweiser_Super_Bowl_LX_Commercial_American_Icons,60,100.0,60
Cadillac_Formula_1_Team_2026_Livery_Reveal_The_Mission_Begins,1,25.082965850830078,60
Cadillac_Formula_1_Team_2026_Livery_Reveal_The_Mission_Begins,2,24.271921157836914,60
Cadillac_Formula_1_Team_2026_Livery_Reveal_The_Mission_Begins,3,34.51087951660156,60
Cadillac_Formula_1_Team_2026_Livery_Reveal_The_Mission_Begins,4,34.046165466308594,60
Cadillac_Formula_1_Team_2026_Livery_Reveal_The_Mission_Begins,5,38.69019317626953,60
Cadillac_Formula_1_Team_2026_Livery_Reveal_The_Mission_Begins,6,43.5966682434082,60
Cadillac_Formula_1_Team_2026_Livery_Reveal_The_Mission_Begins,7,47.23875045776367,60
Cadillac_Formula_1_Team_2026_Livery_Reveal_The_Mission_Begins,8,49.15789031982422,60
Cadillac_Formula_1_Team_2026_Livery_Reveal_The_Mission_Begins,9,48.33175277709961,60
Cadillac_Formula_1_Team_2026_Livery_Reveal_The_Mission_Begins,10,43.61452102661133,60
Cadillac_Formula_1_Team_2026_Livery_Reveal_The_Mission_Begins,11,42.23446273803711,60
Cadillac_Formula_1_Team_2026_Livery_Reveal_The_Mission_Begins,12,35.96059799194336,60
Cadillac_Formula_1_Team_2026_Livery_Reveal_The_Mission_Begins,13,36.76112365722656,60
Cadillac_Formula_1_Team_2026_Livery_Reveal_The_Mission_Begins,14,35.43993377685547,60
Cadillac_Formula_1_Team_2026_Livery_Reveal_The_Mission_Begins,15,37.916622161865234,60
Cadillac_Formula_1_Team_2026_Livery_Reveal_The_Mission_Begins,16,38.88387680053711,60
Cadillac_Formula_1_Team_2026_Livery_Reveal_The_Mission_Begins,17,41.824501037597656,60
Cadillac_Formula_1_Team_2026_Livery_Reveal_The_Mission_Begins,18,44.389244079589844,60
Cadillac_Formula_1_Team_2026_Livery_Reveal_The_Mission_Begins,19,46.77946090698242,60
Cadillac_Formula_1_Team_2026_Livery_Reveal_The_Mission_Begins,20,52.388851165771484,60
Cadillac_Formula_1_Team_2026_Livery_Reveal_The_Mission_Begins,21,52.058006286621094,60
Cadillac_Formula_1_Team_2026_Livery_Reveal_The_Mission_Begins,22,49.59560775756836,60
Cadillac_Formula_1_Team_2026_Livery_Reveal_The_Mission_Begins,23,44.79209899902344,60
Cadillac_Formula_1_Team_2026_Livery_Reveal_The_Mission_Begins,24,38.4008674621582,60
Cadillac_Formula_1_Team_2026_Livery_Reveal_The_Mission_Begins,25,40.48416519165039,60
Cadillac_Formula_1_Team_2026_Livery_Reveal_The_Mission_Begins,26,41.603668212890625,60
Cadillac_Formula_1_Team_2026_Livery_Reveal_The_Mission_Begins,27,44.42503356933594,60
Cadillac_Formula_1_Team_2026_Livery_Reveal_The_Mission_Begins,28,45.21261215209961,60
Cadillac_Formula_1_Team_2026_Livery_Reveal_The_Mission_Begins,29,44.060943603515625,60
Cadillac_Formula_1_Team_2026_Livery_Reveal_The_Mission_Begins,30,44.76993942260742,60
Cadillac_Formula_1_Team_2026_Livery_Reveal_The_Mission_Begins,31,44.19891357421875,60
Cadillac_Formula_1_Team_2026_Livery_Reveal_The_Mission_Begins,32,45.24394989013672,60
Cadillac_Formula_1_Team_2026_Livery_Reveal_The_Mission_Begins,33,46.39125061035156,60
Cadillac_Formula_1_Team_2026_Livery_Reveal_The_Mission_Begins,34,40.78219223022461,60
Cadillac_Formula_1_Team_2026_Livery_Reveal_The_Mission_Begins,35,35.581809997558594,60
Cadillac_Formula_1_Team_2026_Livery_Reveal_The_Mission_Begins,36,31.798866271972656,60
Cadillac_Formula_1_Team_2026_Livery_Reveal_The_Mission_Begins,37,31.068260192871094,60
Cadillac_Formula_1_Team_2026_Livery_Reveal_The_Mission_Begins,38,30.355804443359375,60
Cadillac_Formula_1_Team_2026_Livery_Reveal_The_Mission_Begins,39,32.333953857421875,60
Cadillac_Formula_1_Team_2026_Livery_Reveal_The_Mission_Begins,40,34.759464263916016,60
Cadillac_Formula_1_Team_2026_Livery_Reveal_The_Mission_Begins,41,36.49067687988281,60
Cadillac_Formula_1_Team_2026_Livery_Reveal_The_Mission_Begins,42,37.3371467590332,60
Cadillac_Formula_1_Team_2026_Livery_Reveal_The_Mission_Begins,43,39.4631233215332,60
Cadillac_Formula_1_Team_2026_Livery_Reveal_The_Mission_Begins,44,38.68336486816406,60
Cadillac_Formula_1_Team_2026_Livery_Reveal_The_Mission_Begins,45,39.62818908691406,60
Cadillac_Formula_1_Team_2026_Livery_Reveal_The_Mission_Begins,46,44.237728118896484,60
Cadillac_Formula_1_Team_2026_Livery_Reveal_The_Mission_Begins,47,45.96672058105469,60
Cadillac_Formula_1_Team_2026_Livery_Reveal_The_Mission_Begins,48,46.557281494140625,60
Cadillac_Formula_1_Team_2026_Livery_Reveal_The_Mission_Begins,49,46.2138786315918,60
Cadillac_Formula_1_Team_2026_Livery_Reveal_The_Mission_Begins,50,46.33087921142578,60
Cadillac_Formula_1_Team_2026_Livery_Reveal_The_Mission_Begins,51,41.19007110595703,60
Cadillac_Formula_1_Team_2026_Livery_Reveal_The_Mission_Begins,52,41.813011169433594,60
Cadillac_Formula_1_Team_2026_Livery_Reveal_The_Mission_Begins,53,41.502769470214844,60
Cadillac_Formula_1_Team_2026_Livery_Reveal_The_Mission_Begins,54,43.90571594238281,60
Cadillac_Formula_1_Team_2026_Livery_Reveal_The_Mission_Begins,55,54.68704605102539,60
Cadillac_Formula_1_Team_2026_Livery_Reveal_The_Mission_Begins,56,60.61784744262695,60
Cadillac_Formula_1_Team_2026_Livery_Reveal_The_Mission_Begins,57,71.1056137084961,60
Cadillac_Formula_1_Team_2026_Livery_Reveal_The_Mission_Begins,58,92.74211120605469,60
Cadillac_Formula_1_Team_2026_Livery_Reveal_The_Mission_Begins,59,89.81487274169922,60
Cadillac_Formula_1_Team_2026_Livery_Reveal_The_Mission_Begins,60,100.0,60
Can_I_get_a_six_pack_quickly,1,36.96845626831055,30
Can_I_get_a_six_pack_quickly,2,31.11043357849121,30
Can_I_get_a_six_pack_quickly,3,33.57028579711914,30
Can_I_get_a_six_pack_quickly,4,29.925636291503906,30
Can_I_get_a_six_pack_quickly,5,38.19819259643555,30
Can_I_get_a_six_pack_quickly,6,44.4846076965332,30
Can_I_get_a_six_pack_quickly,7,46.11455154418945,30
Can_I_get_a_six_pack_quickly,8,45.4764289855957,30
Can_I_get_a_six_pack_quickly,9,49.08637619018555,30
Can_I_get_a_six_pack_quickly,10,50.1803092956543,30
Can_I_get_a_six_pack_quickly,11,50.803955078125,30
Can_I_get_a_six_pack_quickly,12,53.20587921142578,30
Can_I_get_a_six_pack_quickly,13,48.203792572021484,30
Can_I_get_a_six_pack_quickly,14,51.93120193481445,30
Can_I_get_a_six_pack_quickly,15,49.84364318847656,30
Can_I_get_a_six_pack_quickly,16,53.518497467041016,30
Can_I_get_a_six_pack_quickly,17,53.06252670288086,30
Can_I_get_a_six_pack_quickly,18,54.01374816894531,30
Can_I_get_a_six_pack_quickly,19,52.978179931640625,30
Can_I_get_a_six_pack_quickly,20,52.15995407104492,30
Can_I_get_a_six_pack_quickly,21,49.71014404296875,30
Can_I_get_a_six_pack_quickly,22,49.660221099853516,30
Can_I_get_a_six_pack_quickly,23,46.983482360839844,30
Can_I_get_a_six_pack_quickly,24,48.11255645751953,30
Can_I_get_a_six_pack_quickly,25,50.939453125,30
Can_I_get_a_six_pack_quickly,26,61.503135681152344,30
Can_I_get_a_six_pack_quickly,27,65.64398956298828,30
Can_I_get_a_six_pack_quickly,28,67.74087524414062,30
Can_I_get_a_six_pack_quickly,29,73.95767211914062,30
Can_I_get_a_six_pack_quickly,30,100.0,30
Can_t_Live_There_Homes.com,1,40.46127700805664,13
Can_t_Live_There_Homes.com,2,40.334896087646484,13
Can_t_Live_There_Homes.com,3,44.95412063598633,13
Can_t_Live_There_Homes.com,4,46.70170974731445,13
Can_t_Live_There_Homes.com,5,47.12381362915039,13
Can_t_Live_There_Homes.com,6,47.72197341918945,13
Can_t_Live_There_Homes.com,7,52.458126068115234,13
Can_t_Live_There_Homes.com,8,63.88898468017578,13
Can_t_Live_There_Homes.com,9,80.2455062866211,13
Can_t_Live_There_Homes.com,10,91.2652587890625,13
Can_t_Live_There_Homes.com,11,96.1564712524414,13
Can_t_Live_There_Homes.com,12,97.84923553466797,13
Can_t_Live_There_Homes.com,13,100.0,13
Can_t_Live_There_Homes.com,14,99.91827392578125,13
Can_t_Live_There_Homes.com,15,96.97134399414062,13
Can_t_Live_There_Homes.com,16,92.85649871826172,13
Can_t_Live_There_Homes.com,17,83.82186889648438,13
Can_t_Live_There_Homes.com,18,79.48601531982422,13
Can_t_Live_There_Homes.com,19,76.77642822265625,13
Can_t_Live_There_Homes.com,20,70.11981964111328,13
Can_t_Live_There_Homes.com,21,58.994972229003906,13
Can_t_Live_There_Homes.com,22,44.826576232910156,13
Can_t_Live_There_Homes.com,23,37.9106330871582,13
Can_t_Live_There_Homes.com,24,37.22798156738281,13
Can_t_Live_There_Homes.com,25,34.2985725402832,13
Can_t_Live_There_Homes.com,26,40.39113998413086,13
Can_t_Live_There_Homes.com,27,26.724767684936523,13
Can_t_Live_There_Homes.com,28,34.76603317260742,13
Can_t_Live_There_Homes.com,29,51.2277717590332,13
Can_t_Live_There_Homes.com,30,97.61837005615234,13
Considering_What_Paris_2024_Paralympic_Games,1,42.0003547668457,25
Considering_What_Paris_2024_Paralympic_Games,2,43.86079788208008,25
Considering_What_Paris_2024_Paralympic_Games,3,46.24932861328125,25
Considering_What_Paris_2024_Paralympic_Games,4,42.90229415893555,25
Considering_What_Paris_2024_Paralympic_Games,5,44.357521057128906,25
Considering_What_Paris_2024_Paralympic_Games,6,46.44255065917969,25
Considering_What_Paris_2024_Paralympic_Games,7,55.885833740234375,25
Considering_What_Paris_2024_Paralympic_Games,8,61.7776985168457,25
Considering_What_Paris_2024_Paralympic_Games,9,68.7791519165039,25
Considering_What_Paris_2024_Paralympic_Games,10,68.25896453857422,25
Considering_What_Paris_2024_Paralympic_Games,11,73.32939147949219,25
Considering_What_Paris_2024_Paralympic_Games,12,77.1725845336914,25
Considering_What_Paris_2024_Paralympic_Games,13,75.3138656616211,25
Considering_What_Paris_2024_Paralympic_Games,14,76.55040740966797,25
Considering_What_Paris_2024_Paralympic_Games,15,76.5785903930664,25
Considering_What_Paris_2024_Paralympic_Games,16,71.70977783203125,25
Considering_What_Paris_2024_Paralympic_Games,17,66.98381042480469,25
Considering_What_Paris_2024_Paralympic_Games,18,69.70804595947266,25
Considering_What_Paris_2024_Paralympic_Games,19,71.94412994384766,25
Considering_What_Paris_2024_Paralympic_Games,20,79.67340087890625,25
Considering_What_Paris_2024_Paralympic_Games,21,87.16178131103516,25
Considering_What_Paris_2024_Paralympic_Games,22,84.5636215209961,25
Considering_What_Paris_2024_Paralympic_Games,23,91.97688293457031,25
Considering_What_Paris_2024_Paralympic_Games,24,99.3438491821289,25
Considering_What_Paris_2024_Paralympic_Games,25,100.0,25
Considering_What_Paris_2024_Paralympic_Games,26,94.92318725585938,25
Considering_What_Paris_2024_Paralympic_Games,27,95.13774108886719,25
Considering_What_Paris_2024_Paralympic_Games,28,96.37682342529297,25
Considering_What_Paris_2024_Paralympic_Games,29,88.13233184814453,25
Considering_What_Paris_2024_Paralympic_Games,30,85.42710876464844,25
Considering_What_Paris_2024_Paralympic_Games,31,79.1258316040039,25
Considering_What_Paris_2024_Paralympic_Games,32,75.56951904296875,25
Considering_What_Paris_2024_Paralympic_Games,33,68.06592559814453,25
Considering_What_Paris_2024_Paralympic_Games,34,58.48738479614258,25
Considering_What_Paris_2024_Paralympic_Games,35,54.64625549316406,25
Considering_What_Paris_2024_Paralympic_Games,36,52.70002365112305,25
Considering_What_Paris_2024_Paralympic_Games,37,49.734989166259766,25
Considering_What_Paris_2024_Paralympic_Games,38,53.55200958251953,25
Considering_What_Paris_2024_Paralympic_Games,39,53.88623046875,25
Considering_What_Paris_2024_Paralympic_Games,40,61.586917877197266,25
Considering_What_Paris_2024_Paralympic_Games,41,64.48162841796875,25
Considering_What_Paris_2024_Paralympic_Games,42,62.342369079589844,25
Considering_What_Paris_2024_Paralympic_Games,43,63.141029357910156,25
Considering_What_Paris_2024_Paralympic_Games,44,61.10165023803711,25
Considering_What_Paris_2024_Paralympic_Games,45,60.61621856689453,25
Considering_What_Paris_2024_Paralympic_Games,46,56.27339553833008,25
Considering_What_Paris_2024_Paralympic_Games,47,56.74899673461914,25
Considering_What_Paris_2024_Paralympic_Games,48,57.14417266845703,25
Considering_What_Paris_2024_Paralympic_Games,49,52.139644622802734,25
Considering_What_Paris_2024_Paralympic_Games,50,46.85426330566406,25
Considering_What_Paris_2024_Paralympic_Games,51,44.667606353759766,25
Considering_What_Paris_2024_Paralympic_Games,52,43.80477523803711,25
Considering_What_Paris_2024_Paralympic_Games,53,42.967926025390625,25
Considering_What_Paris_2024_Paralympic_Games,54,43.22480392456055,25
Considering_What_Paris_2024_Paralympic_Games,55,39.06098556518555,25
Considering_What_Paris_2024_Paralympic_Games,56,35.9489631652832,25
Considering_What_Paris_2024_Paralympic_Games,57,37.01450729370117,25
Considering_What_Paris_2024_Paralympic_Games,58,34.57505798339844,25
Considering_What_Paris_2024_Paralympic_Games,59,33.67335891723633,25
Considering_What_Paris_2024_Paralympic_Games,60,29.65182113647461,25
Considering_What_Paris_2024_Paralympic_Games,61,34.27384948730469,25
Considering_What_Paris_2024_Paralympic_Games,62,27.693662643432617,25
Considering_What_Paris_2024_Paralympic_Games,63,28.827953338623047,25
Considering_What_Paris_2024_Paralympic_Games,64,28.238927841186523,25
Considering_What_Paris_2024_Paralympic_Games,65,29.27739715576172,25
Considering_What_Paris_2024_Paralympic_Games,66,27.734188079833984,25
Considering_What_Paris_2024_Paralympic_Games,67,29.865354537963867,25
Considering_What_Paris_2024_Paralympic_Games,68,31.070402145385742,25
Considering_What_Paris_2024_Paralympic_Games,69,30.490222930908203,25
Considering_What_Paris_2024_Paralympic_Games,70,28.49166488647461,25
Considering_What_Paris_2024_Paralympic_Games,71,22.412799835205078,25
Considering_What_Paris_2024_Paralympic_Games,72,22.451129913330078,25
Considering_What_Paris_2024_Paralympic_Games,73,28.279399871826172,25
Considering_What_Paris_2024_Paralympic_Games,74,39.24510192871094,25
Considering_What_Paris_2024_Paralympic_Games,75,43.86173629760742,25
Considering_What_Paris_2024_Paralympic_Games,76,43.82678985595703,25
Considering_What_Paris_2024_Paralympic_Games,77,44.285850524902344,25
Considering_What_Paris_2024_Paralympic_Games,78,41.43191909790039,25
Considering_What_Paris_2024_Paralympic_Games,79,39.586334228515625,25
Considering_What_Paris_2024_Paralympic_Games,80,43.711402893066406,25
Considering_What_Paris_2024_Paralympic_Games,81,46.295257568359375,25
Considering_What_Paris_2024_Paralympic_Games,82,46.250179290771484,25
Considering_What_Paris_2024_Paralympic_Games,83,46.493003845214844,25
Considering_What_Paris_2024_Paralympic_Games,84,43.36482238769531,25
Considering_What_Paris_2024_Paralympic_Games,85,39.332088470458984,25
Considering_What_Paris_2024_Paralympic_Games,86,33.46181869506836,25
Considering_What_Paris_2024_Paralympic_Games,87,36.990745544433594,25
Considering_What_Paris_2024_Paralympic_Games,88,46.288734436035156,25
Considering_What_Paris_2024_Paralympic_Games,89,51.150482177734375,25
Considering_What_Paris_2024_Paralympic_Games,90,55.339263916015625,25
Considering_What_Paris_2024_Paralympic_Games,91,68.73945617675781,25
Considering_What_Paris_2024_Paralympic_Games,92,78.72901916503906,25
Considering_What_Paris_2024_Paralympic_Games,93,81.39286041259766,25
Considering_What_Paris_2024_Paralympic_Games,94,77.8088150024414,25
Considering_What_Paris_2024_Paralympic_Games,95,68.68180847167969,25
Considering_What_Paris_2024_Paralympic_Games,96,53.39457321166992,25
Considering_What_Paris_2024_Paralympic_Games,97,37.877193450927734,25
Considering_What_Paris_2024_Paralympic_Games,98,28.655105590820312,25
Considering_What_Paris_2024_Paralympic_Games,99,25.646812438964844,25
Considering_What_Paris_2024_Paralympic_Games,100,59.21024703979492,25
Considering_What_Paris_2024_Paralympic_Games,101,55.38851547241211,25
Considering_What_Paris_2024_Paralympic_Games,102,46.419124603271484,25
Considering_What_Paris_2024_Paralympic_Games,103,43.14202880859375,25
Considering_What_Paris_2024_Paralympic_Games,104,41.87639236450195,25
Considering_What_Paris_2024_Paralympic_Games,105,43.00070571899414,25
Considering_What_Paris_2024_Paralympic_Games,106,42.951541900634766,25
Considering_What_Paris_2024_Paralympic_Games,107,47.24285125732422,25
Considering_What_Paris_2024_Paralympic_Games,108,48.722816467285156,25
Considering_What_Paris_2024_Paralympic_Games,109,51.08971405029297,25
Considering_What_Paris_2024_Paralympic_Games,110,55.60810089111328,25
Considering_What_Paris_2024_Paralympic_Games,111,61.38158416748047,25
Considering_What_Paris_2024_Paralympic_Games,112,62.80018615722656,25
Considering_What_Paris_2024_Paralympic_Games,113,64.55740356445312,25
Considering_What_Paris_2024_Paralympic_Games,114,61.30616760253906,25
Considering_What_Paris_2024_Paralympic_Games,115,59.4151611328125,25
Considering_What_Paris_2024_Paralympic_Games,116,55.16535568237305,25
Considering_What_Paris_2024_Paralympic_Games,117,50.812469482421875,25
Considering_What_Paris_2024_Paralympic_Games,118,46.54220199584961,25
Considering_What_Paris_2024_Paralympic_Games,119,45.344661712646484,25
Considering_What_Paris_2024_Paralympic_Games,120,44.17774963378906,25
Considering_What_Paris_2024_Paralympic_Games,121,48.62240219116211,25
Considering_What_Paris_2024_Paralympic_Games,122,58.68098068237305,25
Considering_What_Paris_2024_Paralympic_Games,123,80.34933471679688,25
Considering_What_Paris_2024_Paralympic_Games,124,81.61770629882812,25
Considering_What_Paris_2024_Paralympic_Games,125,86.52598571777344,25
Considering_What_Paris_2024_Paralympic_Games,126,86.71786499023438,25
Considering_What_Paris_2024_Paralympic_Games,127,83.91730499267578,25
Considering_What_Paris_2024_Paralympic_Games,128,79.7439956665039,25
Considering_What_Paris_2024_Paralympic_Games,129,68.10970306396484,25
Considering_What_Paris_2024_Paralympic_Games,130,66.53971099853516,25
Considering_What_Paris_2024_Paralympic_Games,131,65.36331939697266,25
Considering_What_Paris_2024_Paralympic_Games,132,73.50628662109375,25
Considering_What_Paris_2024_Paralympic_Games,133,82.58689880371094,25
Considering_What_Paris_2024_Paralympic_Games,134,89.58428192138672,25
Considering_What_Paris_2024_Paralympic_Games,135,94.70826721191406,25
Considering_What_Paris_2024_Paralympic_Games,136,96.40394592285156,25
Considering_What_Paris_2024_Paralympic_Games,137,95.39588928222656,25
Considering_What_Paris_2024_Paralympic_Games,138,90.76714324951172,25
Considering_What_Paris_2024_Paralympic_Games,139,75.35826873779297,25
Considering_What_Paris_2024_Paralympic_Games,140,75.36741638183594,25
Considering_What_Paris_2024_Paralympic_Games,141,61.97016143798828,25
Considering_What_Paris_2024_Paralympic_Games,142,61.42033386230469,25
Considering_What_Paris_2024_Paralympic_Games,143,58.740657806396484,25
Considering_What_Paris_2024_Paralympic_Games,144,54.44267272949219,25
Considering_What_Paris_2024_Paralympic_Games,145,45.80379104614258,25
Considering_What_Paris_2024_Paralympic_Games,146,43.75602340698242,25
Considering_What_Paris_2024_Paralympic_Games,147,44.078697204589844,25
Considering_What_Paris_2024_Paralympic_Games,148,44.30086135864258,25
Considering_What_Paris_2024_Paralympic_Games,149,44.98445510864258,25
Considering_What_Paris_2024_Paralympic_Games,150,44.815093994140625,25
Considering_What_Paris_2024_Paralympic_Games,151,48.41448211669922,25
Considering_What_Paris_2024_Paralympic_Games,152,42.747589111328125,25
Considering_What_Paris_2024_Paralympic_Games,153,37.639461517333984,25
Considering_What_Paris_2024_Paralympic_Games,154,36.56997299194336,25
Considering_What_Paris_2024_Paralympic_Games,155,41.91264343261719,25
Considering_What_Paris_2024_Paralympic_Games,156,32.27037048339844,25
Considering_What_Paris_2024_Paralympic_Games,157,35.918460845947266,25
Considering_What_Paris_2024_Paralympic_Games,158,29.838809967041016,25
Considering_What_Paris_2024_Paralympic_Games,159,31.029998779296875,25
Considering_What_Paris_2024_Paralympic_Games,160,30.261484146118164,25
Considering_What_Paris_2024_Paralympic_Games,161,30.964698791503906,25
Considering_What_Paris_2024_Paralympic_Games,162,22.989715576171875,25
Considering_What_Paris_2024_Paralympic_Games,163,23.66758918762207,25
Considering_What_Paris_2024_Paralympic_Games,164,19.315895080566406,25
Considering_What_Paris_2024_Paralympic_Games,165,20.84293556213379,25
Considering_What_Paris_2024_Paralympic_Games,166,31.152572631835938,25
Considering_What_Paris_2024_Paralympic_Games,167,26.70755386352539,25
Considering_What_Paris_2024_Paralympic_Games,168,40.06615447998047,25
Considering_What_Paris_2024_Paralympic_Games,169,42.2706413269043,25
Considering_What_Paris_2024_Paralympic_Games,170,27.470651626586914,25
Considering_What_Paris_2024_Paralympic_Games,171,29.908180236816406,25
Considering_What_Paris_2024_Paralympic_Games,172,27.41902732849121,25
Considering_What_Paris_2024_Paralympic_Games,173,36.679649353027344,25
Considering_What_Paris_2024_Paralympic_Games,174,30.81007957458496,25
Considering_What_Paris_2024_Paralympic_Games,175,22.21681785583496,25
Considering_What_Paris_2024_Paralympic_Games,176,29.48370933532715,25
Considering_What_Paris_2024_Paralympic_Games,177,35.219642639160156,25
Considering_What_Paris_2024_Paralympic_Games,178,29.059282302856445,25
Considering_What_Paris_2024_Paralympic_Games,179,30.94106674194336,25
Considering_What_Paris_2024_Paralympic_Games,180,34.962013244628906,25
Considering_What_Paris_2024_Paralympic_Games,181,25.71255874633789,25
Considering_What_Paris_2024_Paralympic_Games,182,25.05323028564453,25
Considering_What_Paris_2024_Paralympic_Games,183,29.584667205810547,25
Considering_What_Paris_2024_Paralympic_Games,184,32.51146697998047,25
Considering_What_Paris_2024_Paralympic_Games,185,29.55674171447754,25
Considering_What_Paris_2024_Paralympic_Games,186,28.3566837310791,25
Considering_What_Paris_2024_Paralympic_Games,187,25.23953628540039,25
Considering_What_Paris_2024_Paralympic_Games,188,29.229488372802734,25
Considering_What_Paris_2024_Paralympic_Games,189,26.423784255981445,25
Considering_What_Paris_2024_Paralympic_Games,190,23.32930564880371,25
Considering_What_Paris_2024_Paralympic_Games,191,23.868309020996094,25
Considering_What_Paris_2024_Paralympic_Games,192,23.296960830688477,25
Considering_What_Paris_2024_Paralympic_Games,193,27.98263168334961,25
Considering_What_Paris_2024_Paralympic_Games,194,20.337244033813477,25
Considering_What_Paris_2024_Paralympic_Games,195,30.565637588500977,25
Considering_What_Paris_2024_Paralympic_Games,196,25.492441177368164,25
Considering_What_Paris_2024_Paralympic_Games,197,21.372411727905273,25
Considering_What_Paris_2024_Paralympic_Games,198,19.232742309570312,25
Considering_What_Paris_2024_Paralympic_Games,199,19.455656051635742,25
Considering_What_Paris_2024_Paralympic_Games,200,31.734508514404297,25
Considering_What_Paris_2024_Paralympic_Games,201,31.35523796081543,25
Considering_What_Paris_2024_Paralympic_Games,202,31.584909439086914,25
Considering_What_Paris_2024_Paralympic_Games,203,24.983640670776367,25
Considering_What_Paris_2024_Paralympic_Games,204,24.975637435913086,25
Considering_What_Paris_2024_Paralympic_Games,205,24.91805648803711,25
Considering_What_Paris_2024_Paralympic_Games,206,26.623197555541992,25
Considering_What_Paris_2024_Paralympic_Games,207,25.55687141418457,25
Considering_What_Paris_2024_Paralympic_Games,208,28.77099609375,25
Considering_What_Paris_2024_Paralympic_Games,209,29.93414306640625,25
Considering_What_Paris_2024_Paralympic_Games,210,28.7847900390625,25
Considering_What_Paris_2024_Paralympic_Games,211,29.48773193359375,25
Considering_What_Paris_2024_Paralympic_Games,212,33.401668548583984,25
Considering_What_Paris_2024_Paralympic_Games,213,37.18536376953125,25
Considering_What_Paris_2024_Paralympic_Games,214,32.15354537963867,25
Considering_What_Paris_2024_Paralympic_Games,215,34.02577590942383,25
Considering_What_Paris_2024_Paralympic_Games,216,40.314369201660156,25
Considering_What_Paris_2024_Paralympic_Games,217,35.640995025634766,25
Considering_What_Paris_2024_Paralympic_Games,218,42.382476806640625,25
Considering_What_Paris_2024_Paralympic_Games,219,41.40371322631836,25
Considering_What_Paris_2024_Paralympic_Games,220,42.817291259765625,25
Considering_What_Paris_2024_Paralympic_Games,221,41.033897399902344,25
Considering_What_Paris_2024_Paralympic_Games,222,40.25820541381836,25
Considering_What_Paris_2024_Paralympic_Games,223,42.57278060913086,25
Considering_What_Paris_2024_Paralympic_Games,224,44.25887680053711,25
Considering_What_Paris_2024_Paralympic_Games,225,44.18980407714844,25
Considering_What_Paris_2024_Paralympic_Games,226,44.179569244384766,25
Considering_What_Paris_2024_Paralympic_Games,227,48.19917678833008,25
DraftKings_live_superbowl_LX,1,73.53893280029297,15
DraftKings_live_superbowl_LX,2,71.78961181640625,15
DraftKings_live_superbowl_LX,3,71.14756774902344,15
DraftKings_live_superbowl_LX,4,56.855224609375,15
DraftKings_live_superbowl_LX,5,65.64422607421875,15
DraftKings_live_superbowl_LX,6,65.0447006225586,15
DraftKings_live_superbowl_LX,7,65.01716613769531,15
DraftKings_live_superbowl_LX,8,62.25655746459961,15
DraftKings_live_superbowl_LX,9,71.64491271972656,15
DraftKings_live_superbowl_LX,10,68.57523345947266,15
DraftKings_live_superbowl_LX,11,63.69581985473633,15
DraftKings_live_superbowl_LX,12,61.603397369384766,15
DraftKings_live_superbowl_LX,13,76.08289337158203,15
DraftKings_live_superbowl_LX,14,97.70741271972656,15
DraftKings_live_superbowl_LX,15,100.0,15
DraftKings_live_superbowl_LX,16,86.02119445800781,15
DraftKings_live_superbowl_LX,17,79.1500015258789,15
DraftKings_live_superbowl_LX,18,67.12763977050781,15
DraftKings_live_superbowl_LX,19,57.18598937988281,15
DraftKings_live_superbowl_LX,20,55.77021408081055,15
DraftKings_live_superbowl_LX,21,52.44249725341797,15
DraftKings_live_superbowl_LX,22,52.936702728271484,15
DraftKings_live_superbowl_LX,23,57.97311782836914,15
DraftKings_live_superbowl_LX,24,63.94624710083008,15
DraftKings_live_superbowl_LX,25,68.0536117553711,15
DraftKings_live_superbowl_LX,26,68.21304321289062,15
DraftKings_live_superbowl_LX,27,59.56312942504883,15
DraftKings_live_superbowl_LX,28,61.74881362915039,15
DraftKings_live_superbowl_LX,29,64.6423110961914,15
DraftKings_live_superbowl_LX,30,83.90122985839844,15
Everybody_Coinbase,1,33.4670295715332,61
Everybody_Coinbase,2,36.43550491333008,61
Everybody_Coinbase,3,36.202003479003906,61
Everybody_Coinbase,4,37.68406677246094,61
Everybody_Coinbase,5,38.05581283569336,61
Everybody_Coinbase,6,37.629188537597656,61
Everybody_Coinbase,7,39.7641716003418,61
Everybody_Coinbase,8,41.20485305786133,61
Everybody_Coinbase,9,44.765846252441406,61
Everybody_Coinbase,10,43.528263092041016,61
Everybody_Coinbase,11,42.04092788696289,61
Everybody_Coinbase,12,42.485172271728516,61
Everybody_Coinbase,13,39.465110778808594,61
Everybody_Coinbase,14,37.65440368652344,61
Everybody_Coinbase,15,33.49658966064453,61
Everybody_Coinbase,16,32.378517150878906,61
Everybody_Coinbase,17,33.37309265136719,61
Everybody_Coinbase,18,35.25445556640625,61
Everybody_Coinbase,19,34.372703552246094,61
Everybody_Coinbase,20,35.44527816772461,61
Everybody_Coinbase,21,38.66521453857422,61
Everybody_Coinbase,22,37.11140441894531,61
Everybody_Coinbase,23,39.917049407958984,61
Everybody_Coinbase,24,41.377140045166016,61
Everybody_Coinbase,25,42.28387451171875,61
Everybody_Coinbase,26,41.63999938964844,61
Everybody_Coinbase,27,40.859703063964844,61
Everybody_Coinbase,28,43.86009216308594,61
Everybody_Coinbase,29,45.75712203979492,61
Everybody_Coinbase,30,47.121978759765625,61
Everybody_Coinbase,31,48.35490417480469,61
Everybody_Coinbase,32,48.18854522705078,61
Everybody_Coinbase,33,50.0380859375,61
Everybody_Coinbase,34,52.536346435546875,61
Everybody_Coinbase,35,52.73402404785156,61
Everybody_Coinbase,36,52.714942932128906,61
Everybody_Coinbase,37,50.589786529541016,61
Everybody_Coinbase,38,46.54176712036133,61
Everybody_Coinbase,39,42.731842041015625,61
Everybody_Coinbase,40,40.442047119140625,61
Everybody_Coinbase,41,39.15361404418945,61
Everybody_Coinbase,42,40.367733001708984,61
Everybody_Coinbase,43,42.728538513183594,61
Everybody_Coinbase,44,41.71518325805664,61
Everybody_Coinbase,45,42.926170349121094,61
Everybody_Coinbase,46,41.236083984375,61
Everybody_Coinbase,47,41.99482345581055,61
Everybody_Coinbase,48,44.32200241088867,61
Everybody_Coinbase,49,41.241493225097656,61
Everybody_Coinbase,50,41.676143646240234,61
Everybody_Coinbase,51,40.513427734375,61
Everybody_Coinbase,52,46.64713668823242,61
Everybody_Coinbase,53,53.701927185058594,61
Everybody_Coinbase,54,58.658546447753906,61
Everybody_Coinbase,55,64.23040771484375,61
Everybody_Coinbase,56,67.12962341308594,61
Everybody_Coinbase,57,71.67875671386719,61
Everybody_Coinbase,58,73.52156829833984,61
Everybody_Coinbase,59,76.37670135498047,61
Everybody_Coinbase,60,78.41669464111328,61
Everybody_Coinbase,61,100.0,61
Good_Will_Dunkin,1,67.01737976074219,60
Good_Will_Dunkin,2,66.92066192626953,60
Good_Will_Dunkin,3,64.99498748779297,60
Good_Will_Dunkin,4,63.07919692993164,60
Good_Will_Dunkin,5,58.99347686767578,60
Good_Will_Dunkin,6,60.19381332397461,60
Good_Will_Dunkin,7,61.793296813964844,60
Good_Will_Dunkin,8,64.44711303710938,60
Good_Will_Dunkin,9,68.68611907958984,60
Good_Will_Dunkin,10,69.47245788574219,60
Good_Will_Dunkin,11,69.39547729492188,60
Good_Will_Dunkin,12,67.04144287109375,60
Good_Will_Dunkin,13,67.74442291259766,60
Good_Will_Dunkin,14,66.6871109008789,60
Good_Will_Dunkin,15,61.68906021118164,60
Good_Will_Dunkin,16,57.818233489990234,60
Good_Will_Dunkin,17,56.80390167236328,60
Good_Will_Dunkin,18,57.518638610839844,60
Good_Will_Dunkin,19,55.637657165527344,60
Good_Will_Dunkin,20,52.14580154418945,60
Good_Will_Dunkin,21,51.372093200683594,60
Good_Will_Dunkin,22,48.146385192871094,60
Good_Will_Dunkin,23,48.23345947265625,60
Good_Will_Dunkin,24,52.70447540283203,60
Good_Will_Dunkin,25,52.34190368652344,60
Good_Will_Dunkin,26,52.90919494628906,60
Good_Will_Dunkin,27,49.14406967163086,60
Good_Will_Dunkin,28,47.78382110595703,60
Good_Will_Dunkin,29,42.42530059814453,60
Good_Will_Dunkin,30,46.890499114990234,60
Good_Will_Dunkin,31,49.11453628540039,60
Good_Will_Dunkin,32,45.23418045043945,60
Good_Will_Dunkin,33,44.9409294128418,60
Good_Will_Dunkin,34,47.13893127441406,60
Good_Will_Dunkin,35,43.038841247558594,60
Good_Will_Dunkin,36,40.16375732421875,60
Good_Will_Dunkin,37,36.34238815307617,60
Good_Will_Dunkin,38,36.375282287597656,60
Good_Will_Dunkin,39,35.77700424194336,60
Good_Will_Dunkin,40,31.360214233398438,60
Good_Will_Dunkin,41,28.438928604125977,60
Good_Will_Dunkin,42,28.897809982299805,60
Good_Will_Dunkin,43,30.792245864868164,60
Good_Will_Dunkin,44,31.461862564086914,60
Good_Will_Dunkin,45,34.08090591430664,60
Good_Will_Dunkin,46,34.583984375,60
Good_Will_Dunkin,47,32.668235778808594,60
Good_Will_Dunkin,48,30.609256744384766,60
Good_Will_Dunkin,49,27.925310134887695,60
Good_Will_Dunkin,50,27.536657333374023,60
Good_Will_Dunkin,51,30.36730194091797,60
Good_Will_Dunkin,52,31.09137725830078,60
Good_Will_Dunkin,53,32.6732177734375,60
Good_Will_Dunkin,54,31.064361572265625,60
Good_Will_Dunkin,55,32.854705810546875,60
Good_Will_Dunkin,56,35.15658187866211,60
Good_Will_Dunkin,57,52.21663284301758,60
Good_Will_Dunkin,58,62.5526008605957,60
Good_Will_Dunkin,59,76.83079528808594,60
Good_Will_Dunkin,60,100.0,60
Grubhub_Big_Game_2026_The_Feest,1,47.4417724609375,30
Grubhub_Big_Game_2026_The_Feest,2,50.37861633300781,30
Grubhub_Big_Game_2026_The_Feest,3,40.964908599853516,30
Grubhub_Big_Game_2026_The_Feest,4,41.6838264465332,30
Grubhub_Big_Game_2026_The_Feest,5,40.90800094604492,30
Grubhub_Big_Game_2026_The_Feest,6,49.61931610107422,30
Grubhub_Big_Game_2026_The_Feest,7,55.56142807006836,30
Grubhub_Big_Game_2026_The_Feest,8,59.00653076171875,30
Grubhub_Big_Game_2026_The_Feest,9,59.09152603149414,30
Grubhub_Big_Game_2026_The_Feest,10,61.67667007446289,30
Grubhub_Big_Game_2026_The_Feest,11,56.368343353271484,30
Grubhub_Big_Game_2026_The_Feest,12,54.638999938964844,30
Grubhub_Big_Game_2026_The_Feest,13,51.64067840576172,30
Grubhub_Big_Game_2026_The_Feest,14,46.7674674987793,30
Grubhub_Big_Game_2026_The_Feest,15,52.102970123291016,30
Grubhub_Big_Game_2026_The_Feest,16,54.96564483642578,30
Grubhub_Big_Game_2026_The_Feest,17,61.450992584228516,30
Grubhub_Big_Game_2026_The_Feest,18,64.5634994506836,30
Grubhub_Big_Game_2026_The_Feest,19,62.02961730957031,30
Grubhub_Big_Game_2026_The_Feest,20,56.23516845703125,30
Grubhub_Big_Game_2026_The_Feest,21,51.28382873535156,30
Grubhub_Big_Game_2026_The_Feest,22,48.10123062133789,30
Grubhub_Big_Game_2026_The_Feest,23,56.551361083984375,30
Grubhub_Big_Game_2026_The_Feest,24,58.42505645751953,30
Grubhub_Big_Game_2026_The_Feest,25,61.38835144042969,30
Grubhub_Big_Game_2026_The_Feest,26,69.04229736328125,30
Grubhub_Big_Game_2026_The_Feest,27,66.64353942871094,30
Grubhub_Big_Game_2026_The_Feest,28,70.10260009765625,30
Grubhub_Big_Game_2026_The_Feest,29,74.24710845947266,30
Grubhub_Big_Game_2026_The_Feest,30,100.0,30
HUNGRY_FOR_THE_TRUTH_Uber_Eats,1,59.4818115234375,19
HUNGRY_FOR_THE_TRUTH_Uber_Eats,2,66.01961517333984,19
HUNGRY_FOR_THE_TRUTH_Uber_Eats,3,63.836181640625,19
HUNGRY_FOR_THE_TRUTH_Uber_Eats,4,65.22947692871094,19
HUNGRY_FOR_THE_TRUTH_Uber_Eats,5,68.83513641357422,19
HUNGRY_FOR_THE_TRUTH_Uber_Eats,6,77.63632202148438,19
HUNGRY_FOR_THE_TRUTH_Uber_Eats,7,83.83229064941406,19
HUNGRY_FOR_THE_TRUTH_Uber_Eats,8,82.7264175415039,19
HUNGRY_FOR_THE_TRUTH_Uber_Eats,9,88.78605651855469,19
HUNGRY_FOR_THE_TRUTH_Uber_Eats,10,86.55783081054688,19
HUNGRY_FOR_THE_TRUTH_Uber_Eats,11,88.22361755371094,19
HUNGRY_FOR_THE_TRUTH_Uber_Eats,12,87.33932495117188,19
HUNGRY_FOR_THE_TRUTH_Uber_Eats,13,89.72747802734375,19
HUNGRY_FOR_THE_TRUTH_Uber_Eats,14,92.72911834716797,19
HUNGRY_FOR_THE_TRUTH_Uber_Eats,15,92.31838989257812,19
HUNGRY_FOR_THE_TRUTH_Uber_Eats,16,91.89276885986328,19
HUNGRY_FOR_THE_TRUTH_Uber_Eats,17,92.49150085449219,19
HUNGRY_FOR_THE_TRUTH_Uber_Eats,18,93.10652923583984,19
HUNGRY_FOR_THE_TRUTH_Uber_Eats,19,100.0,19
HUNGRY_FOR_THE_TRUTH_Uber_Eats,20,95.55488586425781,19
HUNGRY_FOR_THE_TRUTH_Uber_Eats,21,96.70381164550781,19
HUNGRY_FOR_THE_TRUTH_Uber_Eats,22,88.23331451416016,19
HUNGRY_FOR_THE_TRUTH_Uber_Eats,23,79.38680267333984,19
HUNGRY_FOR_THE_TRUTH_Uber_Eats,24,72.42103576660156,19
HUNGRY_FOR_THE_TRUTH_Uber_Eats,25,69.92987823486328,19
HUNGRY_FOR_THE_TRUTH_Uber_Eats,26,65.4930648803711,19
HUNGRY_FOR_THE_TRUTH_Uber_Eats,27,60.65876388549805,19
HUNGRY_FOR_THE_TRUTH_Uber_Eats,28,63.81929397583008,19
HUNGRY_FOR_THE_TRUTH_Uber_Eats,29,56.336021423339844,19
HUNGRY_FOR_THE_TRUTH_Uber_Eats,30,52.64481735229492,19
HUNGRY_FOR_THE_TRUTH_Uber_Eats,31,51.365543365478516,19
HUNGRY_FOR_THE_TRUTH_Uber_Eats,32,57.509605407714844,19
HUNGRY_FOR_THE_TRUTH_Uber_Eats,33,67.12987518310547,19
HUNGRY_FOR_THE_TRUTH_Uber_Eats,34,74.78888702392578,19
HUNGRY_FOR_THE_TRUTH_Uber_Eats,35,85.02286529541016,19
HUNGRY_FOR_THE_TRUTH_Uber_Eats,36,88.97148895263672,19
HUNGRY_FOR_THE_TRUTH_Uber_Eats,37,89.79166412353516,19
HUNGRY_FOR_THE_TRUTH_Uber_Eats,38,85.63536071777344,19
HUNGRY_FOR_THE_TRUTH_Uber_Eats,39,79.9990005493164,19
HUNGRY_FOR_THE_TRUTH_Uber_Eats,40,79.39749145507812,19
HUNGRY_FOR_THE_TRUTH_Uber_Eats,41,83.37908172607422,19
HUNGRY_FOR_THE_TRUTH_Uber_Eats,42,68.65696716308594,19
HUNGRY_FOR_THE_TRUTH_Uber_Eats,43,39.62670135498047,19
HUNGRY_FOR_THE_TRUTH_Uber_Eats,44,38.83034133911133,19
HUNGRY_FOR_THE_TRUTH_Uber_Eats,45,53.63026428222656,19
HUNGRY_FOR_THE_TRUTH_Uber_Eats,46,62.28920364379883,19
HUNGRY_FOR_THE_TRUTH_Uber_Eats,47,71.93401336669922,19
HUNGRY_FOR_THE_TRUTH_Uber_Eats,48,74.43252563476562,19
HUNGRY_FOR_THE_TRUTH_Uber_Eats,49,77.41035461425781,19
HUNGRY_FOR_THE_TRUTH_Uber_Eats,50,75.82220458984375,19
HUNGRY_FOR_THE_TRUTH_Uber_Eats,51,75.23699188232422,19
HUNGRY_FOR_THE_TRUTH_Uber_Eats,52,63.28241729736328,19
HUNGRY_FOR_THE_TRUTH_Uber_Eats,53,49.20985794067383,19
HUNGRY_FOR_THE_TRUTH_Uber_Eats,54,31.046062469482422,19
HUNGRY_FOR_THE_TRUTH_Uber_Eats,55,26.923381805419922,19
HUNGRY_FOR_THE_TRUTH_Uber_Eats,56,24.842836380004883,19
HUNGRY_FOR_THE_TRUTH_Uber_Eats,57,33.24819564819336,19
HUNGRY_FOR_THE_TRUTH_Uber_Eats,58,38.76942825317383,19
HUNGRY_FOR_THE_TRUTH_Uber_Eats,59,57.13479995727539,19
HUNGRY_FOR_THE_TRUTH_Uber_Eats,60,89.78556060791016,19
Hims_Big_Game_Ad_The_Rich_Live_Longer,1,40.4704475402832,60
Hims_Big_Game_Ad_The_Rich_Live_Longer,2,50.279090881347656,60
Hims_Big_Game_Ad_The_Rich_Live_Longer,3,51.60896682739258,60
Hims_Big_Game_Ad_The_Rich_Live_Longer,4,59.27410888671875,60
Hims_Big_Game_Ad_The_Rich_Live_Longer,5,65.58836364746094,60
Hims_Big_Game_Ad_The_Rich_Live_Longer,6,59.48868942260742,60
Hims_Big_Game_Ad_The_Rich_Live_Longer,7,61.89997863769531,60
Hims_Big_Game_Ad_The_Rich_Live_Longer,8,65.88313293457031,60
Hims_Big_Game_Ad_The_Rich_Live_Longer,9,64.57389831542969,60
Hims_Big_Game_Ad_The_Rich_Live_Longer,10,69.85668182373047,60
Hims_Big_Game_Ad_The_Rich_Live_Longer,11,66.14469909667969,60
Hims_Big_Game_Ad_The_Rich_Live_Longer,12,64.48902893066406,60
Hims_Big_Game_Ad_The_Rich_Live_Longer,13,60.751747131347656,60
Hims_Big_Game_Ad_The_Rich_Live_Longer,14,58.370338439941406,60
Hims_Big_Game_Ad_The_Rich_Live_Longer,15,49.38569641113281,60
Hims_Big_Game_Ad_The_Rich_Live_Longer,16,44.310951232910156,60
Hims_Big_Game_Ad_The_Rich_Live_Longer,17,40.548091888427734,60
Hims_Big_Game_Ad_The_Rich_Live_Longer,18,42.90180587768555,60
Hims_Big_Game_Ad_The_Rich_Live_Longer,19,40.902103424072266,60
Hims_Big_Game_Ad_The_Rich_Live_Longer,20,43.52659606933594,60
Hims_Big_Game_Ad_The_Rich_Live_Longer,21,46.56389236450195,60
Hims_Big_Game_Ad_The_Rich_Live_Longer,22,41.81790542602539,60
Hims_Big_Game_Ad_The_Rich_Live_Longer,23,43.03055191040039,60
Hims_Big_Game_Ad_The_Rich_Live_Longer,24,43.286808013916016,60
Hims_Big_Game_Ad_The_Rich_Live_Longer,25,46.13594055175781,60
Hims_Big_Game_Ad_The_Rich_Live_Longer,26,43.81503677368164,60
Hims_Big_Game_Ad_The_Rich_Live_Longer,27,43.87657165527344,60
Hims_Big_Game_Ad_The_Rich_Live_Longer,28,44.57335662841797,60
Hims_Big_Game_Ad_The_Rich_Live_Longer,29,36.03987503051758,60
Hims_Big_Game_Ad_The_Rich_Live_Longer,30,38.43580627441406,60
Hims_Big_Game_Ad_The_Rich_Live_Longer,31,38.33348846435547,60
Hims_Big_Game_Ad_The_Rich_Live_Longer,32,40.85507583618164,60
Hims_Big_Game_Ad_The_Rich_Live_Longer,33,40.39147186279297,60
Hims_Big_Game_Ad_The_Rich_Live_Longer,34,39.45895767211914,60
Hims_Big_Game_Ad_The_Rich_Live_Longer,35,36.89585876464844,60
Hims_Big_Game_Ad_The_Rich_Live_Longer,36,34.58233642578125,60
Hims_Big_Game_Ad_The_Rich_Live_Longer,37,34.538272857666016,60
Hims_Big_Game_Ad_The_Rich_Live_Longer,38,35.8148307800293,60
Hims_Big_Game_Ad_The_Rich_Live_Longer,39,35.78779983520508,60
Hims_Big_Game_Ad_The_Rich_Live_Longer,40,39.721885681152344,60
Hims_Big_Game_Ad_The_Rich_Live_Longer,41,34.15144348144531,60
Hims_Big_Game_Ad_The_Rich_Live_Longer,42,32.90134048461914,60
Hims_Big_Game_Ad_The_Rich_Live_Longer,43,26.39087677001953,60
Hims_Big_Game_Ad_The_Rich_Live_Longer,44,27.100900650024414,60
Hims_Big_Game_Ad_The_Rich_Live_Longer,45,24.3858642578125,60
Hims_Big_Game_Ad_The_Rich_Live_Longer,46,25.326644897460938,60
Hims_Big_Game_Ad_The_Rich_Live_Longer,47,24.203506469726562,60
Hims_Big_Game_Ad_The_Rich_Live_Longer,48,24.241382598876953,60
Hims_Big_Game_Ad_The_Rich_Live_Longer,49,22.120899200439453,60
Hims_Big_Game_Ad_The_Rich_Live_Longer,50,24.036596298217773,60
Hims_Big_Game_Ad_The_Rich_Live_Longer,51,22.716716766357422,60
Hims_Big_Game_Ad_The_Rich_Live_Longer,52,23.39699363708496,60
Hims_Big_Game_Ad_The_Rich_Live_Longer,53,26.55136489868164,60
Hims_Big_Game_Ad_The_Rich_Live_Longer,54,28.407176971435547,60
Hims_Big_Game_Ad_The_Rich_Live_Longer,55,32.662818908691406,60
Hims_Big_Game_Ad_The_Rich_Live_Longer,56,35.48786163330078,60
Hims_Big_Game_Ad_The_Rich_Live_Longer,57,44.61267852783203,60
Hims_Big_Game_Ad_The_Rich_Live_Longer,58,75.8567123413086,60
Hims_Big_Game_Ad_The_Rich_Live_Longer,59,84.65516662597656,60
Hims_Big_Game_Ad_The_Rich_Live_Longer,60,100.0,60
Is_there_more_to_life_than_more,1,34.04713439941406,60
Is_there_more_to_life_than_more,2,38.49062728881836,60
Is_there_more_to_life_than_more,3,44.25420379638672,60
Is_there_more_to_life_than_more,4,53.33414077758789,60
Is_there_more_to_life_than_more,5,57.91547775268555,60
Is_there_more_to_life_than_more,6,63.2021369934082,60
Is_there_more_to_life_than_more,7,65.36595916748047,60
Is_there_more_to_life_than_more,8,69.25785827636719,60
Is_there_more_to_life_than_more,9,72.97438049316406,60
Is_there_more_to_life_than_more,10,69.54749298095703,60
Is_there_more_to_life_than_more,11,72.60790252685547,60
Is_there_more_to_life_than_more,12,76.80403900146484,60
Is_there_more_to_life_than_more,13,75.90653991699219,60
Is_there_more_to_life_than_more,14,75.84176635742188,60
Is_there_more_to_life_than_more,15,73.12676239013672,60
Is_there_more_to_life_than_more,16,73.16785430908203,60
Is_there_more_to_life_than_more,17,63.93307876586914,60
Is_there_more_to_life_than_more,18,61.03202819824219,60
Is_there_more_to_life_than_more,19,63.28843688964844,60
Is_there_more_to_life_than_more,20,68.34384155273438,60
Is_there_more_to_life_than_more,21,65.4360580444336,60
Is_there_more_to_life_than_more,22,64.31926727294922,60
Is_there_more_to_life_than_more,23,59.417640686035156,60
Is_there_more_to_life_than_more,24,58.0859375,60
Is_there_more_to_life_than_more,25,55.66332244873047,60
Is_there_more_to_life_than_more,26,60.09225845336914,60
Is_there_more_to_life_than_more,27,62.84134292602539,60
Is_there_more_to_life_than_more,28,62.413360595703125,60
Is_there_more_to_life_than_more,29,68.08008575439453,60
Is_there_more_to_life_than_more,30,65.4313735961914,60
Is_there_more_to_life_than_more,31,65.84912109375,60
Is_there_more_to_life_than_more,32,63.315128326416016,60
Is_there_more_to_life_than_more,33,64.24052429199219,60
Is_there_more_to_life_than_more,34,58.78485870361328,60
Is_there_more_to_life_than_more,35,55.548702239990234,60
Is_there_more_to_life_than_more,36,48.07514953613281,60
Is_there_more_to_life_than_more,37,46.13787078857422,60
Is_there_more_to_life_than_more,38,42.12355422973633,60
Is_there_more_to_life_than_more,39,39.11089324951172,60
Is_there_more_to_life_than_more,40,32.41355895996094,60
Is_there_more_to_life_than_more,41,30.713647842407227,60
Is_there_more_to_life_than_more,42,30.278316497802734,60
Is_there_more_to_life_than_more,43,30.240028381347656,60
Is_there_more_to_life_than_more,44,28.055461883544922,60
Is_there_more_to_life_than_more,45,30.283292770385742,60
Is_there_more_to_life_than_more,46,32.24497604370117,60
Is_there_more_to_life_than_more,47,39.19247817993164,60
Is_there_more_to_life_than_more,48,44.39247131347656,60
Is_there_more_to_life_than_more,49,48.801265716552734,60
Is_there_more_to_life_than_more,50,50.312477111816406,60
Is_there_more_to_life_than_more,51,51.635406494140625,60
Is_there_more_to_life_than_more,52,54.09871292114258,60
Is_there_more_to_life_than_more,53,59.58016586303711,60
Is_there_more_to_life_than_more,54,63.1828498840332,60
Is_there_more_to_life_than_more,55,66.8160400390625,60
Is_there_more_to_life_than_more,56,71.32660675048828,60
Is_there_more_to_life_than_more,57,83.8215560913086,60
Is_there_more_to_life_than_more,58,97.70015716552734,60
Is_there_more_to_life_than_more,59,93.39913940429688,60
Is_there_more_to_life_than_more,60,100.0,60
Jurassic_Park..._Works_Big_Game_Commercial_2026_Xfinity,1,40.355525970458984,60
Jurassic_Park..._Works_Big_Game_Commercial_2026_Xfinity,2,33.03670120239258,60
Jurassic_Park..._Works_Big_Game_Commercial_2026_Xfinity,3,23.733497619628906,60
Jurassic_Park..._Works_Big_Game_Commercial_2026_Xfinity,4,25.67650032043457,60
Jurassic_Park..._Works_Big_Game_Commercial_2026_Xfinity,5,25.85235595703125,60
Jurassic_Park..._Works_Big_Game_Commercial_2026_Xfinity,6,26.398372650146484,60
Jurassic_Park..._Works_Big_Game_Commercial_2026_Xfinity,7,30.35680389404297,60
Jurassic_Park..._Works_Big_Game_Commercial_2026_Xfinity,8,31.933963775634766,60
Jurassic_Park..._Works_Big_Game_Commercial_2026_Xfinity,9,32.32633972167969,60
Jurassic_Park..._Works_Big_Game_Commercial_2026_Xfinity,10,33.091552734375,60
Jurassic_Park..._Works_Big_Game_Commercial_2026_Xfinity,11,38.08039093017578,60
Jurassic_Park..._Works_Big_Game_Commercial_2026_Xfinity,12,41.00608444213867,60
Jurassic_Park..._Works_Big_Game_Commercial_2026_Xfinity,13,41.40656280517578,60
Jurassic_Park..._Works_Big_Game_Commercial_2026_Xfinity,14,43.80715560913086,60
Jurassic_Park..._Works_Big_Game_Commercial_2026_Xfinity,15,49.734432220458984,60
Jurassic_Park..._Works_Big_Game_Commercial_2026_Xfinity,16,52.80588912963867,60
Jurassic_Park..._Works_Big_Game_Commercial_2026_Xfinity,17,55.572120666503906,60
Jurassic_Park..._Works_Big_Game_Commercial_2026_Xfinity,18,61.893611907958984,60
Jurassic_Park..._Works_Big_Game_Commercial_2026_Xfinity,19,66.51215362548828,60
Jurassic_Park..._Works_Big_Game_Commercial_2026_Xfinity,20,68.39066314697266,60
Jurassic_Park..._Works_Big_Game_Commercial_2026_Xfinity,21,66.71466064453125,60
Jurassic_Park..._Works_Big_Game_Commercial_2026_Xfinity,22,61.882869720458984,60
Jurassic_Park..._Works_Big_Game_Commercial_2026_Xfinity,23,50.1915397644043,60
Jurassic_Park..._Works_Big_Game_Commercial_2026_Xfinity,24,38.5650520324707,60
Jurassic_Park..._Works_Big_Game_Commercial_2026_Xfinity,25,32.4772834777832,60
Jurassic_Park..._Works_Big_Game_Commercial_2026_Xfinity,26,30.758922576904297,60
Jurassic_Park..._Works_Big_Game_Commercial_2026_Xfinity,27,26.986848831176758,60
Jurassic_Park..._Works_Big_Game_Commercial_2026_Xfinity,28,27.598873138427734,60
Jurassic_Park..._Works_Big_Game_Commercial_2026_Xfinity,29,27.004770278930664,60
Jurassic_Park..._Works_Big_Game_Commercial_2026_Xfinity,30,24.905582427978516,60
Jurassic_Park..._Works_Big_Game_Commercial_2026_Xfinity,31,22.904401779174805,60
Jurassic_Park..._Works_Big_Game_Commercial_2026_Xfinity,32,24.98259735107422,60
Jurassic_Park..._Works_Big_Game_Commercial_2026_Xfinity,33,35.74436950683594,60
Jurassic_Park..._Works_Big_Game_Commercial_2026_Xfinity,34,41.10372543334961,60
Jurassic_Park..._Works_Big_Game_Commercial_2026_Xfinity,35,46.86379623413086,60
Jurassic_Park..._Works_Big_Game_Commercial_2026_Xfinity,36,49.26736068725586,60
Jurassic_Park..._Works_Big_Game_Commercial_2026_Xfinity,37,48.21091842651367,60
Jurassic_Park..._Works_Big_Game_Commercial_2026_Xfinity,38,49.500038146972656,60
Jurassic_Park..._Works_Big_Game_Commercial_2026_Xfinity,39,50.863826751708984,60
Jurassic_Park..._Works_Big_Game_Commercial_2026_Xfinity,40,52.69729995727539,60
Jurassic_Park..._Works_Big_Game_Commercial_2026_Xfinity,41,51.255165100097656,60
Jurassic_Park..._Works_Big_Game_Commercial_2026_Xfinity,42,52.6934700012207,60
Jurassic_Park..._Works_Big_Game_Commercial_2026_Xfinity,43,50.860076904296875,60
Jurassic_Park..._Works_Big_Game_Commercial_2026_Xfinity,44,46.0832405090332,60
Jurassic_Park..._Works_Big_Game_Commercial_2026_Xfinity,45,46.088253021240234,60
Jurassic_Park..._Works_Big_Game_Commercial_2026_Xfinity,46,44.00319290161133,60
Jurassic_Park..._Works_Big_Game_Commercial_2026_Xfinity,47,41.699520111083984,60
Jurassic_Park..._Works_Big_Game_Commercial_2026_Xfinity,48,46.00322723388672,60
Jurassic_Park..._Works_Big_Game_Commercial_2026_Xfinity,49,41.475425720214844,60
Jurassic_Park..._Works_Big_Game_Commercial_2026_Xfinity,50,41.23971939086914,60
Jurassic_Park..._Works_Big_Game_Commercial_2026_Xfinity,51,37.197479248046875,60
Jurassic_Park..._Works_Big_Game_Commercial_2026_Xfinity,52,35.090065002441406,60
Jurassic_Park..._Works_Big_Game_Commercial_2026_Xfinity,53,36.2963981628418,60
Jurassic_Park..._Works_Big_Game_Commercial_2026_Xfinity,54,36.316986083984375,60
Jurassic_Park..._Works_Big_Game_Commercial_2026_Xfinity,55,42.81550216674805,60
Jurassic_Park..._Works_Big_Game_Commercial_2026_Xfinity,56,47.8043327331543,60
Jurassic_Park..._Works_Big_Game_Commercial_2026_Xfinity,57,57.35149383544922,60
Jurassic_Park..._Works_Big_Game_Commercial_2026_Xfinity,58,78.64747619628906,60
Jurassic_Park..._Works_Big_Game_Commercial_2026_Xfinity,59,76.394775390625,60
Jurassic_Park..._Works_Big_Game_Commercial_2026_Xfinity,60,100.0,60
LAY_S_Last_Harvest_Super_Bowl_LX_Commercial,1,43.111061096191406,19
LAY_S_Last_Harvest_Super_Bowl_LX_Commercial,2,40.4533805847168,19
LAY_S_Last_Harvest_Super_Bowl_LX_Commercial,3,42.3238639831543,19
LAY_S_Last_Harvest_Super_Bowl_LX_Commercial,4,39.72050476074219,19
LAY_S_Last_Harvest_Super_Bowl_LX_Commercial,5,42.122901916503906,19
LAY_S_Last_Harvest_Super_Bowl_LX_Commercial,6,44.47197723388672,19
LAY_S_Last_Harvest_Super_Bowl_LX_Commercial,7,51.077247619628906,19
LAY_S_Last_Harvest_Super_Bowl_LX_Commercial,8,56.105201721191406,19
LAY_S_Last_Harvest_Super_Bowl_LX_Commercial,9,55.297245025634766,19
LAY_S_Last_Harvest_Super_Bowl_LX_Commercial,10,57.47907257080078,19
LAY_S_Last_Harvest_Super_Bowl_LX_Commercial,11,58.100502014160156,19
LAY_S_Last_Harvest_Super_Bowl_LX_Commercial,12,55.84318542480469,19
LAY_S_Last_Harvest_Super_Bowl_LX_Commercial,13,57.397056579589844,19
LAY_S_Last_Harvest_Super_Bowl_LX_Commercial,14,61.66645431518555,19
LAY_S_Last_Harvest_Super_Bowl_LX_Commercial,15,66.36229705810547,19
LAY_S_Last_Harvest_Super_Bowl_LX_Commercial,16,75.05270385742188,19
LAY_S_Last_Harvest_Super_Bowl_LX_Commercial,17,82.10537719726562,19
LAY_S_Last_Harvest_Super_Bowl_LX_Commercial,18,90.2304916381836,19
LAY_S_Last_Harvest_Super_Bowl_LX_Commercial,19,100.0,19
LAY_S_Last_Harvest_Super_Bowl_LX_Commercial,20,95.24607849121094,19
LAY_S_Last_Harvest_Super_Bowl_LX_Commercial,21,96.11669158935547,19
LAY_S_Last_Harvest_Super_Bowl_LX_Commercial,22,92.6212387084961,19
LAY_S_Last_Harvest_Super_Bowl_LX_Commercial,23,87.42794799804688,19
LAY_S_Last_Harvest_Super_Bowl_LX_Commercial,24,85.60267639160156,19
LAY_S_Last_Harvest_Super_Bowl_LX_Commercial,25,83.72074890136719,19
LAY_S_Last_Harvest_Super_Bowl_LX_Commercial,26,80.42179870605469,19
LAY_S_Last_Harvest_Super_Bowl_LX_Commercial,27,78.1313705444336,19
LAY_S_Last_Harvest_Super_Bowl_LX_Commercial,28,76.54190063476562,19
LAY_S_Last_Harvest_Super_Bowl_LX_Commercial,29,73.9513931274414,19
LAY_S_Last_Harvest_Super_Bowl_LX_Commercial,30,69.23084259033203,19
LAY_S_Last_Harvest_Super_Bowl_LX_Commercial,31,61.951744079589844,19
LAY_S_Last_Harvest_Super_Bowl_LX_Commercial,32,60.876590728759766,19
LAY_S_Last_Harvest_Super_Bowl_LX_Commercial,33,58.30108642578125,19
LAY_S_Last_Harvest_Super_Bowl_LX_Commercial,34,54.25407409667969,19
LAY_S_Last_Harvest_Super_Bowl_LX_Commercial,35,54.4137077331543,19
LAY_S_Last_Harvest_Super_Bowl_LX_Commercial,36,51.22478103637695,19
LAY_S_Last_Harvest_Super_Bowl_LX_Commercial,37,44.95404052734375,19
LAY_S_Last_Harvest_Super_Bowl_LX_Commercial,38,42.330352783203125,19
LAY_S_Last_Harvest_Super_Bowl_LX_Commercial,39,40.194725036621094,19
LAY_S_Last_Harvest_Super_Bowl_LX_Commercial,40,41.5792236328125,19
LAY_S_Last_Harvest_Super_Bowl_LX_Commercial,41,37.28777313232422,19
LAY_S_Last_Harvest_Super_Bowl_LX_Commercial,42,33.28596878051758,19
LAY_S_Last_Harvest_Super_Bowl_LX_Commercial,43,29.850847244262695,19
LAY_S_Last_Harvest_Super_Bowl_LX_Commercial,44,31.208202362060547,19
LAY_S_Last_Harvest_Super_Bowl_LX_Commercial,45,35.19186019897461,19
LAY_S_Last_Harvest_Super_Bowl_LX_Commercial,46,36.70438766479492,19
LAY_S_Last_Harvest_Super_Bowl_LX_Commercial,47,32.86665725708008,19
LAY_S_Last_Harvest_Super_Bowl_LX_Commercial,48,34.265419006347656,19
LAY_S_Last_Harvest_Super_Bowl_LX_Commercial,49,30.635149002075195,19
LAY_S_Last_Harvest_Super_Bowl_LX_Commercial,50,27.824138641357422,19
LAY_S_Last_Harvest_Super_Bowl_LX_Commercial,51,25.312658309936523,19
LAY_S_Last_Harvest_Super_Bowl_LX_Commercial,52,24.766368865966797,19
LAY_S_Last_Harvest_Super_Bowl_LX_Commercial,53,25.496936798095703,19
LAY_S_Last_Harvest_Super_Bowl_LX_Commercial,54,23.287708282470703,19
LAY_S_Last_Harvest_Super_Bowl_LX_Commercial,55,26.037607192993164,19
LAY_S_Last_Harvest_Super_Bowl_LX_Commercial,56,34.036415100097656,19
LAY_S_Last_Harvest_Super_Bowl_LX_Commercial,57,56.905086517333984,19
LAY_S_Last_Harvest_Super_Bowl_LX_Commercial,58,77.15894317626953,19
LAY_S_Last_Harvest_Super_Bowl_LX_Commercial,59,80.80333709716797,19
LAY_S_Last_Harvest_Super_Bowl_LX_Commercial,60,99.56192016601562,19
Mike_Tyson_Takes_on_the_Fight_of_His_Life_in_Super_Bowl,1,34.90388870239258,30
Mike_Tyson_Takes_on_the_Fight_of_His_Life_in_Super_Bowl,2,32.70661544799805,30
Mike_Tyson_Takes_on_the_Fight_of_His_Life_in_Super_Bowl,3,32.2259635925293,30
Mike_Tyson_Takes_on_the_Fight_of_His_Life_in_Super_Bowl,4,31.306350708007812,30
Mike_Tyson_Takes_on_the_Fight_of_His_Life_in_Super_Bowl,5,31.955862045288086,30
Mike_Tyson_Takes_on_the_Fight_of_His_Life_in_Super_Bowl,6,33.71544647216797,30
Mike_Tyson_Takes_on_the_Fight_of_His_Life_in_Super_Bowl,7,36.64024353027344,30
Mike_Tyson_Takes_on_the_Fight_of_His_Life_in_Super_Bowl,8,37.24049758911133,30
Mike_Tyson_Takes_on_the_Fight_of_His_Life_in_Super_Bowl,9,38.5048713684082,30
Mike_Tyson_Takes_on_the_Fight_of_His_Life_in_Super_Bowl,10,40.153099060058594,30
Mike_Tyson_Takes_on_the_Fight_of_His_Life_in_Super_Bowl,11,40.182228088378906,30
Mike_Tyson_Takes_on_the_Fight_of_His_Life_in_Super_Bowl,12,45.42884063720703,30
Mike_Tyson_Takes_on_the_Fight_of_His_Life_in_Super_Bowl,13,42.00328063964844,30
Mike_Tyson_Takes_on_the_Fight_of_His_Life_in_Super_Bowl,14,41.82019805908203,30
Mike_Tyson_Takes_on_the_Fight_of_His_Life_in_Super_Bowl,15,35.292808532714844,30
Mike_Tyson_Takes_on_the_Fight_of_His_Life_in_Super_Bowl,16,38.0109977722168,30
Mike_Tyson_Takes_on_the_Fight_of_His_Life_in_Super_Bowl,17,36.32765579223633,30
Mike_Tyson_Takes_on_the_Fight_of_His_Life_in_Super_Bowl,18,38.3541145324707,30
Mike_Tyson_Takes_on_the_Fight_of_His_Life_in_Super_Bowl,19,40.08405685424805,30
Mike_Tyson_Takes_on_the_Fight_of_His_Life_in_Super_Bowl,20,39.343441009521484,30
Mike_Tyson_Takes_on_the_Fight_of_His_Life_in_Super_Bowl,21,36.049068450927734,30
Mike_Tyson_Takes_on_the_Fight_of_His_Life_in_Super_Bowl,22,33.41553497314453,30
Mike_Tyson_Takes_on_the_Fight_of_His_Life_in_Super_Bowl,23,32.01416015625,30
Mike_Tyson_Takes_on_the_Fight_of_His_Life_in_Super_Bowl,24,31.751432418823242,30
Mike_Tyson_Takes_on_the_Fight_of_His_Life_in_Super_Bowl,25,33.47269821166992,30
Mike_Tyson_Takes_on_the_Fight_of_His_Life_in_Super_Bowl,26,41.73649978637695,30
Mike_Tyson_Takes_on_the_Fight_of_His_Life_in_Super_Bowl,27,55.20831298828125,30
Mike_Tyson_Takes_on_the_Fight_of_His_Life_in_Super_Bowl,28,70.26104736328125,30
Mike_Tyson_Takes_on_the_Fight_of_His_Life_in_Super_Bowl,29,77.84992218017578,30
Mike_Tyson_Takes_on_the_Fight_of_His_Life_in_Super_Bowl,30,100.0,30
NERDS_Juicy_Gummy_Clusters_Big_Game_Commercial_ft._Andy_Cohen_Official_30_2026,1,43.383399963378906,15
NERDS_Juicy_Gummy_Clusters_Big_Game_Commercial_ft._Andy_Cohen_Official_30_2026,2,43.73429870605469,15
NERDS_Juicy_Gummy_Clusters_Big_Game_Commercial_ft._Andy_Cohen_Official_30_2026,3,55.890159606933594,15
NERDS_Juicy_Gummy_Clusters_Big_Game_Commercial_ft._Andy_Cohen_Official_30_2026,4,64.03022003173828,15
NERDS_Juicy_Gummy_Clusters_Big_Game_Commercial_ft._Andy_Cohen_Official_30_2026,5,69.16793823242188,15
NERDS_Juicy_Gummy_Clusters_Big_Game_Commercial_ft._Andy_Cohen_Official_30_2026,6,72.66985321044922,15
NERDS_Juicy_Gummy_Clusters_Big_Game_Commercial_ft._Andy_Cohen_Official_30_2026,7,77.7689208984375,15
NERDS_Juicy_Gummy_Clusters_Big_Game_Commercial_ft._Andy_Cohen_Official_30_2026,8,76.75924682617188,15
NERDS_Juicy_Gummy_Clusters_Big_Game_Commercial_ft._Andy_Cohen_Official_30_2026,9,84.63230895996094,15
NERDS_Juicy_Gummy_Clusters_Big_Game_Commercial_ft._Andy_Cohen_Official_30_2026,10,81.37238311767578,15
NERDS_Juicy_Gummy_Clusters_Big_Game_Commercial_ft._Andy_Cohen_Official_30_2026,11,84.68927001953125,15
NERDS_Juicy_Gummy_Clusters_Big_Game_Commercial_ft._Andy_Cohen_Official_30_2026,12,85.779052734375,15
NERDS_Juicy_Gummy_Clusters_Big_Game_Commercial_ft._Andy_Cohen_Official_30_2026,13,84.93402862548828,15
NERDS_Juicy_Gummy_Clusters_Big_Game_Commercial_ft._Andy_Cohen_Official_30_2026,14,90.51773834228516,15
NERDS_Juicy_Gummy_Clusters_Big_Game_Commercial_ft._Andy_Cohen_Official_30_2026,15,100.0,15
NERDS_Juicy_Gummy_Clusters_Big_Game_Commercial_ft._Andy_Cohen_Official_30_2026,16,98.32318115234375,15
NERDS_Juicy_Gummy_Clusters_Big_Game_Commercial_ft._Andy_Cohen_Official_30_2026,17,94.7042236328125,15
NERDS_Juicy_Gummy_Clusters_Big_Game_Commercial_ft._Andy_Cohen_Official_30_2026,18,89.0116195678711,15
NERDS_Juicy_Gummy_Clusters_Big_Game_Commercial_ft._Andy_Cohen_Official_30_2026,19,84.98092651367188,15
NERDS_Juicy_Gummy_Clusters_Big_Game_Commercial_ft._Andy_Cohen_Official_30_2026,20,83.37051391601562,15
NERDS_Juicy_Gummy_Clusters_Big_Game_Commercial_ft._Andy_Cohen_Official_30_2026,21,79.78727722167969,15
NERDS_Juicy_Gummy_Clusters_Big_Game_Commercial_ft._Andy_Cohen_Official_30_2026,22,72.94196319580078,15
NERDS_Juicy_Gummy_Clusters_Big_Game_Commercial_ft._Andy_Cohen_Official_30_2026,23,78.19778442382812,15
NERDS_Juicy_Gummy_Clusters_Big_Game_Commercial_ft._Andy_Cohen_Official_30_2026,24,75.40433502197266,15
NERDS_Juicy_Gummy_Clusters_Big_Game_Commercial_ft._Andy_Cohen_Official_30_2026,25,72.04544067382812,15
NERDS_Juicy_Gummy_Clusters_Big_Game_Commercial_ft._Andy_Cohen_Official_30_2026,26,73.89437866210938,15
NERDS_Juicy_Gummy_Clusters_Big_Game_Commercial_ft._Andy_Cohen_Official_30_2026,27,67.20759582519531,15
NERDS_Juicy_Gummy_Clusters_Big_Game_Commercial_ft._Andy_Cohen_Official_30_2026,28,66.18832397460938,15
NERDS_Juicy_Gummy_Clusters_Big_Game_Commercial_ft._Andy_Cohen_Official_30_2026,29,68.38134765625,15
NERDS_Juicy_Gummy_Clusters_Big_Game_Commercial_ft._Andy_Cohen_Official_30_2026,30,95.45396423339844,15
NFL_Super_Bowl_LX_You_Are_Special,1,33.39656448364258,30
NFL_Super_Bowl_LX_You_Are_Special,2,33.68601989746094,30
NFL_Super_Bowl_LX_You_Are_Special,3,31.60179901123047,30
NFL_Super_Bowl_LX_You_Are_Special,4,33.92190170288086,30
NFL_Super_Bowl_LX_You_Are_Special,5,35.91014862060547,30
NFL_Super_Bowl_LX_You_Are_Special,6,35.38625717163086,30
NFL_Super_Bowl_LX_You_Are_Special,7,38.93714904785156,30
NFL_Super_Bowl_LX_You_Are_Special,8,44.16374969482422,30
NFL_Super_Bowl_LX_You_Are_Special,9,43.53165817260742,30
NFL_Super_Bowl_LX_You_Are_Special,10,50.46018981933594,30
NFL_Super_Bowl_LX_You_Are_Special,11,52.5484619140625,30
NFL_Super_Bowl_LX_You_Are_Special,12,51.38618469238281,30
NFL_Super_Bowl_LX_You_Are_Special,13,54.237098693847656,30
NFL_Super_Bowl_LX_You_Are_Special,14,51.81372833251953,30
NFL_Super_Bowl_LX_You_Are_Special,15,51.220672607421875,30
NFL_Super_Bowl_LX_You_Are_Special,16,55.948974609375,30
NFL_Super_Bowl_LX_You_Are_Special,17,55.449588775634766,30
NFL_Super_Bowl_LX_You_Are_Special,18,55.82633590698242,30
NFL_Super_Bowl_LX_You_Are_Special,19,53.08704376220703,30
NFL_Super_Bowl_LX_You_Are_Special,20,51.719207763671875,30
NFL_Super_Bowl_LX_You_Are_Special,21,48.07316970825195,30
NFL_Super_Bowl_LX_You_Are_Special,22,45.838294982910156,30
NFL_Super_Bowl_LX_You_Are_Special,23,42.594078063964844,30
NFL_Super_Bowl_LX_You_Are_Special,24,42.547027587890625,30
NFL_Super_Bowl_LX_You_Are_Special,25,43.487361907958984,30
NFL_Super_Bowl_LX_You_Are_Special,26,42.49939727783203,30
NFL_Super_Bowl_LX_You_Are_Special,27,45.908660888671875,30
NFL_Super_Bowl_LX_You_Are_Special,28,56.85045623779297,30
NFL_Super_Bowl_LX_You_Are_Special,29,60.377811431884766,30
NFL_Super_Bowl_LX_You_Are_Special,30,100.0,30
New_Home_Google_Gemini_SB_Commercial_2026,1,54.639488220214844,60
New_Home_Google_Gemini_SB_Commercial_2026,2,51.525081634521484,60
New_Home_Google_Gemini_SB_Commercial_2026,3,49.69090270996094,60
New_Home_Google_Gemini_SB_Commercial_2026,4,46.51854705810547,60
New_Home_Google_Gemini_SB_Commercial_2026,5,43.91093444824219,60
New_Home_Google_Gemini_SB_Commercial_2026,6,43.239994049072266,60
New_Home_Google_Gemini_SB_Commercial_2026,7,43.458213806152344,60
New_Home_Google_Gemini_SB_Commercial_2026,8,44.02965545654297,60
New_Home_Google_Gemini_SB_Commercial_2026,9,45.8502311706543,60
New_Home_Google_Gemini_SB_Commercial_2026,10,47.58601379394531,60
New_Home_Google_Gemini_SB_Commercial_2026,11,47.59742736816406,60
New_Home_Google_Gemini_SB_Commercial_2026,12,47.29201889038086,60
New_Home_Google_Gemini_SB_Commercial_2026,13,52.214111328125,60
New_Home_Google_Gemini_SB_Commercial_2026,14,49.439666748046875,60
New_Home_Google_Gemini_SB_Commercial_2026,15,49.770023345947266,60
New_Home_Google_Gemini_SB_Commercial_2026,16,47.6774787902832,60
New_Home_Google_Gemini_SB_Commercial_2026,17,52.071327209472656,60
New_Home_Google_Gemini_SB_Commercial_2026,18,52.54804992675781,60
New_Home_Google_Gemini_SB_Commercial_2026,19,54.44819259643555,60
New_Home_Google_Gemini_SB_Commercial_2026,20,55.750579833984375,60
New_Home_Google_Gemini_SB_Commercial_2026,21,54.47468185424805,60
New_Home_Google_Gemini_SB_Commercial_2026,22,55.99925994873047,60
New_Home_Google_Gemini_SB_Commercial_2026,23,56.499176025390625,60
New_Home_Google_Gemini_SB_Commercial_2026,24,55.23158264160156,60
New_Home_Google_Gemini_SB_Commercial_2026,25,52.321136474609375,60
New_Home_Google_Gemini_SB_Commercial_2026,26,45.668975830078125,60
New_Home_Google_Gemini_SB_Commercial_2026,27,46.35279846191406,60
New_Home_Google_Gemini_SB_Commercial_2026,28,52.71886444091797,60
New_Home_Google_Gemini_SB_Commercial_2026,29,56.25077438354492,60
New_Home_Google_Gemini_SB_Commercial_2026,30,62.911109924316406,60
New_Home_Google_Gemini_SB_Commercial_2026,31,53.721256256103516,60
New_Home_Google_Gemini_SB_Commercial_2026,32,45.911224365234375,60
New_Home_Google_Gemini_SB_Commercial_2026,33,48.43338394165039,60
New_Home_Google_Gemini_SB_Commercial_2026,34,47.39684295654297,60
New_Home_Google_Gemini_SB_Commercial_2026,35,47.19462585449219,60
New_Home_Google_Gemini_SB_Commercial_2026,36,48.06221389770508,60
New_Home_Google_Gemini_SB_Commercial_2026,37,48.181705474853516,60
New_Home_Google_Gemini_SB_Commercial_2026,38,44.22933578491211,60
New_Home_Google_Gemini_SB_Commercial_2026,39,45.94467544555664,60
New_Home_Google_Gemini_SB_Commercial_2026,40,46.755653381347656,60
New_Home_Google_Gemini_SB_Commercial_2026,41,43.24247360229492,60
New_Home_Google_Gemini_SB_Commercial_2026,42,38.80153274536133,60
New_Home_Google_Gemini_SB_Commercial_2026,43,29.27643585205078,60
New_Home_Google_Gemini_SB_Commercial_2026,44,29.064289093017578,60
New_Home_Google_Gemini_SB_Commercial_2026,45,31.009838104248047,60
New_Home_Google_Gemini_SB_Commercial_2026,46,33.01405715942383,60
New_Home_Google_Gemini_SB_Commercial_2026,47,40.91413497924805,60
New_Home_Google_Gemini_SB_Commercial_2026,48,42.313297271728516,60
New_Home_Google_Gemini_SB_Commercial_2026,49,43.89459991455078,60
New_Home_Google_Gemini_SB_Commercial_2026,50,41.32823181152344,60
New_Home_Google_Gemini_SB_Commercial_2026,51,38.551536560058594,60
New_Home_Google_Gemini_SB_Commercial_2026,52,36.90772247314453,60
New_Home_Google_Gemini_SB_Commercial_2026,53,37.787193298339844,60
New_Home_Google_Gemini_SB_Commercial_2026,54,32.57294845581055,60
New_Home_Google_Gemini_SB_Commercial_2026,55,29.944744110107422,60
New_Home_Google_Gemini_SB_Commercial_2026,56,33.135032653808594,60
New_Home_Google_Gemini_SB_Commercial_2026,57,44.1015510559082,60
New_Home_Google_Gemini_SB_Commercial_2026,58,70.56610107421875,60
New_Home_Google_Gemini_SB_Commercial_2026,59,79.54092407226562,60
New_Home_Google_Gemini_SB_Commercial_2026,60,100.0,60
Oakley_Meta_Athletic_Intelligence_is_Here_-_Part_One,1,51.966793060302734,30
Oakley_Meta_Athletic_Intelligence_is_Here_-_Part_One,2,54.86809539794922,30
Oakley_Meta_Athletic_Intelligence_is_Here_-_Part_One,3,58.36589813232422,30
Oakley_Meta_Athletic_Intelligence_is_Here_-_Part_One,4,66.93042755126953,30
Oakley_Meta_Athletic_Intelligence_is_Here_-_Part_One,5,72.13333129882812,30
Oakley_Meta_Athletic_Intelligence_is_Here_-_Part_One,6,77.51578521728516,30
Oakley_Meta_Athletic_Intelligence_is_Here_-_Part_One,7,81.51197052001953,30
Oakley_Meta_Athletic_Intelligence_is_Here_-_Part_One,8,87.81316375732422,30
Oakley_Meta_Athletic_Intelligence_is_Here_-_Part_One,9,92.10555267333984,30
Oakley_Meta_Athletic_Intelligence_is_Here_-_Part_One,10,84.1718978881836,30
Oakley_Meta_Athletic_Intelligence_is_Here_-_Part_One,11,86.59991455078125,30
Oakley_Meta_Athletic_Intelligence_is_Here_-_Part_One,12,77.26419830322266,30
Oakley_Meta_Athletic_Intelligence_is_Here_-_Part_One,13,77.22749328613281,30
Oakley_Meta_Athletic_Intelligence_is_Here_-_Part_One,14,84.29071044921875,30
Oakley_Meta_Athletic_Intelligence_is_Here_-_Part_One,15,91.3254165649414,30
Oakley_Meta_Athletic_Intelligence_is_Here_-_Part_One,16,92.26454162597656,30
Oakley_Meta_Athletic_Intelligence_is_Here_-_Part_One,17,91.7655029296875,30
Oakley_Meta_Athletic_Intelligence_is_Here_-_Part_One,18,85.6510238647461,30
Oakley_Meta_Athletic_Intelligence_is_Here_-_Part_One,19,84.01924133300781,30
Oakley_Meta_Athletic_Intelligence_is_Here_-_Part_One,20,86.22030639648438,30
Oakley_Meta_Athletic_Intelligence_is_Here_-_Part_One,21,79.64361572265625,30
Oakley_Meta_Athletic_Intelligence_is_Here_-_Part_One,22,78.39024353027344,30
Oakley_Meta_Athletic_Intelligence_is_Here_-_Part_One,23,79.18733978271484,30
Oakley_Meta_Athletic_Intelligence_is_Here_-_Part_One,24,74.28341674804688,30
Oakley_Meta_Athletic_Intelligence_is_Here_-_Part_One,25,69.90925598144531,30
Oakley_Meta_Athletic_Intelligence_is_Here_-_Part_One,26,70.3525390625,30
Oakley_Meta_Athletic_Intelligence_is_Here_-_Part_One,27,61.51873016357422,30
Oakley_Meta_Athletic_Intelligence_is_Here_-_Part_One,28,50.79674530029297,30
Oakley_Meta_Athletic_Intelligence_is_Here_-_Part_One,29,44.02875518798828,30
Oakley_Meta_Athletic_Intelligence_is_Here_-_Part_One,30,100.0,30
Oakley_Meta_Athletic_Intelligence_is_Here_-_Part_Two,1,48.55217742919922,13
Oakley_Meta_Athletic_Intelligence_is_Here_-_Part_Two,2,53.59063720703125,13
Oakley_Meta_Athletic_Intelligence_is_Here_-_Part_Two,3,60.98553466796875,13
Oakley_Meta_Athletic_Intelligence_is_Here_-_Part_Two,4,70.57518768310547,13
Oakley_Meta_Athletic_Intelligence_is_Here_-_Part_Two,5,80.5481948852539,13
Oakley_Meta_Athletic_Intelligence_is_Here_-_Part_Two,6,82.57221221923828,13
Oakley_Meta_Athletic_Intelligence_is_Here_-_Part_Two,7,92.70069122314453,13
Oakley_Meta_Athletic_Intelligence_is_Here_-_Part_Two,8,89.76116180419922,13
Oakley_Meta_Athletic_Intelligence_is_Here_-_Part_Two,9,96.23611450195312,13
Oakley_Meta_Athletic_Intelligence_is_Here_-_Part_Two,10,97.76306915283203,13
Oakley_Meta_Athletic_Intelligence_is_Here_-_Part_Two,11,92.44771575927734,13
Oakley_Meta_Athletic_Intelligence_is_Here_-_Part_Two,12,97.87889862060547,13
Oakley_Meta_Athletic_Intelligence_is_Here_-_Part_Two,13,100.0,13
Oakley_Meta_Athletic_Intelligence_is_Here_-_Part_Two,14,99.4365005493164,13
Oakley_Meta_Athletic_Intelligence_is_Here_-_Part_Two,15,99.03963470458984,13
Oakley_Meta_Athletic_Intelligence_is_Here_-_Part_Two,16,90.22862243652344,13
Oakley_Meta_Athletic_Intelligence_is_Here_-_Part_Two,17,80.7071762084961,13
Oakley_Meta_Athletic_Intelligence_is_Here_-_Part_Two,18,70.16791534423828,13
Oakley_Meta_Athletic_Intelligence_is_Here_-_Part_Two,19,70.30425262451172,13
Oakley_Meta_Athletic_Intelligence_is_Here_-_Part_Two,20,65.6722412109375,13
Oakley_Meta_Athletic_Intelligence_is_Here_-_Part_Two,21,64.96923828125,13
Oakley_Meta_Athletic_Intelligence_is_Here_-_Part_Two,22,68.24873352050781,13
Oakley_Meta_Athletic_Intelligence_is_Here_-_Part_Two,23,69.78977966308594,13
Oakley_Meta_Athletic_Intelligence_is_Here_-_Part_Two,24,63.07186508178711,13
Oakley_Meta_Athletic_Intelligence_is_Here_-_Part_Two,25,62.257789611816406,13
Oakley_Meta_Athletic_Intelligence_is_Here_-_Part_Two,26,61.26283264160156,13
Oakley_Meta_Athletic_Intelligence_is_Here_-_Part_Two,27,50.440006256103516,13
Oakley_Meta_Athletic_Intelligence_is_Here_-_Part_Two,28,39.8145637512207,13
Oakley_Meta_Athletic_Intelligence_is_Here_-_Part_Two,29,39.022220611572266,13
Oakley_Meta_Athletic_Intelligence_is_Here_-_Part_Two,30,88.9837875366211,13
OpenAI_Super_Bowl_2026_Codex_You_Can_Just_Build_Things,1,19.710800170898438,60
OpenAI_Super_Bowl_2026_Codex_You_Can_Just_Build_Things,2,18.825218200683594,60
OpenAI_Super_Bowl_2026_Codex_You_Can_Just_Build_Things,3,22.955276489257812,60
OpenAI_Super_Bowl_2026_Codex_You_Can_Just_Build_Things,4,27.633342742919922,60
OpenAI_Super_Bowl_2026_Codex_You_Can_Just_Build_Things,5,33.77496337890625,60
OpenAI_Super_Bowl_2026_Codex_You_Can_Just_Build_Things,6,41.190345764160156,60
OpenAI_Super_Bowl_2026_Codex_You_Can_Just_Build_Things,7,45.9305305480957,60
OpenAI_Super_Bowl_2026_Codex_You_Can_Just_Build_Things,8,50.58903503417969,60
OpenAI_Super_Bowl_2026_Codex_You_Can_Just_Build_Things,9,53.494632720947266,60
OpenAI_Super_Bowl_2026_Codex_You_Can_Just_Build_Things,10,54.589576721191406,60
OpenAI_Super_Bowl_2026_Codex_You_Can_Just_Build_Things,11,51.25057601928711,60
OpenAI_Super_Bowl_2026_Codex_You_Can_Just_Build_Things,12,49.329952239990234,60
OpenAI_Super_Bowl_2026_Codex_You_Can_Just_Build_Things,13,49.533382415771484,60
OpenAI_Super_Bowl_2026_Codex_You_Can_Just_Build_Things,14,49.06157302856445,60
OpenAI_Super_Bowl_2026_Codex_You_Can_Just_Build_Things,15,49.54811477661133,60
OpenAI_Super_Bowl_2026_Codex_You_Can_Just_Build_Things,16,46.87691116333008,60
OpenAI_Super_Bowl_2026_Codex_You_Can_Just_Build_Things,17,45.67726135253906,60
OpenAI_Super_Bowl_2026_Codex_You_Can_Just_Build_Things,18,45.562259674072266,60
OpenAI_Super_Bowl_2026_Codex_You_Can_Just_Build_Things,19,44.2816047668457,60
OpenAI_Super_Bowl_2026_Codex_You_Can_Just_Build_Things,20,43.96620178222656,60
OpenAI_Super_Bowl_2026_Codex_You_Can_Just_Build_Things,21,43.58042526245117,60
OpenAI_Super_Bowl_2026_Codex_You_Can_Just_Build_Things,22,41.900020599365234,60
OpenAI_Super_Bowl_2026_Codex_You_Can_Just_Build_Things,23,40.332000732421875,60
OpenAI_Super_Bowl_2026_Codex_You_Can_Just_Build_Things,24,37.05185317993164,60
OpenAI_Super_Bowl_2026_Codex_You_Can_Just_Build_Things,25,34.69474792480469,60
OpenAI_Super_Bowl_2026_Codex_You_Can_Just_Build_Things,26,34.38232421875,60
OpenAI_Super_Bowl_2026_Codex_You_Can_Just_Build_Things,27,34.6207389831543,60
OpenAI_Super_Bowl_2026_Codex_You_Can_Just_Build_Things,28,34.35336685180664,60
OpenAI_Super_Bowl_2026_Codex_You_Can_Just_Build_Things,29,36.64418411254883,60
OpenAI_Super_Bowl_2026_Codex_You_Can_Just_Build_Things,30,38.403831481933594,60
OpenAI_Super_Bowl_2026_Codex_You_Can_Just_Build_Things,31,39.79771423339844,60
OpenAI_Super_Bowl_2026_Codex_You_Can_Just_Build_Things,32,43.41880798339844,60
OpenAI_Super_Bowl_2026_Codex_You_Can_Just_Build_Things,33,45.5256233215332,60
OpenAI_Super_Bowl_2026_Codex_You_Can_Just_Build_Things,34,47.330318450927734,60
OpenAI_Super_Bowl_2026_Codex_You_Can_Just_Build_Things,35,48.295860290527344,60
OpenAI_Super_Bowl_2026_Codex_You_Can_Just_Build_Things,36,49.96807098388672,60
OpenAI_Super_Bowl_2026_Codex_You_Can_Just_Build_Things,37,48.07904052734375,60
OpenAI_Super_Bowl_2026_Codex_You_Can_Just_Build_Things,38,44.1872673034668,60
OpenAI_Super_Bowl_2026_Codex_You_Can_Just_Build_Things,39,40.94014358520508,60
OpenAI_Super_Bowl_2026_Codex_You_Can_Just_Build_Things,40,39.556610107421875,60
OpenAI_Super_Bowl_2026_Codex_You_Can_Just_Build_Things,41,41.074462890625,60
OpenAI_Super_Bowl_2026_Codex_You_Can_Just_Build_Things,42,42.214683532714844,60
OpenAI_Super_Bowl_2026_Codex_You_Can_Just_Build_Things,43,44.15166091918945,60
OpenAI_Super_Bowl_2026_Codex_You_Can_Just_Build_Things,44,45.543731689453125,60
OpenAI_Super_Bowl_2026_Codex_You_Can_Just_Build_Things,45,45.987083435058594,60
OpenAI_Super_Bowl_2026_Codex_You_Can_Just_Build_Things,46,43.316200256347656,60
OpenAI_Super_Bowl_2026_Codex_You_Can_Just_Build_Things,47,38.9844856262207,60
OpenAI_Super_Bowl_2026_Codex_You_Can_Just_Build_Things,48,34.72005844116211,60
OpenAI_Super_Bowl_2026_Codex_You_Can_Just_Build_Things,49,34.865848541259766,60
OpenAI_Super_Bowl_2026_Codex_You_Can_Just_Build_Things,50,40.9581184387207,60
OpenAI_Super_Bowl_2026_Codex_You_Can_Just_Build_Things,51,46.93511962890625,60
OpenAI_Super_Bowl_2026_Codex_You_Can_Just_Build_Things,52,50.46512985229492,60
OpenAI_Super_Bowl_2026_Codex_You_Can_Just_Build_Things,53,53.172725677490234,60
OpenAI_Super_Bowl_2026_Codex_You_Can_Just_Build_Things,54,52.789222717285156,60
OpenAI_Super_Bowl_2026_Codex_You_Can_Just_Build_Things,55,53.69346237182617,60
OpenAI_Super_Bowl_2026_Codex_You_Can_Just_Build_Things,56,56.7613410949707,60
OpenAI_Super_Bowl_2026_Codex_You_Can_Just_Build_Things,57,64.42401123046875,60
OpenAI_Super_Bowl_2026_Codex_You_Can_Just_Build_Things,58,83.12889862060547,60
OpenAI_Super_Bowl_2026_Codex_You_Can_Just_Build_Things,59,81.77307891845703,60
OpenAI_Super_Bowl_2026_Codex_You_Can_Just_Build_Things,60,100.0,60
Pringles_Pringleleo,1,33.0594367980957,20
Pringles_Pringleleo,2,35.587242126464844,20
Pringles_Pringleleo,3,41.223793029785156,20
Pringles_Pringleleo,4,48.807029724121094,20
Pringles_Pringleleo,5,60.7752571105957,20
Pringles_Pringleleo,6,65.83305358886719,20
Pringles_Pringleleo,7,69.86382293701172,20
Pringles_Pringleleo,8,68.70777130126953,20
Pringles_Pringleleo,9,66.49591064453125,20
Pringles_Pringleleo,10,68.46575164794922,20
Pringles_Pringleleo,11,72.52098083496094,20
Pringles_Pringleleo,12,73.2083511352539,20
Pringles_Pringleleo,13,79.5906982421875,20
Pringles_Pringleleo,14,82.22706604003906,20
Pringles_Pringleleo,15,88.99696350097656,20
Pringles_Pringleleo,16,90.71186828613281,20
Pringles_Pringleleo,17,91.3113784790039,20
Pringles_Pringleleo,18,87.00921630859375,20
Pringles_Pringleleo,19,88.642578125,20
Pringles_Pringleleo,20,100.0,20
Pringles_Pringleleo,21,89.24116516113281,20
Pringles_Pringleleo,22,89.49920654296875,20
Pringles_Pringleleo,23,86.78569793701172,20
Pringles_Pringleleo,24,71.16741180419922,20
Pringles_Pringleleo,25,65.45704650878906,20
Pringles_Pringleleo,26,55.60430145263672,20
Pringles_Pringleleo,27,40.19221115112305,20
Pringles_Pringleleo,28,42.03584289550781,20
Pringles_Pringleleo,29,44.38318634033203,20
Pringles_Pringleleo,30,92.85924530029297,20
RITZ_Island_Big_Game_2026_Commercial,1,62.489784240722656,16
RITZ_Island_Big_Game_2026_Commercial,2,67.4749755859375,16
RITZ_Island_Big_Game_2026_Commercial,3,67.37764739990234,16
RITZ_Island_Big_Game_2026_Commercial,4,70.90892028808594,16
RITZ_Island_Big_Game_2026_Commercial,5,70.38551330566406,16
RITZ_Island_Big_Game_2026_Commercial,6,77.28431701660156,16
RITZ_Island_Big_Game_2026_Commercial,7,81.52606964111328,16
RITZ_Island_Big_Game_2026_Commercial,8,88.67388916015625,16
RITZ_Island_Big_Game_2026_Commercial,9,80.41693878173828,16
RITZ_Island_Big_Game_2026_Commercial,10,79.20933532714844,16
RITZ_Island_Big_Game_2026_Commercial,11,79.96967315673828,16
RITZ_Island_Big_Game_2026_Commercial,12,81.0003662109375,16
RITZ_Island_Big_Game_2026_Commercial,13,79.99690246582031,16
RITZ_Island_Big_Game_2026_Commercial,14,77.40707397460938,16
RITZ_Island_Big_Game_2026_Commercial,15,86.48571014404297,16
RITZ_Island_Big_Game_2026_Commercial,16,100.0,16
RITZ_Island_Big_Game_2026_Commercial,17,95.43389892578125,16
RITZ_Island_Big_Game_2026_Commercial,18,91.09356689453125,16
RITZ_Island_Big_Game_2026_Commercial,19,89.24583435058594,16
RITZ_Island_Big_Game_2026_Commercial,20,82.14105987548828,16
RITZ_Island_Big_Game_2026_Commercial,21,73.82357025146484,16
RITZ_Island_Big_Game_2026_Commercial,22,65.81844329833984,16
RITZ_Island_Big_Game_2026_Commercial,23,63.17748260498047,16
RITZ_Island_Big_Game_2026_Commercial,24,69.65229797363281,16
RITZ_Island_Big_Game_2026_Commercial,25,59.436981201171875,16
RITZ_Island_Big_Game_2026_Commercial,26,63.25461959838867,16
RITZ_Island_Big_Game_2026_Commercial,27,60.95955276489258,16
RITZ_Island_Big_Game_2026_Commercial,28,54.536895751953125,16
RITZ_Island_Big_Game_2026_Commercial,29,55.101863861083984,16
RITZ_Island_Big_Game_2026_Commercial,30,83.42745208740234,16
Relax_your_tight_end,1,35.71182632446289,60
Relax_your_tight_end,2,36.033023834228516,60
Relax_your_tight_end,3,38.38553237915039,60
Relax_your_tight_end,4,44.98317337036133,60
Relax_your_tight_end,5,44.98714828491211,60
Relax_your_tight_end,6,48.9463996887207,60
Relax_your_tight_end,7,41.95628356933594,60
Relax_your_tight_end,8,39.211631774902344,60
Relax_your_tight_end,9,38.85289001464844,60
Relax_your_tight_end,10,38.606117248535156,60
Relax_your_tight_end,11,42.88624954223633,60
Relax_your_tight_end,12,40.900482177734375,60
Relax_your_tight_end,13,44.43399429321289,60
Relax_your_tight_end,14,44.676544189453125,60
Relax_your_tight_end,15,46.18029022216797,60
Relax_your_tight_end,16,45.26219940185547,60
Relax_your_tight_end,17,41.1452522277832,60
Relax_your_tight_end,18,40.30900573730469,60
Relax_your_tight_end,19,37.401649475097656,60
Relax_your_tight_end,20,34.104652404785156,60
Relax_your_tight_end,21,33.975975036621094,60
Relax_your_tight_end,22,32.89860916137695,60
Relax_your_tight_end,23,28.985843658447266,60
Relax_your_tight_end,24,30.255186080932617,60
Relax_your_tight_end,25,28.968984603881836,60
Relax_your_tight_end,26,25.58477783203125,60
Relax_your_tight_end,27,22.421031951904297,60
Relax_your_tight_end,28,22.86612892150879,60
Relax_your_tight_end,29,27.761428833007812,60
Relax_your_tight_end,30,31.7353515625,60
Relax_your_tight_end,31,38.70451736450195,60
Relax_your_tight_end,32,43.72661590576172,60
Relax_your_tight_end,33,42.35087203979492,60
Relax_your_tight_end,34,39.10517883300781,60
Relax_your_tight_end,35,41.44754409790039,60
Relax_your_tight_end,36,43.05818557739258,60
Relax_your_tight_end,37,44.47031784057617,60
Relax_your_tight_end,38,44.519962310791016,60
Relax_your_tight_end,39,45.84269714355469,60
Relax_your_tight_end,40,51.05769729614258,60
Relax_your_tight_end,41,51.10192108154297,60
Relax_your_tight_end,42,46.34086227416992,60
Relax_your_tight_end,43,43.55003356933594,60
Relax_your_tight_end,44,42.32987976074219,60
Relax_your_tight_end,45,49.35939407348633,60
Relax_your_tight_end,46,56.08367919921875,60
Relax_your_tight_end,47,63.88842010498047,60
Relax_your_tight_end,48,67.7929458618164,60
Relax_your_tight_end,49,64.65777587890625,60
Relax_your_tight_end,50,59.190589904785156,60
Relax_your_tight_end,51,49.20909118652344,60
Relax_your_tight_end,52,43.20979309082031,60
Relax_your_tight_end,53,38.864646911621094,60
Relax_your_tight_end,54,40.83094024658203,60
Relax_your_tight_end,55,54.86804962158203,60
Relax_your_tight_end,56,64.75658416748047,60
Relax_your_tight_end,57,76.46326446533203,60
Relax_your_tight_end,58,91.83578491210938,60
Relax_your_tight_end,59,97.96405029296875,60
Relax_your_tight_end,60,100.0,60
Salesforce_Big_Game_Ad_MrBeast_s_Vault,1,60.48863983154297,26
Salesforce_Big_Game_Ad_MrBeast_s_Vault,2,67.00103759765625,26
Salesforce_Big_Game_Ad_MrBeast_s_Vault,3,70.75193786621094,26
Salesforce_Big_Game_Ad_MrBeast_s_Vault,4,74.97090911865234,26
Salesforce_Big_Game_Ad_MrBeast_s_Vault,5,85.1620864868164,26
Salesforce_Big_Game_Ad_MrBeast_s_Vault,6,90.56351470947266,26
Salesforce_Big_Game_Ad_MrBeast_s_Vault,7,86.7514877319336,26
Salesforce_Big_Game_Ad_MrBeast_s_Vault,8,83.91026306152344,26
Salesforce_Big_Game_Ad_MrBeast_s_Vault,9,85.22258758544922,26
Salesforce_Big_Game_Ad_MrBeast_s_Vault,10,81.08623504638672,26
Salesforce_Big_Game_Ad_MrBeast_s_Vault,11,81.04808044433594,26
Salesforce_Big_Game_Ad_MrBeast_s_Vault,12,89.60150909423828,26
Salesforce_Big_Game_Ad_MrBeast_s_Vault,13,90.64520263671875,26
Salesforce_Big_Game_Ad_MrBeast_s_Vault,14,93.16668701171875,26
Salesforce_Big_Game_Ad_MrBeast_s_Vault,15,96.23722839355469,26
Salesforce_Big_Game_Ad_MrBeast_s_Vault,16,96.59332275390625,26
Salesforce_Big_Game_Ad_MrBeast_s_Vault,17,89.84650421142578,26
Salesforce_Big_Game_Ad_MrBeast_s_Vault,18,85.40390014648438,26
Salesforce_Big_Game_Ad_MrBeast_s_Vault,19,86.19512176513672,26
Salesforce_Big_Game_Ad_MrBeast_s_Vault,20,82.87681579589844,26
Salesforce_Big_Game_Ad_MrBeast_s_Vault,21,83.4231948852539,26
Salesforce_Big_Game_Ad_MrBeast_s_Vault,22,89.43191528320312,26
Salesforce_Big_Game_Ad_MrBeast_s_Vault,23,88.97857666015625,26
Salesforce_Big_Game_Ad_MrBeast_s_Vault,24,83.68437194824219,26
Salesforce_Big_Game_Ad_MrBeast_s_Vault,25,90.05938720703125,26
Salesforce_Big_Game_Ad_MrBeast_s_Vault,26,100.0,26
Salesforce_Big_Game_Ad_MrBeast_s_Vault,27,99.94701385498047,26
Salesforce_Big_Game_Ad_MrBeast_s_Vault,28,94.91399383544922,26
Salesforce_Big_Game_Ad_MrBeast_s_Vault,29,96.25751495361328,26
Salesforce_Big_Game_Ad_MrBeast_s_Vault,30,92.85279846191406,26
Salesforce_Big_Game_Ad_MrBeast_s_Vault,31,64.62657165527344,26
Salesforce_Big_Game_Ad_MrBeast_s_Vault,32,69.0415267944336,26
Search_Party_from_Ring_Be_A_Hero_In_Your_Neighborhood,1,76.5250244140625,30
Search_Party_from_Ring_Be_A_Hero_In_Your_Neighborhood,2,73.16407775878906,30
Search_Party_from_Ring_Be_A_Hero_In_Your_Neighborhood,3,77.053955078125,30
Search_Party_from_Ring_Be_A_Hero_In_Your_Neighborhood,4,80.7374496459961,30
Search_Party_from_Ring_Be_A_Hero_In_Your_Neighborhood,5,76.3499526977539,30
Search_Party_from_Ring_Be_A_Hero_In_Your_Neighborhood,6,78.86581420898438,30
Search_Party_from_Ring_Be_A_Hero_In_Your_Neighborhood,7,75.56055450439453,30
Search_Party_from_Ring_Be_A_Hero_In_Your_Neighborhood,8,85.77339172363281,30
Search_Party_from_Ring_Be_A_Hero_In_Your_Neighborhood,9,94.6673812866211,30
Search_Party_from_Ring_Be_A_Hero_In_Your_Neighborhood,10,90.55228424072266,30
Search_Party_from_Ring_Be_A_Hero_In_Your_Neighborhood,11,84.5979995727539,30
Search_Party_from_Ring_Be_A_Hero_In_Your_Neighborhood,12,82.18698120117188,30
Search_Party_from_Ring_Be_A_Hero_In_Your_Neighborhood,13,80.71575164794922,30
Search_Party_from_Ring_Be_A_Hero_In_Your_Neighborhood,14,86.09673309326172,30
Search_Party_from_Ring_Be_A_Hero_In_Your_Neighborhood,15,85.4339828491211,30
Search_Party_from_Ring_Be_A_Hero_In_Your_Neighborhood,16,90.63321685791016,30
Search_Party_from_Ring_Be_A_Hero_In_Your_Neighborhood,17,95.35506439208984,30
Search_Party_from_Ring_Be_A_Hero_In_Your_Neighborhood,18,97.31128692626953,30
Search_Party_from_Ring_Be_A_Hero_In_Your_Neighborhood,19,97.7502212524414,30
Search_Party_from_Ring_Be_A_Hero_In_Your_Neighborhood,20,92.14478302001953,30
Search_Party_from_Ring_Be_A_Hero_In_Your_Neighborhood,21,84.51362609863281,30
Search_Party_from_Ring_Be_A_Hero_In_Your_Neighborhood,22,74.67231750488281,30
Search_Party_from_Ring_Be_A_Hero_In_Your_Neighborhood,23,57.61891174316406,30
Search_Party_from_Ring_Be_A_Hero_In_Your_Neighborhood,24,52.77218246459961,30
Search_Party_from_Ring_Be_A_Hero_In_Your_Neighborhood,25,45.64183807373047,30
Search_Party_from_Ring_Be_A_Hero_In_Your_Neighborhood,26,46.92255783081055,30
Search_Party_from_Ring_Be_A_Hero_In_Your_Neighborhood,27,42.55668640136719,30
Search_Party_from_Ring_Be_A_Hero_In_Your_Neighborhood,28,41.180755615234375,30
Search_Party_from_Ring_Be_A_Hero_In_Your_Neighborhood,29,45.058349609375,30
Search_Party_from_Ring_Be_A_Hero_In_Your_Neighborhood,30,100.0,30
Serena_Williams_Super_Bowl_LX_Commercial_Healthier_on_Ro,1,41.757049560546875,30
Serena_Williams_Super_Bowl_LX_Commercial_Healthier_on_Ro,2,46.70759963989258,30
Serena_Williams_Super_Bowl_LX_Commercial_Healthier_on_Ro,3,53.21510314941406,30
Serena_Williams_Super_Bowl_LX_Commercial_Healthier_on_Ro,4,55.40056228637695,30
Serena_Williams_Super_Bowl_LX_Commercial_Healthier_on_Ro,5,58.91019821166992,30
Serena_Williams_Super_Bowl_LX_Commercial_Healthier_on_Ro,6,62.935447692871094,30
Serena_Williams_Super_Bowl_LX_Commercial_Healthier_on_Ro,7,72.85296630859375,30
Serena_Williams_Super_Bowl_LX_Commercial_Healthier_on_Ro,8,69.22093200683594,30
Serena_Williams_Super_Bowl_LX_Commercial_Healthier_on_Ro,9,78.93814086914062,30
Serena_Williams_Super_Bowl_LX_Commercial_Healthier_on_Ro,10,84.33540344238281,30
Serena_Williams_Super_Bowl_LX_Commercial_Healthier_on_Ro,11,86.23375701904297,30
Serena_Williams_Super_Bowl_LX_Commercial_Healthier_on_Ro,12,84.20989227294922,30
Serena_Williams_Super_Bowl_LX_Commercial_Healthier_on_Ro,13,79.66625213623047,30
Serena_Williams_Super_Bowl_LX_Commercial_Healthier_on_Ro,14,78.19686889648438,30
Serena_Williams_Super_Bowl_LX_Commercial_Healthier_on_Ro,15,76.28010559082031,30
Serena_Williams_Super_Bowl_LX_Commercial_Healthier_on_Ro,16,75.3456802368164,30
Serena_Williams_Super_Bowl_LX_Commercial_Healthier_on_Ro,17,74.94696044921875,30
Serena_Williams_Super_Bowl_LX_Commercial_Healthier_on_Ro,18,72.17332458496094,30
Serena_Williams_Super_Bowl_LX_Commercial_Healthier_on_Ro,19,69.55899810791016,30
Serena_Williams_Super_Bowl_LX_Commercial_Healthier_on_Ro,20,66.42761993408203,30
Serena_Williams_Super_Bowl_LX_Commercial_Healthier_on_Ro,21,66.06770324707031,30
Serena_Williams_Super_Bowl_LX_Commercial_Healthier_on_Ro,22,67.03276824951172,30
Serena_Williams_Super_Bowl_LX_Commercial_Healthier_on_Ro,23,67.1053237915039,30
Serena_Williams_Super_Bowl_LX_Commercial_Healthier_on_Ro,24,57.8671760559082,30
Serena_Williams_Super_Bowl_LX_Commercial_Healthier_on_Ro,25,51.53403854370117,30
Serena_Williams_Super_Bowl_LX_Commercial_Healthier_on_Ro,26,47.38592529296875,30
Serena_Williams_Super_Bowl_LX_Commercial_Healthier_on_Ro,27,40.17947769165039,30
Serena_Williams_Super_Bowl_LX_Commercial_Healthier_on_Ro,28,45.14718246459961,30
Serena_Williams_Super_Bowl_LX_Commercial_Healthier_on_Ro,29,39.25543975830078,30
Serena_Williams_Super_Bowl_LX_Commercial_Healthier_on_Ro,30,100.0,30
Shake_Your_Bots_Off_-_SVEDKA_Big_Game_Commercial_2026,1,52.04905319213867,30
Shake_Your_Bots_Off_-_SVEDKA_Big_Game_Commercial_2026,2,54.85491180419922,30
Shake_Your_Bots_Off_-_SVEDKA_Big_Game_Commercial_2026,3,54.59050369262695,30
Shake_Your_Bots_Off_-_SVEDKA_Big_Game_Commercial_2026,4,52.77833938598633,30
Shake_Your_Bots_Off_-_SVEDKA_Big_Game_Commercial_2026,5,52.89857864379883,30
Shake_Your_Bots_Off_-_SVEDKA_Big_Game_Commercial_2026,6,53.09782791137695,30
Shake_Your_Bots_Off_-_SVEDKA_Big_Game_Commercial_2026,7,55.59852600097656,30
Shake_Your_Bots_Off_-_SVEDKA_Big_Game_Commercial_2026,8,57.95602035522461,30
Shake_Your_Bots_Off_-_SVEDKA_Big_Game_Commercial_2026,9,59.64570617675781,30
Shake_Your_Bots_Off_-_SVEDKA_Big_Game_Commercial_2026,10,59.84504318237305,30
Shake_Your_Bots_Off_-_SVEDKA_Big_Game_Commercial_2026,11,61.55735397338867,30
Shake_Your_Bots_Off_-_SVEDKA_Big_Game_Commercial_2026,12,60.67583465576172,30
Shake_Your_Bots_Off_-_SVEDKA_Big_Game_Commercial_2026,13,63.492671966552734,30
Shake_Your_Bots_Off_-_SVEDKA_Big_Game_Commercial_2026,14,70.67394256591797,30
Shake_Your_Bots_Off_-_SVEDKA_Big_Game_Commercial_2026,15,75.12140655517578,30
Shake_Your_Bots_Off_-_SVEDKA_Big_Game_Commercial_2026,16,80.97247314453125,30
Shake_Your_Bots_Off_-_SVEDKA_Big_Game_Commercial_2026,17,82.27682495117188,30
Shake_Your_Bots_Off_-_SVEDKA_Big_Game_Commercial_2026,18,83.29138946533203,30
Shake_Your_Bots_Off_-_SVEDKA_Big_Game_Commercial_2026,19,82.39921569824219,30
Shake_Your_Bots_Off_-_SVEDKA_Big_Game_Commercial_2026,20,83.30716705322266,30
Shake_Your_Bots_Off_-_SVEDKA_Big_Game_Commercial_2026,21,83.07205200195312,30
Shake_Your_Bots_Off_-_SVEDKA_Big_Game_Commercial_2026,22,81.2794418334961,30
Shake_Your_Bots_Off_-_SVEDKA_Big_Game_Commercial_2026,23,77.83990478515625,30
Shake_Your_Bots_Off_-_SVEDKA_Big_Game_Commercial_2026,24,68.85245513916016,30
Shake_Your_Bots_Off_-_SVEDKA_Big_Game_Commercial_2026,25,63.90998840332031,30
Shake_Your_Bots_Off_-_SVEDKA_Big_Game_Commercial_2026,26,62.9878044128418,30
Shake_Your_Bots_Off_-_SVEDKA_Big_Game_Commercial_2026,27,56.478816986083984,30
Shake_Your_Bots_Off_-_SVEDKA_Big_Game_Commercial_2026,28,49.0421257019043,30
Shake_Your_Bots_Off_-_SVEDKA_Big_Game_Commercial_2026,29,50.15958023071289,30
Shake_Your_Bots_Off_-_SVEDKA_Big_Game_Commercial_2026,30,100.0,30
Sticky_Note_SB_LX_Commercial,1,61.28103256225586,30
Sticky_Note_SB_LX_Commercial,2,58.78761291503906,30
Sticky_Note_SB_LX_Commercial,3,58.66777420043945,30
Sticky_Note_SB_LX_Commercial,4,60.98687744140625,30
Sticky_Note_SB_LX_Commercial,5,62.88140869140625,30
Sticky_Note_SB_LX_Commercial,6,64.96765899658203,30
Sticky_Note_SB_LX_Commercial,7,62.28765106201172,30
Sticky_Note_SB_LX_Commercial,8,60.6951789855957,30
Sticky_Note_SB_LX_Commercial,9,58.179466247558594,30
Sticky_Note_SB_LX_Commercial,10,63.259952545166016,30
Sticky_Note_SB_LX_Commercial,11,60.31991958618164,30
Sticky_Note_SB_LX_Commercial,12,61.92054748535156,30
Sticky_Note_SB_LX_Commercial,13,73.00233459472656,30
Sticky_Note_SB_LX_Commercial,14,73.49834442138672,30
Sticky_Note_SB_LX_Commercial,15,73.76924896240234,30
Sticky_Note_SB_LX_Commercial,16,70.27828979492188,30
Sticky_Note_SB_LX_Commercial,17,63.017662048339844,30
Sticky_Note_SB_LX_Commercial,18,56.92689895629883,30
Sticky_Note_SB_LX_Commercial,19,55.16901779174805,30
Sticky_Note_SB_LX_Commercial,20,58.83308029174805,30
Sticky_Note_SB_LX_Commercial,21,56.98307800292969,30
Sticky_Note_SB_LX_Commercial,22,60.68724822998047,30
Sticky_Note_SB_LX_Commercial,23,64.2090835571289,30
Sticky_Note_SB_LX_Commercial,24,60.73335266113281,30
Sticky_Note_SB_LX_Commercial,25,53.976078033447266,30
Sticky_Note_SB_LX_Commercial,26,55.0855827331543,30
Sticky_Note_SB_LX_Commercial,27,54.21500778198242,30
Sticky_Note_SB_LX_Commercial,28,50.189937591552734,30
Sticky_Note_SB_LX_Commercial,29,51.98662185668945,30
Sticky_Note_SB_LX_Commercial,30,100.0,30
Super_Bowl_LX_Champion,1,27.632293701171875,56
Super_Bowl_LX_Champion,2,22.434045791625977,56
Super_Bowl_LX_Champion,3,26.132381439208984,56
Super_Bowl_LX_Champion,4,26.706283569335938,56
Super_Bowl_LX_Champion,5,25.505756378173828,56
Super_Bowl_LX_Champion,6,29.935083389282227,56
Super_Bowl_LX_Champion,7,32.59218215942383,56
Super_Bowl_LX_Champion,8,33.3995475769043,56
Super_Bowl_LX_Champion,9,37.91259765625,56
Super_Bowl_LX_Champion,10,37.76026153564453,56
Super_Bowl_LX_Champion,11,36.803436279296875,56
Super_Bowl_LX_Champion,12,38.77311706542969,56
Super_Bowl_LX_Champion,13,38.62957763671875,56
Super_Bowl_LX_Champion,14,39.837501525878906,56
Super_Bowl_LX_Champion,15,39.20502853393555,56
Super_Bowl_LX_Champion,16,35.73603820800781,56
Super_Bowl_LX_Champion,17,31.125524520874023,56
Super_Bowl_LX_Champion,18,29.84531021118164,56
Super_Bowl_LX_Champion,19,29.722999572753906,56
Super_Bowl_LX_Champion,20,29.020368576049805,56
Super_Bowl_LX_Champion,21,32.744728088378906,56
Super_Bowl_LX_Champion,22,32.34303665161133,56
Super_Bowl_LX_Champion,23,35.67499923706055,56
Super_Bowl_LX_Champion,24,41.20177459716797,56
Super_Bowl_LX_Champion,25,44.4690055847168,56
Super_Bowl_LX_Champion,26,47.35267639160156,56
Super_Bowl_LX_Champion,27,45.88707733154297,56
Super_Bowl_LX_Champion,28,46.19245529174805,56
Super_Bowl_LX_Champion,29,48.22699737548828,56
Super_Bowl_LX_Champion,30,50.56983184814453,56
Super_Bowl_LX_Champion,31,49.5989875793457,56
Super_Bowl_LX_Champion,32,52.21636199951172,56
Super_Bowl_LX_Champion,33,50.80974197387695,56
Super_Bowl_LX_Champion,34,49.59433364868164,56
Super_Bowl_LX_Champion,35,46.81925964355469,56
Super_Bowl_LX_Champion,36,43.090145111083984,56
Super_Bowl_LX_Champion,37,41.03892517089844,56
Super_Bowl_LX_Champion,38,42.052207946777344,56
Super_Bowl_LX_Champion,39,42.07042694091797,56
Super_Bowl_LX_Champion,40,44.830562591552734,56
Super_Bowl_LX_Champion,41,40.665077209472656,56
Super_Bowl_LX_Champion,42,39.33667755126953,56
Super_Bowl_LX_Champion,43,39.22182083129883,56
Super_Bowl_LX_Champion,44,36.58559036254883,56
Super_Bowl_LX_Champion,45,38.620582580566406,56
Super_Bowl_LX_Champion,46,45.380859375,56
Super_Bowl_LX_Champion,47,49.69944381713867,56
Super_Bowl_LX_Champion,48,56.92428207397461,56
Super_Bowl_LX_Champion,49,57.93451690673828,56
Super_Bowl_LX_Champion,50,63.27377700805664,56
Super_Bowl_LX_Champion,51,67.6505355834961,56
Super_Bowl_LX_Champion,52,71.61003112792969,56
Super_Bowl_LX_Champion,53,87.18609619140625,56
Super_Bowl_LX_Champion,54,91.1550064086914,56
Super_Bowl_LX_Champion,55,97.26508331298828,56
Super_Bowl_LX_Champion,56,100.0,56
Super_Bowl_LX_Champion,57,97.11009979248047,56
Super_Bowl_LX_Champion,58,98.078857421875,56
Super_Bowl_LX_Champion,59,88.45909118652344,56
Super_Bowl_LX_Champion,60,86.29686737060547,56
Superhero_Belt_Toyota,1,50.33800506591797,30
Superhero_Belt_Toyota,2,51.95857238769531,30
Superhero_Belt_Toyota,3,54.679901123046875,30
Superhero_Belt_Toyota,4,59.51860427856445,30
Superhero_Belt_Toyota,5,58.226905822753906,30
Superhero_Belt_Toyota,6,61.48268127441406,30
Superhero_Belt_Toyota,7,61.583839416503906,30
Superhero_Belt_Toyota,8,60.44755554199219,30
Superhero_Belt_Toyota,9,63.24951171875,30
Superhero_Belt_Toyota,10,63.54037094116211,30
Superhero_Belt_Toyota,11,56.74027633666992,30
Superhero_Belt_Toyota,12,58.85576629638672,30
Superhero_Belt_Toyota,13,56.33028793334961,30
Superhero_Belt_Toyota,14,53.16616439819336,30
Superhero_Belt_Toyota,15,52.909393310546875,30
Superhero_Belt_Toyota,16,48.575927734375,30
Superhero_Belt_Toyota,17,46.124534606933594,30
Superhero_Belt_Toyota,18,47.28864669799805,30
Superhero_Belt_Toyota,19,44.24220657348633,30
Superhero_Belt_Toyota,20,44.62348556518555,30
Superhero_Belt_Toyota,21,44.77826690673828,30
Superhero_Belt_Toyota,22,45.26548767089844,30
Superhero_Belt_Toyota,23,48.35356521606445,30
Superhero_Belt_Toyota,24,46.12156677246094,30
Superhero_Belt_Toyota,25,50.98884201049805,30
Superhero_Belt_Toyota,26,58.26800537109375,30
Superhero_Belt_Toyota,27,55.99630355834961,30
Superhero_Belt_Toyota,28,61.52910614013672,30
Superhero_Belt_Toyota,29,60.211341857910156,30
Superhero_Belt_Toyota,30,100.0,30
Take_A_Look_Liquid_I.V._Game_Day_2026_Commercial,1,43.166473388671875,21
Take_A_Look_Liquid_I.V._Game_Day_2026_Commercial,2,47.18160629272461,21
Take_A_Look_Liquid_I.V._Game_Day_2026_Commercial,3,51.87850570678711,21
Take_A_Look_Liquid_I.V._Game_Day_2026_Commercial,4,57.99080276489258,21
Take_A_Look_Liquid_I.V._Game_Day_2026_Commercial,5,65.56642150878906,21
Take_A_Look_Liquid_I.V._Game_Day_2026_Commercial,6,67.45804595947266,21
Take_A_Look_Liquid_I.V._Game_Day_2026_Commercial,7,78.32474517822266,21
Take_A_Look_Liquid_I.V._Game_Day_2026_Commercial,8,77.33314514160156,21
Take_A_Look_Liquid_I.V._Game_Day_2026_Commercial,9,81.79301452636719,21
Take_A_Look_Liquid_I.V._Game_Day_2026_Commercial,10,84.42318725585938,21
Take_A_Look_Liquid_I.V._Game_Day_2026_Commercial,11,87.62950897216797,21
Take_A_Look_Liquid_I.V._Game_Day_2026_Commercial,12,91.96211242675781,21
Take_A_Look_Liquid_I.V._Game_Day_2026_Commercial,13,89.37381744384766,21
Take_A_Look_Liquid_I.V._Game_Day_2026_Commercial,14,92.13272094726562,21
Take_A_Look_Liquid_I.V._Game_Day_2026_Commercial,15,90.92449188232422,21
Take_A_Look_Liquid_I.V._Game_Day_2026_Commercial,16,89.03350830078125,21
Take_A_Look_Liquid_I.V._Game_Day_2026_Commercial,17,90.1615982055664,21
Take_A_Look_Liquid_I.V._Game_Day_2026_Commercial,18,90.35797882080078,21
Take_A_Look_Liquid_I.V._Game_Day_2026_Commercial,19,93.0234603881836,21
Take_A_Look_Liquid_I.V._Game_Day_2026_Commercial,20,99.43407440185547,21
Take_A_Look_Liquid_I.V._Game_Day_2026_Commercial,21,100.0,21
Take_A_Look_Liquid_I.V._Game_Day_2026_Commercial,22,99.46821594238281,21
Take_A_Look_Liquid_I.V._Game_Day_2026_Commercial,23,97.86274719238281,21
Take_A_Look_Liquid_I.V._Game_Day_2026_Commercial,24,80.97900390625,21
Take_A_Look_Liquid_I.V._Game_Day_2026_Commercial,25,65.0201416015625,21
Take_A_Look_Liquid_I.V._Game_Day_2026_Commercial,26,60.19704818725586,21
Take_A_Look_Liquid_I.V._Game_Day_2026_Commercial,27,56.61585998535156,21
Take_A_Look_Liquid_I.V._Game_Day_2026_Commercial,28,45.82243728637695,21
Take_A_Look_Liquid_I.V._Game_Day_2026_Commercial,29,48.2524528503418,21
Take_A_Look_Liquid_I.V._Game_Day_2026_Commercial,30,99.38179016113281,21
The_Choice_Pepsi_Super_Bowl,1,42.44661331176758,30
The_Choice_Pepsi_Super_Bowl,2,40.8495979309082,30
The_Choice_Pepsi_Super_Bowl,3,37.82855987548828,30
The_Choice_Pepsi_Super_Bowl,4,47.5605583190918,30
The_Choice_Pepsi_Super_Bowl,5,53.030460357666016,30
The_Choice_Pepsi_Super_Bowl,6,71.05640411376953,30
The_Choice_Pepsi_Super_Bowl,7,67.75830841064453,30
The_Choice_Pepsi_Super_Bowl,8,65.4868392944336,30
The_Choice_Pepsi_Super_Bowl,9,68.2002182006836,30
The_Choice_Pepsi_Super_Bowl,10,67.73583984375,30
The_Choice_Pepsi_Super_Bowl,11,73.08280181884766,30
The_Choice_Pepsi_Super_Bowl,12,73.2762222290039,30
The_Choice_Pepsi_Super_Bowl,13,81.81597137451172,30
The_Choice_Pepsi_Super_Bowl,14,85.08209228515625,30
The_Choice_Pepsi_Super_Bowl,15,85.72337341308594,30
The_Choice_Pepsi_Super_Bowl,16,82.4112548828125,30
The_Choice_Pepsi_Super_Bowl,17,81.2320556640625,30
The_Choice_Pepsi_Super_Bowl,18,77.07469177246094,30
The_Choice_Pepsi_Super_Bowl,19,73.94226837158203,30
The_Choice_Pepsi_Super_Bowl,20,75.79537963867188,30
The_Choice_Pepsi_Super_Bowl,21,70.66716766357422,30
The_Choice_Pepsi_Super_Bowl,22,80.06222534179688,30
The_Choice_Pepsi_Super_Bowl,23,79.2110366821289,30
The_Choice_Pepsi_Super_Bowl,24,69.91097259521484,30
The_Choice_Pepsi_Super_Bowl,25,64.2840805053711,30
The_Choice_Pepsi_Super_Bowl,26,62.00640869140625,30
The_Choice_Pepsi_Super_Bowl,27,51.090972900390625,30
The_Choice_Pepsi_Super_Bowl,28,52.919952392578125,30
The_Choice_Pepsi_Super_Bowl,29,53.94803237915039,30
The_Choice_Pepsi_Super_Bowl,30,100.0,30
The_Expert_feat._Adrien_Brody_TurboTax_2026_Super_Bowl_Commercial_Official_TV_Ad_45,1,43.50769805908203,45
The_Expert_feat._Adrien_Brody_TurboTax_2026_Super_Bowl_Commercial_Official_TV_Ad_45,2,41.126426696777344,45
The_Expert_feat._Adrien_Brody_TurboTax_2026_Super_Bowl_Commercial_Official_TV_Ad_45,3,40.52735137939453,45
The_Expert_feat._Adrien_Brody_TurboTax_2026_Super_Bowl_Commercial_Official_TV_Ad_45,4,43.18690490722656,45
The_Expert_feat._Adrien_Brody_TurboTax_2026_Super_Bowl_Commercial_Official_TV_Ad_45,5,41.55561065673828,45
The_Expert_feat._Adrien_Brody_TurboTax_2026_Super_Bowl_Commercial_Official_TV_Ad_45,6,39.53912353515625,45
The_Expert_feat._Adrien_Brody_TurboTax_2026_Super_Bowl_Commercial_Official_TV_Ad_45,7,38.29909133911133,45
The_Expert_feat._Adrien_Brody_TurboTax_2026_Super_Bowl_Commercial_Official_TV_Ad_45,8,36.28801727294922,45
The_Expert_feat._Adrien_Brody_TurboTax_2026_Super_Bowl_Commercial_Official_TV_Ad_45,9,37.05292510986328,45
The_Expert_feat._Adrien_Brody_TurboTax_2026_Super_Bowl_Commercial_Official_TV_Ad_45,10,34.375492095947266,45
The_Expert_feat._Adrien_Brody_TurboTax_2026_Super_Bowl_Commercial_Official_TV_Ad_45,11,39.21828842163086,45
The_Expert_feat._Adrien_Brody_TurboTax_2026_Super_Bowl_Commercial_Official_TV_Ad_45,12,42.636417388916016,45
The_Expert_feat._Adrien_Brody_TurboTax_2026_Super_Bowl_Commercial_Official_TV_Ad_45,13,50.65242004394531,45
The_Expert_feat._Adrien_Brody_TurboTax_2026_Super_Bowl_Commercial_Official_TV_Ad_45,14,55.19537353515625,45
The_Expert_feat._Adrien_Brody_TurboTax_2026_Super_Bowl_Commercial_Official_TV_Ad_45,15,58.54837417602539,45
The_Expert_feat._Adrien_Brody_TurboTax_2026_Super_Bowl_Commercial_Official_TV_Ad_45,16,59.521270751953125,45
The_Expert_feat._Adrien_Brody_TurboTax_2026_Super_Bowl_Commercial_Official_TV_Ad_45,17,58.53132629394531,45
The_Expert_feat._Adrien_Brody_TurboTax_2026_Super_Bowl_Commercial_Official_TV_Ad_45,18,57.44451141357422,45
The_Expert_feat._Adrien_Brody_TurboTax_2026_Super_Bowl_Commercial_Official_TV_Ad_45,19,58.12977600097656,45
The_Expert_feat._Adrien_Brody_TurboTax_2026_Super_Bowl_Commercial_Official_TV_Ad_45,20,53.53124237060547,45
The_Expert_feat._Adrien_Brody_TurboTax_2026_Super_Bowl_Commercial_Official_TV_Ad_45,21,50.89609146118164,45
The_Expert_feat._Adrien_Brody_TurboTax_2026_Super_Bowl_Commercial_Official_TV_Ad_45,22,54.40083312988281,45
The_Expert_feat._Adrien_Brody_TurboTax_2026_Super_Bowl_Commercial_Official_TV_Ad_45,23,48.2403678894043,45
The_Expert_feat._Adrien_Brody_TurboTax_2026_Super_Bowl_Commercial_Official_TV_Ad_45,24,44.929832458496094,45
The_Expert_feat._Adrien_Brody_TurboTax_2026_Super_Bowl_Commercial_Official_TV_Ad_45,25,43.38725280761719,45
The_Expert_feat._Adrien_Brody_TurboTax_2026_Super_Bowl_Commercial_Official_TV_Ad_45,26,40.96548080444336,45
The_Expert_feat._Adrien_Brody_TurboTax_2026_Super_Bowl_Commercial_Official_TV_Ad_45,27,35.73016357421875,45
The_Expert_feat._Adrien_Brody_TurboTax_2026_Super_Bowl_Commercial_Official_TV_Ad_45,28,29.79153060913086,45
The_Expert_feat._Adrien_Brody_TurboTax_2026_Super_Bowl_Commercial_Official_TV_Ad_45,29,26.73387908935547,45
The_Expert_feat._Adrien_Brody_TurboTax_2026_Super_Bowl_Commercial_Official_TV_Ad_45,30,25.17493438720703,45
The_Expert_feat._Adrien_Brody_TurboTax_2026_Super_Bowl_Commercial_Official_TV_Ad_45,31,24.51884651184082,45
The_Expert_feat._Adrien_Brody_TurboTax_2026_Super_Bowl_Commercial_Official_TV_Ad_45,32,23.984790802001953,45
The_Expert_feat._Adrien_Brody_TurboTax_2026_Super_Bowl_Commercial_Official_TV_Ad_45,33,23.39276123046875,45
The_Expert_feat._Adrien_Brody_TurboTax_2026_Super_Bowl_Commercial_Official_TV_Ad_45,34,22.077716827392578,45
The_Expert_feat._Adrien_Brody_TurboTax_2026_Super_Bowl_Commercial_Official_TV_Ad_45,35,22.464609146118164,45
The_Expert_feat._Adrien_Brody_TurboTax_2026_Super_Bowl_Commercial_Official_TV_Ad_45,36,30.375743865966797,45
The_Expert_feat._Adrien_Brody_TurboTax_2026_Super_Bowl_Commercial_Official_TV_Ad_45,37,39.14803695678711,45
The_Expert_feat._Adrien_Brody_TurboTax_2026_Super_Bowl_Commercial_Official_TV_Ad_45,38,41.80487823486328,45
The_Expert_feat._Adrien_Brody_TurboTax_2026_Super_Bowl_Commercial_Official_TV_Ad_45,39,43.208648681640625,45
The_Expert_feat._Adrien_Brody_TurboTax_2026_Super_Bowl_Commercial_Official_TV_Ad_45,40,39.88022994995117,45
The_Expert_feat._Adrien_Brody_TurboTax_2026_Super_Bowl_Commercial_Official_TV_Ad_45,41,41.38507080078125,45
The_Expert_feat._Adrien_Brody_TurboTax_2026_Super_Bowl_Commercial_Official_TV_Ad_45,42,48.169132232666016,45
The_Expert_feat._Adrien_Brody_TurboTax_2026_Super_Bowl_Commercial_Official_TV_Ad_45,43,54.845664978027344,45
The_Expert_feat._Adrien_Brody_TurboTax_2026_Super_Bowl_Commercial_Official_TV_Ad_45,44,59.81735610961914,45
The_Expert_feat._Adrien_Brody_TurboTax_2026_Super_Bowl_Commercial_Official_TV_Ad_45,45,100.0,45
The_Game_is_Ours,1,32.482791900634766,30
The_Game_is_Ours,2,28.96910858154297,30
The_Game_is_Ours,3,28.088956832885742,30
The_Game_is_Ours,4,30.705257415771484,30
The_Game_is_Ours,5,35.26588439941406,30
The_Game_is_Ours,6,48.053253173828125,30
The_Game_is_Ours,7,57.89169692993164,30
The_Game_is_Ours,8,69.25907897949219,30
The_Game_is_Ours,9,80.94245147705078,30
The_Game_is_Ours,10,88.08878326416016,30
The_Game_is_Ours,11,88.6228256225586,30
The_Game_is_Ours,12,90.19697570800781,30
The_Game_is_Ours,13,92.58021545410156,30
The_Game_is_Ours,14,93.78440856933594,30
The_Game_is_Ours,15,97.29669952392578,30
The_Game_is_Ours,16,91.61833190917969,30
The_Game_is_Ours,17,89.42852783203125,30
The_Game_is_Ours,18,83.40412902832031,30
The_Game_is_Ours,19,80.25933074951172,30
The_Game_is_Ours,20,78.83941650390625,30
The_Game_is_Ours,21,74.15620422363281,30
The_Game_is_Ours,22,68.02214050292969,30
The_Game_is_Ours,23,60.99150848388672,30
The_Game_is_Ours,24,54.030723571777344,30
The_Game_is_Ours,25,46.43996810913086,30
The_Game_is_Ours,26,50.61787796020508,30
The_Game_is_Ours,27,62.51314926147461,30
The_Game_is_Ours,28,74.76757049560547,30
The_Game_is_Ours,29,78.74098205566406,30
The_Game_is_Ours,30,100.0,30
Unavailable_Big_Game_Commercial_2026_Squarespace,1,31.57951545715332,30
Unavailable_Big_Game_Commercial_2026_Squarespace,2,29.096776962280273,30
Unavailable_Big_Game_Commercial_2026_Squarespace,3,29.39344596862793,30
Unavailable_Big_Game_Commercial_2026_Squarespace,4,30.16141128540039,30
Unavailable_Big_Game_Commercial_2026_Squarespace,5,33.202091217041016,30
Unavailable_Big_Game_Commercial_2026_Squarespace,6,36.18267822265625,30
Unavailable_Big_Game_Commercial_2026_Squarespace,7,39.99881362915039,30
Unavailable_Big_Game_Commercial_2026_Squarespace,8,45.2386360168457,30
Unavailable_Big_Game_Commercial_2026_Squarespace,9,49.63972854614258,30
Unavailable_Big_Game_Commercial_2026_Squarespace,10,53.817535400390625,30
Unavailable_Big_Game_Commercial_2026_Squarespace,11,55.914276123046875,30
Unavailable_Big_Game_Commercial_2026_Squarespace,12,55.44320297241211,30
Unavailable_Big_Game_Commercial_2026_Squarespace,13,53.41011428833008,30
Unavailable_Big_Game_Commercial_2026_Squarespace,14,53.086299896240234,30
Unavailable_Big_Game_Commercial_2026_Squarespace,15,53.47284698486328,30
Unavailable_Big_Game_Commercial_2026_Squarespace,16,53.10650634765625,30
Unavailable_Big_Game_Commercial_2026_Squarespace,17,55.55573654174805,30
Unavailable_Big_Game_Commercial_2026_Squarespace,18,58.16826629638672,30
Unavailable_Big_Game_Commercial_2026_Squarespace,19,58.066810607910156,30
Unavailable_Big_Game_Commercial_2026_Squarespace,20,62.87063217163086,30
Unavailable_Big_Game_Commercial_2026_Squarespace,21,63.7303581237793,30
Unavailable_Big_Game_Commercial_2026_Squarespace,22,64.27977752685547,30
Unavailable_Big_Game_Commercial_2026_Squarespace,23,64.33280181884766,30
Unavailable_Big_Game_Commercial_2026_Squarespace,24,61.86052703857422,30
Unavailable_Big_Game_Commercial_2026_Squarespace,25,59.871395111083984,30
Unavailable_Big_Game_Commercial_2026_Squarespace,26,61.513797760009766,30
Unavailable_Big_Game_Commercial_2026_Squarespace,27,66.22041320800781,30
Unavailable_Big_Game_Commercial_2026_Squarespace,28,80.90042114257812,30
Unavailable_Big_Game_Commercial_2026_Squarespace,29,86.88933563232422,30
Unavailable_Big_Game_Commercial_2026_Squarespace,30,100.0,30
Unavailable_Big_Game_Commercial_2026_Squarespace,31,96.397705078125,30
Unavailable_Big_Game_Commercial_2026_Squarespace,32,91.6637191772461,30
Unavailable_Big_Game_Commercial_2026_Squarespace,33,82.8381118774414,30
Unavailable_Big_Game_Commercial_2026_Squarespace,34,69.43850708007812,30
Unavailable_Big_Game_Commercial_2026_Squarespace,35,69.6924819946289,30
Unavailable_Big_Game_Commercial_2026_Squarespace,36,63.147796630859375,30
Unavailable_Big_Game_Commercial_2026_Squarespace,37,78.08133697509766,30
Universal_Orlando_Resort_-_Lil_Bro,1,23.42989730834961,60
Universal_Orlando_Resort_-_Lil_Bro,2,25.115039825439453,60
Universal_Orlando_Resort_-_Lil_Bro,3,33.18427658081055,60
Universal_Orlando_Resort_-_Lil_Bro,4,34.152103424072266,60
Universal_Orlando_Resort_-_Lil_Bro,5,34.367008209228516,60
Universal_Orlando_Resort_-_Lil_Bro,6,33.43373107910156,60
Universal_Orlando_Resort_-_Lil_Bro,7,34.766624450683594,60
Universal_Orlando_Resort_-_Lil_Bro,8,37.3108024597168,60
Universal_Orlando_Resort_-_Lil_Bro,9,38.47523880004883,60
Universal_Orlando_Resort_-_Lil_Bro,10,46.17042922973633,60
Universal_Orlando_Resort_-_Lil_Bro,11,53.06001281738281,60
Universal_Orlando_Resort_-_Lil_Bro,12,55.27977752685547,60
Universal_Orlando_Resort_-_Lil_Bro,13,55.762393951416016,60
Universal_Orlando_Resort_-_Lil_Bro,14,65.03433227539062,60
Universal_Orlando_Resort_-_Lil_Bro,15,72.21745300292969,60
Universal_Orlando_Resort_-_Lil_Bro,16,69.97187042236328,60
Universal_Orlando_Resort_-_Lil_Bro,17,65.52391052246094,60
Universal_Orlando_Resort_-_Lil_Bro,18,59.177757263183594,60
Universal_Orlando_Resort_-_Lil_Bro,19,57.90251541137695,60
Universal_Orlando_Resort_-_Lil_Bro,20,58.99958801269531,60
Universal_Orlando_Resort_-_Lil_Bro,21,63.224266052246094,60
Universal_Orlando_Resort_-_Lil_Bro,22,65.7767333984375,60
Universal_Orlando_Resort_-_Lil_Bro,23,62.427425384521484,60
Universal_Orlando_Resort_-_Lil_Bro,24,60.511512756347656,60
Universal_Orlando_Resort_-_Lil_Bro,25,61.15000915527344,60
Universal_Orlando_Resort_-_Lil_Bro,26,63.783634185791016,60
Universal_Orlando_Resort_-_Lil_Bro,27,68.97021484375,60
Universal_Orlando_Resort_-_Lil_Bro,28,71.86771392822266,60
Universal_Orlando_Resort_-_Lil_Bro,29,73.54571533203125,60
Universal_Orlando_Resort_-_Lil_Bro,30,75.77043914794922,60
Universal_Orlando_Resort_-_Lil_Bro,31,74.28849029541016,60
Universal_Orlando_Resort_-_Lil_Bro,32,64.47917938232422,60
Universal_Orlando_Resort_-_Lil_Bro,33,62.10957717895508,60
Universal_Orlando_Resort_-_Lil_Bro,34,52.8159065246582,60
Universal_Orlando_Resort_-_Lil_Bro,35,50.45741271972656,60
Universal_Orlando_Resort_-_Lil_Bro,36,48.85126495361328,60
Universal_Orlando_Resort_-_Lil_Bro,37,44.135223388671875,60
Universal_Orlando_Resort_-_Lil_Bro,38,41.672428131103516,60
Universal_Orlando_Resort_-_Lil_Bro,39,39.708187103271484,60
Universal_Orlando_Resort_-_Lil_Bro,40,35.848670959472656,60
Universal_Orlando_Resort_-_Lil_Bro,41,29.667997360229492,60
Universal_Orlando_Resort_-_Lil_Bro,42,28.839052200317383,60
Universal_Orlando_Resort_-_Lil_Bro,43,28.634679794311523,60
Universal_Orlando_Resort_-_Lil_Bro,44,29.859363555908203,60
Universal_Orlando_Resort_-_Lil_Bro,45,35.25489807128906,60
Universal_Orlando_Resort_-_Lil_Bro,46,43.30522537231445,60
Universal_Orlando_Resort_-_Lil_Bro,47,48.022552490234375,60
Universal_Orlando_Resort_-_Lil_Bro,48,49.61205291748047,60
Universal_Orlando_Resort_-_Lil_Bro,49,47.00251388549805,60
Universal_Orlando_Resort_-_Lil_Bro,50,47.42140197753906,60
Universal_Orlando_Resort_-_Lil_Bro,51,41.29133987426758,60
Universal_Orlando_Resort_-_Lil_Bro,52,38.87495422363281,60
Universal_Orlando_Resort_-_Lil_Bro,53,35.484500885009766,60
Universal_Orlando_Resort_-_Lil_Bro,54,39.973724365234375,60
Universal_Orlando_Resort_-_Lil_Bro,55,41.078330993652344,60
Universal_Orlando_Resort_-_Lil_Bro,56,42.02301025390625,60
Universal_Orlando_Resort_-_Lil_Bro,57,47.75456237792969,60
Universal_Orlando_Resort_-_Lil_Bro,58,68.17086029052734,60
Universal_Orlando_Resort_-_Lil_Bro,59,71.97010040283203,60
Universal_Orlando_Resort_-_Lil_Bro,60,100.0,60
VW_대대적인_초대_운전자를_모집합니다._빅_게임_스팟,1,44.27571105957031,14
VW_대대적인_초대_운전자를_모집합니다._빅_게임_스팟,2,45.920135498046875,14
VW_대대적인_초대_운전자를_모집합니다._빅_게임_스팟,3,50.39934539794922,14
VW_대대적인_초대_운전자를_모집합니다._빅_게임_스팟,4,55.6968994140625,14
VW_대대적인_초대_운전자를_모집합니다._빅_게임_스팟,5,56.72835159301758,14
VW_대대적인_초대_운전자를_모집합니다._빅_게임_스팟,6,60.554237365722656,14
VW_대대적인_초대_운전자를_모집합니다._빅_게임_스팟,7,65.58992767333984,14
VW_대대적인_초대_운전자를_모집합니다._빅_게임_스팟,8,68.61598205566406,14
VW_대대적인_초대_운전자를_모집합니다._빅_게임_스팟,9,77.3116683959961,14
VW_대대적인_초대_운전자를_모집합니다._빅_게임_스팟,10,82.05722045898438,14
VW_대대적인_초대_운전자를_모집합니다._빅_게임_스팟,11,88.11355590820312,14
VW_대대적인_초대_운전자를_모집합니다._빅_게임_스팟,12,93.1080551147461,14
VW_대대적인_초대_운전자를_모집합니다._빅_게임_스팟,13,93.4286880493164,14
VW_대대적인_초대_운전자를_모집합니다._빅_게임_스팟,14,100.0,14
VW_대대적인_초대_운전자를_모집합니다._빅_게임_스팟,15,99.53733825683594,14
VW_대대적인_초대_운전자를_모집합니다._빅_게임_스팟,16,91.32714080810547,14
VW_대대적인_초대_운전자를_모집합니다._빅_게임_스팟,17,87.04090118408203,14
VW_대대적인_초대_운전자를_모집합니다._빅_게임_스팟,18,78.70591735839844,14
VW_대대적인_초대_운전자를_모집합니다._빅_게임_스팟,19,78.09786224365234,14
VW_대대적인_초대_운전자를_모집합니다._빅_게임_스팟,20,79.63495635986328,14
VW_대대적인_초대_운전자를_모집합니다._빅_게임_스팟,21,77.32478332519531,14
VW_대대적인_초대_운전자를_모집합니다._빅_게임_스팟,22,85.34261322021484,14
VW_대대적인_초대_운전자를_모집합니다._빅_게임_스팟,23,87.52262115478516,14
VW_대대적인_초대_운전자를_모집합니다._빅_게임_스팟,24,81.7654037475586,14
VW_대대적인_초대_운전자를_모집합니다._빅_게임_스팟,25,78.74056243896484,14
VW_대대적인_초대_운전자를_모집합니다._빅_게임_스팟,26,75.90105438232422,14
VW_대대적인_초대_운전자를_모집합니다._빅_게임_스팟,27,69.0198745727539,14
VW_대대적인_초대_운전자를_모집합니다._빅_게임_스팟,28,62.29242706298828,14
VW_대대적인_초대_운전자를_모집합니다._빅_게임_스팟,29,63.365631103515625,14
VW_대대적인_초대_운전자를_모집합니다._빅_게임_스팟,30,90.26016235351562,14
Where_Dreams_Began_Toyota_X_NFL,1,44.389434814453125,30
Where_Dreams_Began_Toyota_X_NFL,2,37.70438766479492,30
Where_Dreams_Began_Toyota_X_NFL,3,43.24575424194336,30
Where_Dreams_Began_Toyota_X_NFL,4,43.7349739074707,30
Where_Dreams_Began_Toyota_X_NFL,5,47.453372955322266,30
Where_Dreams_Began_Toyota_X_NFL,6,50.472469329833984,30
Where_Dreams_Began_Toyota_X_NFL,7,51.485599517822266,30
Where_Dreams_Began_Toyota_X_NFL,8,52.192378997802734,30
Where_Dreams_Began_Toyota_X_NFL,9,54.28392791748047,30
Where_Dreams_Began_Toyota_X_NFL,10,56.01485824584961,30
Where_Dreams_Began_Toyota_X_NFL,11,53.77651596069336,30
Where_Dreams_Began_Toyota_X_NFL,12,52.53661346435547,30
Where_Dreams_Began_Toyota_X_NFL,13,51.47837829589844,30
Where_Dreams_Began_Toyota_X_NFL,14,48.05073928833008,30
Where_Dreams_Began_Toyota_X_NFL,15,48.32635498046875,30
Where_Dreams_Began_Toyota_X_NFL,16,45.90605926513672,30
Where_Dreams_Began_Toyota_X_NFL,17,44.87945556640625,30
Where_Dreams_Began_Toyota_X_NFL,18,49.95818328857422,30
Where_Dreams_Began_Toyota_X_NFL,19,55.11212921142578,30
Where_Dreams_Began_Toyota_X_NFL,20,53.83647537231445,30
Where_Dreams_Began_Toyota_X_NFL,21,57.6883544921875,30
Where_Dreams_Began_Toyota_X_NFL,22,53.7489013671875,30
Where_Dreams_Began_Toyota_X_NFL,23,55.722808837890625,30
Where_Dreams_Began_Toyota_X_NFL,24,50.08401870727539,30
Where_Dreams_Began_Toyota_X_NFL,25,48.58482360839844,30
Where_Dreams_Began_Toyota_X_NFL,26,56.44682693481445,30
Where_Dreams_Began_Toyota_X_NFL,27,57.144439697265625,30
Where_Dreams_Began_Toyota_X_NFL,28,61.85240936279297,30
Where_Dreams_Began_Toyota_X_NFL,29,61.97196960449219,30
Where_Dreams_Began_Toyota_X_NFL,30,100.0,30
Wix_Harmony_Big_Game_Commercial_2026_The_New_Way_to_Create,1,55.98307800292969,30
Wix_Harmony_Big_Game_Commercial_2026_The_New_Way_to_Create,2,63.8526725769043,30
Wix_Harmony_Big_Game_Commercial_2026_The_New_Way_to_Create,3,65.21070861816406,30
Wix_Harmony_Big_Game_Commercial_2026_The_New_Way_to_Create,4,72.58073425292969,30
Wix_Harmony_Big_Game_Commercial_2026_The_New_Way_to_Create,5,75.84028625488281,30
Wix_Harmony_Big_Game_Commercial_2026_The_New_Way_to_Create,6,76.3345718383789,30
Wix_Harmony_Big_Game_Commercial_2026_The_New_Way_to_Create,7,73.10721588134766,30
Wix_Harmony_Big_Game_Commercial_2026_The_New_Way_to_Create,8,77.99079132080078,30
Wix_Harmony_Big_Game_Commercial_2026_The_New_Way_to_Create,9,73.23365783691406,30
Wix_Harmony_Big_Game_Commercial_2026_The_New_Way_to_Create,10,66.57975769042969,30
Wix_Harmony_Big_Game_Commercial_2026_The_New_Way_to_Create,11,69.3790283203125,30
Wix_Harmony_Big_Game_Commercial_2026_The_New_Way_to_Create,12,71.48310852050781,30
Wix_Harmony_Big_Game_Commercial_2026_The_New_Way_to_Create,13,78.54711151123047,30
Wix_Harmony_Big_Game_Commercial_2026_The_New_Way_to_Create,14,82.03726196289062,30
Wix_Harmony_Big_Game_Commercial_2026_The_New_Way_to_Create,15,83.33317565917969,30
Wix_Harmony_Big_Game_Commercial_2026_The_New_Way_to_Create,16,81.06430053710938,30
Wix_Harmony_Big_Game_Commercial_2026_The_New_Way_to_Create,17,73.15386199951172,30
Wix_Harmony_Big_Game_Commercial_2026_The_New_Way_to_Create,18,64.23435974121094,30
Wix_Harmony_Big_Game_Commercial_2026_The_New_Way_to_Create,19,61.709381103515625,30
Wix_Harmony_Big_Game_Commercial_2026_The_New_Way_to_Create,20,60.909908294677734,30
Wix_Harmony_Big_Game_Commercial_2026_The_New_Way_to_Create,21,65.36514282226562,30
Wix_Harmony_Big_Game_Commercial_2026_The_New_Way_to_Create,22,62.999446868896484,30
Wix_Harmony_Big_Game_Commercial_2026_The_New_Way_to_Create,23,63.39312744140625,30
Wix_Harmony_Big_Game_Commercial_2026_The_New_Way_to_Create,24,55.11570739746094,30
Wix_Harmony_Big_Game_Commercial_2026_The_New_Way_to_Create,25,51.847618103027344,30
Wix_Harmony_Big_Game_Commercial_2026_The_New_Way_to_Create,26,51.868080139160156,30
Wix_Harmony_Big_Game_Commercial_2026_The_New_Way_to_Create,27,52.18899917602539,30
Wix_Harmony_Big_Game_Commercial_2026_The_New_Way_to_Create,28,41.313838958740234,30
Wix_Harmony_Big_Game_Commercial_2026_The_New_Way_to_Create,29,45.191036224365234,30
Wix_Harmony_Big_Game_Commercial_2026_The_New_Way_to_Create,30,100.0,30
YES_BUENO_2026,1,65.56031036376953,30
YES_BUENO_2026,2,61.58699417114258,30
YES_BUENO_2026,3,64.2951889038086,30
YES_BUENO_2026,4,58.997596740722656,30
YES_BUENO_2026,5,60.3790168762207,30
YES_BUENO_2026,6,54.14896774291992,30
YES_BUENO_2026,7,47.48350524902344,30
YES_BUENO_2026,8,44.54742431640625,30
YES_BUENO_2026,9,42.2779541015625,30
YES_BUENO_2026,10,42.80331039428711,30
YES_BUENO_2026,11,43.15205383300781,30
YES_BUENO_2026,12,46.53705978393555,30
YES_BUENO_2026,13,50.10142517089844,30
YES_BUENO_2026,14,53.60273742675781,30
YES_BUENO_2026,15,59.632022857666016,30
YES_BUENO_2026,16,59.85662841796875,30
YES_BUENO_2026,17,64.37602996826172,30
YES_BUENO_2026,18,69.97364807128906,30
YES_BUENO_2026,19,73.9336166381836,30
YES_BUENO_2026,20,72.55551147460938,30
YES_BUENO_2026,21,65.5186996459961,30
YES_BUENO_2026,22,58.74714279174805,30
YES_BUENO_2026,23,54.4412956237793,30
YES_BUENO_2026,24,50.25080490112305,30
YES_BUENO_2026,25,53.893978118896484,30
YES_BUENO_2026,26,54.642051696777344,30
YES_BUENO_2026,27,53.51747131347656,30
YES_BUENO_2026,28,54.85751724243164,30
YES_BUENO_2026,29,59.5047607421875,30
YES_BUENO_2026,30,100.0,30
boshi,1,30.733600616455078,30
boshi,2,35.48414993286133,30
boshi,3,40.5800895690918,30
boshi,4,43.09542465209961,30
boshi,5,46.92890167236328,30
boshi,6,57.89644241333008,30
boshi,7,70.90485382080078,30
boshi,8,74.93197631835938,30
boshi,9,75.81002044677734,30
boshi,10,72.80985260009766,30
boshi,11,69.45685577392578,30
boshi,12,71.3565673828125,30
boshi,13,75.31383514404297,30
boshi,14,75.28498840332031,30
boshi,15,83.4276351928711,30
boshi,16,84.7257308959961,30
boshi,17,84.62885284423828,30
boshi,18,84.63045501708984,30
boshi,19,84.83745574951172,30
boshi,20,77.93523406982422,30
boshi,21,71.9202651977539,30
boshi,22,64.14491271972656,30
boshi,23,59.807334899902344,30
boshi,24,54.74060821533203,30
boshi,25,56.200035095214844,30
boshi,26,57.113033294677734,30
boshi,27,53.14611053466797,30
boshi,28,54.901458740234375,30
boshi,29,63.38136672973633,30
boshi,30,100.0,30
hellmans,1,59.93708419799805,20
hellmans,2,51.52248764038086,20
hellmans,3,51.55177688598633,20
hellmans,4,51.63406753540039,20
hellmans,5,50.80743408203125,20
hellmans,6,54.22789001464844,20
hellmans,7,57.091224670410156,20
hellmans,8,58.323486328125,20
hellmans,9,56.29448699951172,20
hellmans,10,62.280006408691406,20
hellmans,11,70.607666015625,20
hellmans,12,78.6640853881836,20
hellmans,13,83.8863296508789,20
hellmans,14,89.5788345336914,20
hellmans,15,92.73863983154297,20
hellmans,16,93.19246673583984,20
hellmans,17,91.99987030029297,20
hellmans,18,93.11286163330078,20
hellmans,19,94.89688110351562,20
hellmans,20,100.0,20
hellmans,21,95.321044921875,20
hellmans,22,86.61640930175781,20
hellmans,23,82.48765563964844,20
hellmans,24,81.15201568603516,20
hellmans,25,72.22610473632812,20
hellmans,26,63.18048858642578,20
hellmans,27,56.75466537475586,20
hellmans,28,47.56074905395508,20
hellmans,29,43.09611892700195,20
hellmans,30,57.346405029296875,20
poppi_Super_Bowl_LX_Commercial_poppi,1,30.33177947998047,20
poppi_Super_Bowl_LX_Commercial_poppi,2,35.137691497802734,20
poppi_Super_Bowl_LX_Commercial_poppi,3,51.24833679199219,20
poppi_Super_Bowl_LX_Commercial_poppi,4,65.75261688232422,20
poppi_Super_Bowl_LX_Commercial_poppi,5,73.5148696899414,20
poppi_Super_Bowl_LX_Commercial_poppi,6,82.89338684082031,20
poppi_Super_Bowl_LX_Commercial_poppi,7,84.78021240234375,20
poppi_Super_Bowl_LX_Commercial_poppi,8,81.53459167480469,20
poppi_Super_Bowl_LX_Commercial_poppi,9,80.2705078125,20
poppi_Super_Bowl_LX_Commercial_poppi,10,73.57450866699219,20
poppi_Super_Bowl_LX_Commercial_poppi,11,68.77813720703125,20
poppi_Super_Bowl_LX_Commercial_poppi,12,73.57129669189453,20
poppi_Super_Bowl_LX_Commercial_poppi,13,73.23323822021484,20
poppi_Super_Bowl_LX_Commercial_poppi,14,73.7623062133789,20
poppi_Super_Bowl_LX_Commercial_poppi,15,74.94125366210938,20
poppi_Super_Bowl_LX_Commercial_poppi,16,77.62753295898438,20
poppi_Super_Bowl_LX_Commercial_poppi,17,86.01222229003906,20
poppi_Super_Bowl_LX_Commercial_poppi,18,95.56060791015625,20
poppi_Super_Bowl_LX_Commercial_poppi,19,98.59895324707031,20
poppi_Super_Bowl_LX_Commercial_poppi,20,100.0,20
poppi_Super_Bowl_LX_Commercial_poppi,21,97.79255676269531,20
poppi_Super_Bowl_LX_Commercial_poppi,22,95.12273406982422,20
poppi_Super_Bowl_LX_Commercial_poppi,23,92.37068939208984,20
poppi_Super_Bowl_LX_Commercial_poppi,24,80.70610046386719,20
poppi_Super_Bowl_LX_Commercial_poppi,25,68.87786102294922,20
poppi_Super_Bowl_LX_Commercial_poppi,26,63.486595153808594,20
poppi_Super_Bowl_LX_Commercial_poppi,27,59.012001037597656,20
poppi_Super_Bowl_LX_Commercial_poppi,28,56.49355697631836,20
poppi_Super_Bowl_LX_Commercial_poppi,29,52.371299743652344,20
poppi_Super_Bowl_LX_Commercial_poppi,30,60.07389831542969,20
기도에_의존하며_사는_것을_멈춰라_60_스테이트팜_광고,1,33.03848648071289,21
기도에_의존하며_사는_것을_멈춰라_60_스테이트팜_광고,2,38.177711486816406,21
기도에_의존하며_사는_것을_멈춰라_60_스테이트팜_광고,3,44.239356994628906,21
기도에_의존하며_사는_것을_멈춰라_60_스테이트팜_광고,4,47.208003997802734,21
기도에_의존하며_사는_것을_멈춰라_60_스테이트팜_광고,5,58.07958221435547,21
기도에_의존하며_사는_것을_멈춰라_60_스테이트팜_광고,6,65.60291290283203,21
기도에_의존하며_사는_것을_멈춰라_60_스테이트팜_광고,7,68.98380279541016,21
기도에_의존하며_사는_것을_멈춰라_60_스테이트팜_광고,8,72.39262390136719,21
기도에_의존하며_사는_것을_멈춰라_60_스테이트팜_광고,9,75.95472717285156,21
기도에_의존하며_사는_것을_멈춰라_60_스테이트팜_광고,10,77.57678985595703,21
기도에_의존하며_사는_것을_멈춰라_60_스테이트팜_광고,11,79.33483123779297,21
기도에_의존하며_사는_것을_멈춰라_60_스테이트팜_광고,12,81.4396743774414,21
기도에_의존하며_사는_것을_멈춰라_60_스테이트팜_광고,13,84.19151306152344,21
기도에_의존하며_사는_것을_멈춰라_60_스테이트팜_광고,14,84.114990234375,21
기도에_의존하며_사는_것을_멈춰라_60_스테이트팜_광고,15,89.97412109375,21
기도에_의존하며_사는_것을_멈춰라_60_스테이트팜_광고,16,90.02477264404297,21
기도에_의존하며_사는_것을_멈춰라_60_스테이트팜_광고,17,91.7434310913086,21
기도에_의존하며_사는_것을_멈춰라_60_스테이트팜_광고,18,97.76678466796875,21
기도에_의존하며_사는_것을_멈춰라_60_스테이트팜_광고,19,99.1392593383789,21
기도에_의존하며_사는_것을_멈춰라_60_스테이트팜_광고,20,98.07707977294922,21
기도에_의존하며_사는_것을_멈춰라_60_스테이트팜_광고,21,100.0,21
기도에_의존하며_사는_것을_멈춰라_60_스테이트팜_광고,22,97.7497787475586,21
기도에_의존하며_사는_것을_멈춰라_60_스테이트팜_광고,23,95.00090026855469,21
기도에_의존하며_사는_것을_멈춰라_60_스테이트팜_광고,24,86.15161895751953,21
기도에_의존하며_사는_것을_멈춰라_60_스테이트팜_광고,25,84.16842651367188,21
기도에_의존하며_사는_것을_멈춰라_60_스테이트팜_광고,26,69.7175521850586,21
기도에_의존하며_사는_것을_멈춰라_60_스테이트팜_광고,27,60.88733673095703,21
기도에_의존하며_사는_것을_멈춰라_60_스테이트팜_광고,28,56.08491897583008,21
기도에_의존하며_사는_것을_멈춰라_60_스테이트팜_광고,29,50.90268325805664,21
기도에_의존하며_사는_것을_멈춰라_60_스테이트팜_광고,30,51.95940017700195,21
기도에_의존하며_사는_것을_멈춰라_60_스테이트팜_광고,31,47.0352783203125,21
기도에_의존하며_사는_것을_멈춰라_60_스테이트팜_광고,32,45.723812103271484,21
기도에_의존하며_사는_것을_멈춰라_60_스테이트팜_광고,33,51.99989700317383,21
기도에_의존하며_사는_것을_멈춰라_60_스테이트팜_광고,34,59.2977294921875,21
기도에_의존하며_사는_것을_멈춰라_60_스테이트팜_광고,35,66.38995361328125,21
기도에_의존하며_사는_것을_멈춰라_60_스테이트팜_광고,36,71.10929107666016,21
기도에_의존하며_사는_것을_멈춰라_60_스테이트팜_광고,37,64.11306762695312,21
기도에_의존하며_사는_것을_멈춰라_60_스테이트팜_광고,38,65.51580047607422,21
기도에_의존하며_사는_것을_멈춰라_60_스테이트팜_광고,39,66.85887908935547,21
기도에_의존하며_사는_것을_멈춰라_60_스테이트팜_광고,40,64.20721435546875,21
기도에_의존하며_사는_것을_멈춰라_60_스테이트팜_광고,41,52.555931091308594,21
기도에_의존하며_사는_것을_멈춰라_60_스테이트팜_광고,42,30.860244750976562,21
기도에_의존하며_사는_것을_멈춰라_60_스테이트팜_광고,43,29.419422149658203,21
기도에_의존하며_사는_것을_멈춰라_60_스테이트팜_광고,44,22.769441604614258,21
기도에_의존하며_사는_것을_멈춰라_60_스테이트팜_광고,45,24.11575698852539,21
기도에_의존하며_사는_것을_멈춰라_60_스테이트팜_광고,46,24.0211238861084,21
기도에_의존하며_사는_것을_멈춰라_60_스테이트팜_광고,47,22.36958122253418,21
기도에_의존하며_사는_것을_멈춰라_60_스테이트팜_광고,48,25.267738342285156,21
기도에_의존하며_사는_것을_멈춰라_60_스테이트팜_광고,49,26.753446578979492,21
기도에_의존하며_사는_것을_멈춰라_60_스테이트팜_광고,50,33.45820617675781,21
기도에_의존하며_사는_것을_멈춰라_60_스테이트팜_광고,51,36.115291595458984,21
기도에_의존하며_사는_것을_멈춰라_60_스테이트팜_광고,52,34.01860046386719,21
기도에_의존하며_사는_것을_멈춰라_60_스테이트팜_광고,53,32.60615158081055,21
기도에_의존하며_사는_것을_멈춰라_60_스테이트팜_광고,54,28.518024444580078,21
기도에_의존하며_사는_것을_멈춰라_60_스테이트팜_광고,55,29.52838897705078,21
기도에_의존하며_사는_것을_멈춰라_60_스테이트팜_광고,56,36.149658203125,21
기도에_의존하며_사는_것을_멈춰라_60_스테이트팜_광고,57,39.29005432128906,21
기도에_의존하며_사는_것을_멈춰라_60_스테이트팜_광고,58,46.14799499511719,21
기도에_의존하며_사는_것을_멈춰라_60_스테이트팜_광고,59,60.717987060546875,21
기도에_의존하며_사는_것을_멈춰라_60_스테이트팜_광고,60,97.0040283203125,21
임무_SOS_신호_감지,1,50.363887786865234,30
임무_SOS_신호_감지,2,54.7213249206543,30
임무_SOS_신호_감지,3,56.48310089111328,30
임무_SOS_신호_감지,4,60.10211181640625,30
임무_SOS_신호_감지,5,58.42848587036133,30
임무_SOS_신호_감지,6,60.7818603515625,30
임무_SOS_신호_감지,7,60.756248474121094,30
임무_SOS_신호_감지,8,59.29831314086914,30
임무_SOS_신호_감지,9,60.11863327026367,30
임무_SOS_신호_감지,10,62.96479034423828,30
임무_SOS_신호_감지,11,64.15928649902344,30
임무_SOS_신호_감지,12,59.98530578613281,30
임무_SOS_신호_감지,13,58.012752532958984,30
임무_SOS_신호_감지,14,56.377166748046875,30
임무_SOS_신호_감지,15,59.42721939086914,30
임무_SOS_신호_감지,16,56.23410415649414,30
임무_SOS_신호_감지,17,54.82063293457031,30
임무_SOS_신호_감지,18,47.85732650756836,30
임무_SOS_신호_감지,19,41.53336715698242,30
임무_SOS_신호_감지,20,43.16759490966797,30
임무_SOS_신호_감지,21,43.30073928833008,30
임무_SOS_신호_감지,22,42.53557586669922,30
임무_SOS_신호_감지,23,45.28126907348633,30
임무_SOS_신호_감지,24,45.86122512817383,30
임무_SOS_신호_감지,25,44.05461502075195,30
임무_SOS_신호_감지,26,43.005794525146484,30
임무_SOS_신호_감지,27,45.34626770019531,30
임무_SOS_신호_감지,28,55.43134307861328,30
임무_SOS_신호_감지,29,60.394264221191406,30
임무_SOS_신호_감지,30,100.0,30
