ad,source,region,n_vertices,mean_response,max_response,min_response,positive_vertex_fraction
Budweiser_Super_Bowl_LX_Commercial_American_Icons_20260429_061035,ad_mean,L Sulcus collat transv post,21,0.3178574740886688,0.3757894039154053,0.17203576862812042,1.0
Budweiser_Super_Bowl_LX_Commercial_American_Icons_20260429_061035,ad_mean,R Sulcus collat transv post,25,0.29302752017974854,0.37476807832717896,0.1455354243516922,1.0
Budweiser_Super_Bowl_LX_Commercial_American_Icons_20260429_061035,ad_mean,L Sulcus oc sup and transversal,78,0.2775547206401825,0.385405570268631,0.10234006494283676,1.0
Budweiser_Super_Bowl_LX_Commercial_American_Icons_20260429_061035,ad_mean,R Sulcus oc middle and Lunatus,51,0.2754458487033844,0.39360111951828003,0.17500755190849304,1.0
Budweiser_Super_Bowl_LX_Commercial_American_Icons_20260429_061035,ad_mean,R Sulcus oc sup and transversal,94,0.27218422293663025,0.3741246461868286,0.04129873588681221,1.0
Budweiser_Super_Bowl_LX_Commercial_American_Icons_20260429_061035,ad_mean,L Sulcus oc middle and Lunatus,61,0.26229384541511536,0.3744097054004669,0.10286569595336914,1.0
Budweiser_Super_Bowl_LX_Commercial_American_Icons_20260429_061035,ad_mean,R Sulcus oc-temp med and Lingual,132,0.2599330544471741,0.4403519630432129,0.07669668644666672,1.0
Budweiser_Super_Bowl_LX_Commercial_American_Icons_20260429_061035,ad_mean,L Sulcus oc-temp med and Lingual,148,0.22988572716712952,0.45149773359298706,0.014173578470945358,1.0
Budweiser_Super_Bowl_LX_Commercial_American_Icons_20260429_061035,ad_mean,R Gyrus occipital middle,129,0.214638814330101,0.3835294842720032,0.01410421822220087,1.0
Budweiser_Super_Bowl_LX_Commercial_American_Icons_20260429_061035,ad_mean,L Gyrus occipital middle,130,0.21287935972213745,0.40163859724998474,0.07444623857736588,1.0
Budweiser_Super_Bowl_LX_Commercial_American_Icons_20260429_061035,ad_mean,R Gyrus occipital sup,102,0.20563776791095734,0.37890443205833435,-0.06204201281070709,0.9803921568627451
Budweiser_Super_Bowl_LX_Commercial_American_Icons_20260429_061035,ad_mean,R Gyrus oc-temp lat-fusifor,107,0.20267443358898163,0.34792959690093994,-0.007805537898093462,0.9906542056074766
Budweiser_Super_Bowl_LX_Commercial_American_Icons_20260429_061035,ad_mean,L Gyrus and Sulcus occipital inf,80,0.18620800971984863,0.3755013644695282,-0.00802664179354906,0.9875
Budweiser_Super_Bowl_LX_Commercial_American_Icons_20260429_061035,ad_mean,L Pole occipital,128,0.1827741265296936,0.3441128432750702,-0.033573657274246216,0.96875
Budweiser_Super_Bowl_LX_Commercial_American_Icons_20260429_061035,ad_mean,L Sulcus occipital ant,52,0.17932197451591492,0.31050825119018555,0.09589239209890366,1.0
Budweiser_Super_Bowl_LX_Commercial_American_Icons_20260429_061035,ad_mean,L Gyrus oc-temp lat-fusifor,105,0.1775190383195877,0.41609904170036316,-0.007755259983241558,0.9809523809523809
Budweiser_Super_Bowl_LX_Commercial_American_Icons_20260429_061035,ad_mean,R Pole occipital,173,0.1706988364458084,0.3375174403190613,-0.05454230681061745,0.9826589595375722
Budweiser_Super_Bowl_LX_Commercial_American_Icons_20260429_061035,ad_mean,R Sulcus precentral-sup-part,122,0.14880892634391785,0.25781795382499695,0.019680596888065338,1.0
Budweiser_Super_Bowl_LX_Commercial_American_Icons_20260429_061035,ad_mean,L Gyrus occipital sup,85,0.1474553495645523,0.372873991727829,-0.0028354262467473745,0.9764705882352941
Budweiser_Super_Bowl_LX_Commercial_American_Icons_20260429_061035,ad_mean,R Gyrus and Sulcus occipital inf,87,0.14677947759628296,0.3295424282550812,-0.06405927240848541,0.9540229885057471
Budweiser_Super_Bowl_LX_Commercial_American_Icons_20260429_061035,ad_mean,R Sulcus front inf,147,0.1447770595550537,0.29637768864631653,-0.048395220190286636,0.9455782312925171
Budweiser_Super_Bowl_LX_Commercial_American_Icons_20260429_061035,ad_mean,L Sulcus temporal transverse,35,0.14018367230892181,0.2058751881122589,0.08277449011802673,1.0
Budweiser_Super_Bowl_LX_Commercial_American_Icons_20260429_061035,ad_mean,R Gyrus parietal sup,209,0.13795965909957886,0.3343754708766937,-0.05347127839922905,0.9617224880382775
Budweiser_Super_Bowl_LX_Commercial_American_Icons_20260429_061035,ad_mean,R Gyrus temp sup-Plan tempo,64,0.13561472296714783,0.23948229849338531,0.04726916551589966,1.0
Budweiser_Super_Bowl_LX_Commercial_American_Icons_20260429_061035,ad_mean,L Gyrus parietal sup,263,0.13399507105350494,0.30940937995910645,-0.04701106995344162,0.973384030418251
Budweiser_Super_Bowl_LX_Commercial_American_Icons_20260429_061035,ad_mean,L Sulcus intrapariet and P trans,277,0.13336139917373657,0.33856239914894104,-0.044693537056446075,0.927797833935018
Budweiser_Super_Bowl_LX_Commercial_American_Icons_20260429_061035,ad_mean,R Sulcus intrapariet and P trans,269,0.1325329691171646,0.3169271647930145,-0.037905920296907425,0.9702602230483272
Budweiser_Super_Bowl_LX_Commercial_American_Icons_20260429_061035,ad_mean,R Sulcus precentral-inf-part,117,0.13156358897686005,0.2929120361804962,0.010675160214304924,1.0
Budweiser_Super_Bowl_LX_Commercial_American_Icons_20260429_061035,ad_mean,L Lat Fis-post,128,0.1262831687927246,0.3155628442764282,-0.0067530409432947636,0.9765625
Budweiser_Super_Bowl_LX_Commercial_American_Icons_20260429_061035,ad_mean,R Sulcus temporal transverse,25,0.12614789605140686,0.19231776893138885,0.06456203758716583,1.0
Budweiser_Super_Bowl_LX_Commercial_American_Icons_20260429_061035,ad_mean,R Sulcus oc-temp lat,59,0.12571123242378235,0.2533651888370514,-0.06000309810042381,0.847457627118644
Budweiser_Super_Bowl_LX_Commercial_American_Icons_20260429_061035,ad_mean,L Sulcus precentral-sup-part,114,0.11721797287464142,0.27513760328292847,-0.00890570878982544,0.9912280701754386
Budweiser_Super_Bowl_LX_Commercial_American_Icons_20260429_061035,ad_mean,L Sulcus oc-temp lat,54,0.11679425090551376,0.29111599922180176,-0.06594764441251755,0.9074074074074074
Budweiser_Super_Bowl_LX_Commercial_American_Icons_20260429_061035,ad_mean,R Sulcus occipital ant,38,0.1141248345375061,0.1998206079006195,-0.058624040335416794,0.9473684210526315
Budweiser_Super_Bowl_LX_Commercial_American_Icons_20260429_061035,ad_mean,L Gyrus oc-temp med-Lingual,151,0.10342523455619812,0.3416520059108734,-0.009706581942737103,0.9735099337748344
Budweiser_Super_Bowl_LX_Commercial_American_Icons_20260429_061035,ad_mean,L Sulcus front inf,136,0.10274286568164825,0.2203565388917923,-0.009129805490374565,0.9926470588235294
Budweiser_Super_Bowl_LX_Commercial_American_Icons_20260429_061035,ad_mean,R Sulcus postcentral,261,0.09667591750621796,0.21720942854881287,-0.05073968321084976,0.946360153256705
Budweiser_Super_Bowl_LX_Commercial_American_Icons_20260429_061035,ad_mean,L Gyrus temp sup-Plan tempo,92,0.09535877406597137,0.2169833779335022,-0.04506126791238785,0.9347826086956522
Budweiser_Super_Bowl_LX_Commercial_American_Icons_20260429_061035,ad_mean,R Sulcus circular insula inf,142,0.09494484961032867,0.3338128328323364,-0.05036333203315735,0.9366197183098591
Budweiser_Super_Bowl_LX_Commercial_American_Icons_20260429_061035,ad_mean,R Gyrus and Sulcus paracentral,141,0.0935562252998352,0.1768828183412552,-0.03578154370188713,0.950354609929078
Budweiser_Super_Bowl_LX_Commercial_American_Icons_20260429_061035,ad_mean,R Sulcus front sup,175,0.09270333498716354,0.2406824231147766,-0.015874935314059258,0.9828571428571429
Budweiser_Super_Bowl_LX_Commercial_American_Icons_20260429_061035,ad_mean,R Gyrus oc-temp med-Lingual,138,0.09251224994659424,0.25430554151535034,-0.040585242211818695,0.9492753623188406
Budweiser_Super_Bowl_LX_Commercial_American_Icons_20260429_061035,ad_mean,R Gyrus temp sup-G T transv,35,0.0917392298579216,0.22376325726509094,-0.008901183493435383,0.9714285714285714
Budweiser_Super_Bowl_LX_Commercial_American_Icons_20260429_061035,ad_mean,L Sulcus front sup,187,0.08869528025388718,0.19181334972381592,-0.04889123514294624,0.9625668449197861
Budweiser_Super_Bowl_LX_Commercial_American_Icons_20260429_061035,ad_mean,L Gyrus temp sup-G T transv,44,0.08704784512519836,0.19957000017166138,-0.016981616616249084,0.9090909090909091
Budweiser_Super_Bowl_LX_Commercial_American_Icons_20260429_061035,ad_mean,R Gyrus pariet inf-Supramar,263,0.08686170727014542,0.20350666344165802,-0.06141137331724167,0.9505703422053232
Budweiser_Super_Bowl_LX_Commercial_American_Icons_20260429_061035,ad_mean,L Sulcus cingul-Marginalis,116,0.08613265305757523,0.20191755890846252,-0.032972995191812515,0.9396551724137931
Budweiser_Super_Bowl_LX_Commercial_American_Icons_20260429_061035,ad_mean,L Sulcus postcentral,277,0.08504039794206619,0.20432814955711365,-0.031954240053892136,0.9675090252707581
Budweiser_Super_Bowl_LX_Commercial_American_Icons_20260429_061035,ad_mean,R Gyrus precentral,241,0.08377063274383545,0.2299955189228058,-0.02594897337257862,0.966804979253112
Budweiser_Super_Bowl_LX_Commercial_American_Icons_20260429_061035,ad_mean,R Lat Fis-ant-Vertical,19,0.08167222142219543,0.14594368636608124,0.0072271209210157394,1.0
Budweiser_Super_Bowl_LX_Commercial_American_Icons_20260429_061035,ad_mean,R Sulcus parieto occipital,141,0.0742049515247345,0.20692217350006104,-0.08184434473514557,0.7801418439716312
Budweiser_Super_Bowl_LX_Commercial_American_Icons_20260429_061035,ad_mean,L Gyrus pariet inf-Supramar,250,0.07300971448421478,0.2546815276145935,-0.1508258730173111,0.872
Budweiser_Super_Bowl_LX_Commercial_American_Icons_20260429_061035,ad_mean,R Sulcus calcarine,175,0.07245425879955292,0.25250715017318726,-0.1540205180644989,0.9085714285714286
Budweiser_Super_Bowl_LX_Commercial_American_Icons_20260429_061035,ad_mean,L Sulcus precentral-inf-part,121,0.07044339179992676,0.18196456134319305,-0.04365197941660881,0.9173553719008265
Budweiser_Super_Bowl_LX_Commercial_American_Icons_20260429_061035,ad_mean,L Gyrus and Sulcus paracentral,142,0.07017041742801666,0.1817770004272461,-0.04569675028324127,0.9084507042253521
Budweiser_Super_Bowl_LX_Commercial_American_Icons_20260429_061035,ad_mean,R Gyrus front inf-Triangul,67,0.07014161348342896,0.21700045466423035,-0.12545956671237946,0.835820895522388
Budweiser_Super_Bowl_LX_Commercial_American_Icons_20260429_061035,ad_mean,L Sulcus parieto occipital,138,0.06945861876010895,0.18518011271953583,-0.062456730753183365,0.7971014492753623
Budweiser_Super_Bowl_LX_Commercial_American_Icons_20260429_061035,ad_mean,L Sulcus calcarine,200,0.06822825223207474,0.2885197699069977,-0.12657923996448517,0.9
Budweiser_Super_Bowl_LX_Commercial_American_Icons_20260429_061035,ad_mean,R Sulcus cingul-Marginalis,149,0.06805247068405151,0.14399734139442444,-0.00392436096444726,0.9932885906040269
Budweiser_Super_Bowl_LX_Commercial_American_Icons_20260429_061035,ad_mean,R Gyrus front middle,255,0.06754238903522491,0.260923832654953,-0.0806536003947258,0.8823529411764706
Budweiser_Super_Bowl_LX_Commercial_American_Icons_20260429_061035,ad_mean,L Gyrus precentral,238,0.06743689626455307,0.21766556799411774,-0.05085603520274162,0.9117647058823529
Budweiser_Super_Bowl_LX_Commercial_American_Icons_20260429_061035,ad_mean,L Gyrus and Sulcus cingul-Mid-Post,150,0.06568818539381027,0.2433108240365982,-0.06114718317985535,0.9066666666666666
Budweiser_Super_Bowl_LX_Commercial_American_Icons_20260429_061035,ad_mean,R Sulcus interm prim-Jensen,49,0.06523405015468597,0.11382918059825897,-0.0797756016254425,0.9591836734693877
Budweiser_Super_Bowl_LX_Commercial_American_Icons_20260429_061035,ad_mean,R Gyrus and Sulcus cingul-Mid-Post,145,0.06507810205221176,0.20262016355991364,-0.04889647662639618,0.8896551724137931
Budweiser_Super_Bowl_LX_Commercial_American_Icons_20260429_061035,ad_mean,R Lat Fis-post,163,0.06280874460935593,0.18502798676490784,-0.05355381593108177,0.8220858895705522
Budweiser_Super_Bowl_LX_Commercial_American_Icons_20260429_061035,ad_mean,R Gyrus and Sulcus cingul-Mid-Ant,142,0.05935857817530632,0.17836306989192963,-0.050985705107450485,0.9577464788732394
Budweiser_Super_Bowl_LX_Commercial_American_Icons_20260429_061035,ad_mean,L Sulcus circular insula inf,158,0.059273380786180496,0.20979098975658417,-0.020554639399051666,0.9493670886075949
Budweiser_Super_Bowl_LX_Commercial_American_Icons_20260429_061035,ad_mean,R Sulcus front middle,127,0.05864574760198593,0.13528716564178467,-0.029584797099232674,0.968503937007874
Budweiser_Super_Bowl_LX_Commercial_American_Icons_20260429_061035,ad_mean,R Gyrus temp sup-Plan polar,49,0.05837327241897583,0.31110504269599915,-0.06055369973182678,0.673469387755102
Budweiser_Super_Bowl_LX_Commercial_American_Icons_20260429_061035,ad_mean,R Lat Fis-ant-Horizont,29,0.0568477138876915,0.15136496722698212,-0.00045287414104677737,0.9655172413793104
Budweiser_Super_Bowl_LX_Commercial_American_Icons_20260429_061035,ad_mean,L Gyrus and Sulcus cingul-Mid-Ant,122,0.05518833547830582,0.1353013962507248,-0.022697504609823227,0.9672131147540983
Budweiser_Super_Bowl_LX_Commercial_American_Icons_20260429_061035,ad_mean,R Gyrus cingul-Post-ventral,38,0.05249624326825142,0.12356562912464142,0.002046845620498061,1.0
Budweiser_Super_Bowl_LX_Commercial_American_Icons_20260429_061035,ad_mean,L Gyrus and Sulcus transv frontopol,38,0.050324078649282455,0.15217731893062592,-0.03835232928395271,0.8157894736842105
Budweiser_Super_Bowl_LX_Commercial_American_Icons_20260429_061035,ad_mean,L Gyrus cingul-Post-ventral,27,0.04964034631848335,0.08811845630407333,0.006262941751629114,1.0
Budweiser_Super_Bowl_LX_Commercial_American_Icons_20260429_061035,ad_mean,R Gyrus pariet inf-Angular,205,0.04923345893621445,0.22495180368423462,-0.05599711462855339,0.8341463414634146
Budweiser_Super_Bowl_LX_Commercial_American_Icons_20260429_061035,ad_mean,L Gyrus front middle,267,0.049142979085445404,0.23505549132823944,-0.09525106847286224,0.8089887640449438
Budweiser_Super_Bowl_LX_Commercial_American_Icons_20260429_061035,ad_mean,L Gyrus precuneus,225,0.0490134172141552,0.19956806302070618,-0.11498208343982697,0.7644444444444445
Budweiser_Super_Bowl_LX_Commercial_American_Icons_20260429_061035,ad_mean,R Gyrus and Sulcus transv frontopol,52,0.04897071421146393,0.1320512741804123,-0.01901208981871605,0.8076923076923077
Budweiser_Super_Bowl_LX_Commercial_American_Icons_20260429_061035,ad_mean,R Gyrus front sup,494,0.04894315451383591,0.1960318684577942,-0.1302272528409958,0.8117408906882592
Budweiser_Super_Bowl_LX_Commercial_American_Icons_20260429_061035,ad_mean,L Sulcus front middle,87,0.048723649233579636,0.17595291137695312,-0.059460725635290146,0.896551724137931
Budweiser_Super_Bowl_LX_Commercial_American_Icons_20260429_061035,ad_mean,R Gyrus precuneus,241,0.04830765724182129,0.24548467993736267,-0.10833260416984558,0.7178423236514523
Budweiser_Super_Bowl_LX_Commercial_American_Icons_20260429_061035,ad_mean,R Sulcus collat transv ant,68,0.046462979167699814,0.13000579178333282,-0.037928905338048935,0.7941176470588235
Budweiser_Super_Bowl_LX_Commercial_American_Icons_20260429_061035,ad_mean,R Sulcus circular insula ant,61,0.0461055263876915,0.10696963220834732,-0.010787871666252613,0.9344262295081968
Budweiser_Super_Bowl_LX_Commercial_American_Icons_20260429_061035,ad_mean,R Sulcus orbital lateral,22,0.045863665640354156,0.12825089693069458,-0.025950001552700996,0.7727272727272727
Budweiser_Super_Bowl_LX_Commercial_American_Icons_20260429_061035,ad_mean,L Gyrus cuneus,88,0.045817021280527115,0.2147618681192398,-0.05700666829943657,0.7727272727272727
Budweiser_Super_Bowl_LX_Commercial_American_Icons_20260429_061035,ad_mean,L Gyrus postcentral,222,0.043470513075590134,0.19794398546218872,-0.09250963479280472,0.6981981981981982
Budweiser_Super_Bowl_LX_Commercial_American_Icons_20260429_061035,ad_mean,L Gyrus front sup,527,0.043142180889844894,0.18593357503414154,-0.09830953925848007,0.7817836812144212
Budweiser_Super_Bowl_LX_Commercial_American_Icons_20260429_061035,ad_mean,R Gyrus postcentral,193,0.04104094207286835,0.18747951090335846,-0.07067213952541351,0.694300518134715
Budweiser_Super_Bowl_LX_Commercial_American_Icons_20260429_061035,ad_mean,R Gyrus oc-temp med-Parahip,137,0.040193963795900345,0.2604066729545593,-0.058176189661026,0.7299270072992701
Budweiser_Super_Bowl_LX_Commercial_American_Icons_20260429_061035,ad_mean,L Lat Fis-ant-Vertical,34,0.039967358112335205,0.10179844498634338,-0.02155952900648117,0.9117647058823529
Budweiser_Super_Bowl_LX_Commercial_American_Icons_20260429_061035,ad_mean,L Sulcus interm prim-Jensen,29,0.03960243985056877,0.20784059166908264,-0.13971048593521118,0.6551724137931034
Budweiser_Super_Bowl_LX_Commercial_American_Icons_20260429_061035,ad_mean,R Sulcus orbital-H Shaped,77,0.038797441869974136,0.12006621062755585,-0.060322105884552,0.7402597402597403
Budweiser_Super_Bowl_LX_Commercial_American_Icons_20260429_061035,ad_mean,R Gyrus front inf-Opercular,98,0.03871922194957733,0.18440024554729462,-0.04244823008775711,0.7755102040816326
Budweiser_Super_Bowl_LX_Commercial_American_Icons_20260429_061035,ad_mean,L Sulcus circular insula ant,56,0.03587161749601364,0.0788925513625145,-0.03621353954076767,0.8928571428571429
Budweiser_Super_Bowl_LX_Commercial_American_Icons_20260429_061035,ad_mean,R Gyrus cuneus,90,0.035704076290130615,0.2838726341724396,-0.08741403371095657,0.6444444444444445
Budweiser_Super_Bowl_LX_Commercial_American_Icons_20260429_061035,ad_mean,L Sulcus orbital lateral,23,0.03493957594037056,0.14324603974819183,-0.05237473547458649,0.6956521739130435
Budweiser_Super_Bowl_LX_Commercial_American_Icons_20260429_061035,ad_mean,L Gyrus front inf-Triangul,61,0.03402603417634964,0.16657310724258423,-0.040725283324718475,0.8524590163934426
Budweiser_Super_Bowl_LX_Commercial_American_Icons_20260429_061035,ad_mean,R Gyrus Ins lg and S cent ins,48,0.03345557302236557,0.07655975967645645,-0.021491536870598793,0.8958333333333334
Budweiser_Super_Bowl_LX_Commercial_American_Icons_20260429_061035,ad_mean,L Lat Fis-ant-Horizont,24,0.032260164618492126,0.07158814370632172,-0.03362705931067467,0.875
Budweiser_Super_Bowl_LX_Commercial_American_Icons_20260429_061035,ad_mean,L Gyrus pariet inf-Angular,190,0.031625550240278244,0.2645813226699829,-0.13544762134552002,0.6947368421052632
Budweiser_Super_Bowl_LX_Commercial_American_Icons_20260429_061035,ad_mean,R Gyrus and Sulcus frontomargin,52,0.028475848957896233,0.09737566858530045,-0.05549265816807747,0.7884615384615384
Budweiser_Super_Bowl_LX_Commercial_American_Icons_20260429_061035,ad_mean,L Sulcus temporal inf,70,0.027431046590209007,0.27135488390922546,-0.17946471273899078,0.4714285714285714
Budweiser_Super_Bowl_LX_Commercial_American_Icons_20260429_061035,ad_mean,L Gyrus and Sulcus cingul-Ant,134,0.02709251455962658,0.11744372546672821,-0.10208236426115036,0.7388059701492538
Budweiser_Super_Bowl_LX_Commercial_American_Icons_20260429_061035,ad_mean,R Sulcus central,301,0.02654319815337658,0.15715812146663666,-0.1159980371594429,0.627906976744186
Budweiser_Super_Bowl_LX_Commercial_American_Icons_20260429_061035,ad_mean,L Gyrus oc-temp med-Parahip,152,0.024837205186486244,0.1855415552854538,-0.06685482710599899,0.5986842105263158
Budweiser_Super_Bowl_LX_Commercial_American_Icons_20260429_061035,ad_mean,L Gyrus and Sulcus frontomargin,59,0.024363549426198006,0.12325209379196167,-0.04006557539105415,0.6610169491525424
Budweiser_Super_Bowl_LX_Commercial_American_Icons_20260429_061035,ad_mean,R Gyrus insular short,44,0.024318790063261986,0.07681167870759964,-0.040798891335725784,0.7727272727272727
Budweiser_Super_Bowl_LX_Commercial_American_Icons_20260429_061035,ad_mean,L Sulcus orbital-H Shaped,68,0.02147059142589569,0.09330826252698898,-0.06944506615400314,0.6617647058823529
Budweiser_Super_Bowl_LX_Commercial_American_Icons_20260429_061035,ad_mean,R Sulcus pericallosal,146,0.020777728408575058,0.14535190165042877,-0.08707327395677567,0.5821917808219178
Budweiser_Super_Bowl_LX_Commercial_American_Icons_20260429_061035,ad_mean,R Gyrus front inf-Orbital,20,0.020254887640476227,0.09098502993583679,-0.03714203089475632,0.75
Budweiser_Super_Bowl_LX_Commercial_American_Icons_20260429_061035,ad_mean,L Gyrus front inf-Opercular,107,0.019362861290574074,0.1368478387594223,-0.05419100448489189,0.616822429906542
Budweiser_Super_Bowl_LX_Commercial_American_Icons_20260429_061035,ad_mean,L Sulcus pericallosal,147,0.01887110434472561,0.1333286464214325,-0.09080436080694199,0.6530612244897959
Budweiser_Super_Bowl_LX_Commercial_American_Icons_20260429_061035,ad_mean,L Sulcus collat transv ant,72,0.0186268612742424,0.08542710542678833,-0.0848611444234848,0.6805555555555556
Budweiser_Super_Bowl_LX_Commercial_American_Icons_20260429_061035,ad_mean,R Sulcus subparietal,115,0.017658492550253868,0.18686158955097198,-0.13619652390480042,0.5739130434782609
Budweiser_Super_Bowl_LX_Commercial_American_Icons_20260429_061035,ad_mean,L Sulcus central,311,0.01724686101078987,0.14421090483665466,-0.12006495147943497,0.5819935691318328
Budweiser_Super_Bowl_LX_Commercial_American_Icons_20260429_061035,ad_mean,R Gyrus orbital,180,0.017170459032058716,0.10746154934167862,-0.10017325729131699,0.6611111111111111
Budweiser_Super_Bowl_LX_Commercial_American_Icons_20260429_061035,ad_mean,L Gyrus temp sup-Plan polar,54,0.015931595116853714,0.23099452257156372,-0.09396956861019135,0.46296296296296297
Budweiser_Super_Bowl_LX_Commercial_American_Icons_20260429_061035,ad_mean,L Gyrus orbital,159,0.015520425513386726,0.11717969924211502,-0.07155870646238327,0.6666666666666666
Budweiser_Super_Bowl_LX_Commercial_American_Icons_20260429_061035,ad_mean,L Gyrus rectus,74,0.015292772091925144,0.14538048207759857,-0.056670382618904114,0.6081081081081081
Budweiser_Super_Bowl_LX_Commercial_American_Icons_20260429_061035,ad_mean,R Gyrus and Sulcus cingul-Ant,173,0.014812069945037365,0.14610590040683746,-0.12839584052562714,0.6358381502890174
Budweiser_Super_Bowl_LX_Commercial_American_Icons_20260429_061035,ad_mean,L Gyrus insular short,59,0.014473346062004566,0.0728767141699791,-0.03831323981285095,0.6779661016949152
Budweiser_Super_Bowl_LX_Commercial_American_Icons_20260429_061035,ad_mean,L Gyrus temporal inf,159,0.014194928109645844,0.24828828871250153,-0.25791776180267334,0.5283018867924528
Budweiser_Super_Bowl_LX_Commercial_American_Icons_20260429_061035,ad_mean,R Gyrus temporal inf,143,0.014011289924383163,0.22394537925720215,-0.24051350355148315,0.5874125874125874
Budweiser_Super_Bowl_LX_Commercial_American_Icons_20260429_061035,ad_mean,R Sulcus temporal inf,61,0.014005246572196484,0.15979085862636566,-0.22339268028736115,0.6065573770491803
Budweiser_Super_Bowl_LX_Commercial_American_Icons_20260429_061035,ad_mean,R Gyrus rectus,57,0.013616977259516716,0.1362421214580536,-0.07474039494991302,0.6491228070175439
Budweiser_Super_Bowl_LX_Commercial_American_Icons_20260429_061035,ad_mean,R Gyrus subcallosal,13,0.011073186993598938,0.05010350048542023,-0.06542152911424637,0.7692307692307693
Budweiser_Super_Bowl_LX_Commercial_American_Icons_20260429_061035,ad_mean,L Gyrus and Sulcus subcentral,165,0.010343280620872974,0.08814587444067001,-0.07386868447065353,0.6606060606060606
Budweiser_Super_Bowl_LX_Commercial_American_Icons_20260429_061035,ad_mean,R Gyrus cingul-Post-dorsal,57,0.009890465065836906,0.14033953845500946,-0.0877251848578453,0.6491228070175439
Budweiser_Super_Bowl_LX_Commercial_American_Icons_20260429_061035,ad_mean,L Sulcus subparietal,85,0.008032788522541523,0.08813291043043137,-0.07837944477796555,0.6235294117647059
Budweiser_Super_Bowl_LX_Commercial_American_Icons_20260429_061035,ad_mean,R Sulcus suborbital,28,0.008031430654227734,0.10462770611047745,-0.07161207497119904,0.5357142857142857
Budweiser_Super_Bowl_LX_Commercial_American_Icons_20260429_061035,ad_mean,R Gyrus temp sup-Lateral,163,0.0077485512010753155,0.22141872346401215,-0.2625994086265564,0.5644171779141104
Budweiser_Super_Bowl_LX_Commercial_American_Icons_20260429_061035,ad_mean,L Gyrus front inf-Orbital,29,0.007598088122904301,0.04889721795916557,-0.04605792462825775,0.6896551724137931
Budweiser_Super_Bowl_LX_Commercial_American_Icons_20260429_061035,ad_mean,L Sulcus circular insula sup,191,0.007125493139028549,0.09495863318443298,-0.08323543518781662,0.5287958115183246
Budweiser_Super_Bowl_LX_Commercial_American_Icons_20260429_061035,ad_mean,R Gyrus and Sulcus subcentral,131,0.004205999430269003,0.10023176670074463,-0.07724573463201523,0.4732824427480916
Budweiser_Super_Bowl_LX_Commercial_American_Icons_20260429_061035,ad_mean,L Sulcus suborbital,46,0.0021184650249779224,0.07650495320558548,-0.06714364141225815,0.45652173913043476
Budweiser_Super_Bowl_LX_Commercial_American_Icons_20260429_061035,ad_mean,R Sulcus temporal sup,481,0.0007558855577372015,0.23547139763832092,-0.2596690058708191,0.4698544698544699
Budweiser_Super_Bowl_LX_Commercial_American_Icons_20260429_061035,ad_mean,L Gyrus Ins lg and S cent ins,44,0.0005818137433379889,0.06581923365592957,-0.04713445156812668,0.4318181818181818
Budweiser_Super_Bowl_LX_Commercial_American_Icons_20260429_061035,ad_mean,R Sulcus circular insula sup,151,-0.00040258673834614456,0.12604884803295135,-0.08357301354408264,0.46357615894039733
Budweiser_Super_Bowl_LX_Commercial_American_Icons_20260429_061035,ad_mean,L Gyrus cingul-Post-dorsal,69,-0.0008110054768621922,0.09394895285367966,-0.06849150359630585,0.5072463768115942
Budweiser_Super_Bowl_LX_Commercial_American_Icons_20260429_061035,ad_mean,L Gyrus subcallosal,16,-0.006152153946459293,0.027173995971679688,-0.042768798768520355,0.4375
Budweiser_Super_Bowl_LX_Commercial_American_Icons_20260429_061035,ad_mean,R Unknown,872,-0.007118806708604097,0.10886233299970627,-0.10487877577543259,0.38990825688073394
Budweiser_Super_Bowl_LX_Commercial_American_Icons_20260429_061035,ad_mean,L Unknown,870,-0.00933826807886362,0.12596851587295532,-0.09378640353679657,0.3482758620689655
Budweiser_Super_Bowl_LX_Commercial_American_Icons_20260429_061035,ad_mean,L Sulcus orbital med-olfact,51,-0.010023961775004864,0.051416657865047455,-0.09011057019233704,0.39215686274509803
Budweiser_Super_Bowl_LX_Commercial_American_Icons_20260429_061035,ad_mean,R Sulcus orbital med-olfact,62,-0.010631476528942585,0.05833237245678902,-0.08275693655014038,0.41935483870967744
Budweiser_Super_Bowl_LX_Commercial_American_Icons_20260429_061035,ad_mean,R Gyrus temporal middle,201,-0.024050705134868622,0.18698833882808685,-0.20701801776885986,0.38308457711442784
Budweiser_Super_Bowl_LX_Commercial_American_Icons_20260429_061035,ad_mean,R Pole temporal,111,-0.04440232366323471,0.08163487166166306,-0.2451627254486084,0.1981981981981982
Budweiser_Super_Bowl_LX_Commercial_American_Icons_20260429_061035,ad_mean,L Gyrus temp sup-Lateral,171,-0.0492590069770813,0.23136909306049347,-0.2543914020061493,0.3391812865497076
Budweiser_Super_Bowl_LX_Commercial_American_Icons_20260429_061035,ad_mean,L Sulcus temporal sup,414,-0.05440022423863411,0.2661924660205841,-0.24801596999168396,0.2246376811594203
Budweiser_Super_Bowl_LX_Commercial_American_Icons_20260429_061035,ad_mean,L Gyrus temporal middle,183,-0.06094437092542648,0.15635357797145844,-0.2546905279159546,0.22950819672131148
Budweiser_Super_Bowl_LX_Commercial_American_Icons_20260429_061035,ad_mean,L Pole temporal,104,-0.061861149966716766,0.08114281296730042,-0.26065629720687866,0.2403846153846154
Good_Will_Dunkin_20260428_133842,ad_mean,L Pole occipital,128,0.30675259232521057,0.4556865096092224,-0.06753800809383392,0.984375
Good_Will_Dunkin_20260428_133842,ad_mean,R Sulcus collat transv post,25,0.2975066006183624,0.4087772071361542,0.06662361323833466,1.0
Good_Will_Dunkin_20260428_133842,ad_mean,R Pole occipital,173,0.2798997163772583,0.4814239740371704,-0.056477077305316925,0.9826589595375722
Good_Will_Dunkin_20260428_133842,ad_mean,L Sulcus collat transv post,21,0.2433382272720337,0.3803427517414093,0.10101743787527084,1.0
Good_Will_Dunkin_20260428_133842,ad_mean,L Gyrus and Sulcus occipital inf,80,0.23198142647743225,0.429900586605072,0.014498820528388023,1.0
Good_Will_Dunkin_20260428_133842,ad_mean,L Sulcus temporal sup,414,0.2059973031282425,0.33974671363830566,0.001329842139966786,1.0
Good_Will_Dunkin_20260428_133842,ad_mean,L Sulcus oc middle and Lunatus,61,0.20173266530036926,0.38289445638656616,0.012392640113830566,1.0
Good_Will_Dunkin_20260428_133842,ad_mean,R Sulcus occipital ant,38,0.20061658322811127,0.2815842926502228,0.1110931783914566,1.0
Good_Will_Dunkin_20260428_133842,ad_mean,R Sulcus precentral-sup-part,122,0.1897478699684143,0.36677321791648865,0.0014689298113808036,1.0
Good_Will_Dunkin_20260428_133842,ad_mean,R Sulcus temporal transverse,25,0.18820318579673767,0.27841758728027344,0.11658123880624771,1.0
Good_Will_Dunkin_20260428_133842,ad_mean,R Gyrus and Sulcus occipital inf,87,0.18785913288593292,0.414175808429718,0.0338718518614769,1.0
Good_Will_Dunkin_20260428_133842,ad_mean,R Sulcus temporal sup,481,0.18715445697307587,0.36634761095046997,-0.054793581366539,0.9896049896049897
Good_Will_Dunkin_20260428_133842,ad_mean,R Gyrus temp sup-Lateral,163,0.18408380448818207,0.3720266819000244,-0.09905603528022766,0.9141104294478528
Good_Will_Dunkin_20260428_133842,ad_mean,L Sulcus front inf,136,0.18356254696846008,0.33124542236328125,-0.03392324969172478,0.9779411764705882
Good_Will_Dunkin_20260428_133842,ad_mean,R Sulcus oc middle and Lunatus,51,0.1764647364616394,0.4732342064380646,0.045121051371097565,1.0
Good_Will_Dunkin_20260428_133842,ad_mean,R Gyrus front inf-Triangul,67,0.17556153237819672,0.3181922435760498,0.03806623816490173,1.0
Good_Will_Dunkin_20260428_133842,ad_mean,R Gyrus oc-temp lat-fusifor,107,0.17462000250816345,0.3364025056362152,-0.06809481978416443,0.9719626168224299
Good_Will_Dunkin_20260428_133842,ad_mean,L Gyrus oc-temp lat-fusifor,105,0.17272180318832397,0.38393354415893555,-0.02957897260785103,0.9523809523809523
Good_Will_Dunkin_20260428_133842,ad_mean,L Gyrus front inf-Triangul,61,0.16865037381649017,0.33701226115226746,-0.018610671162605286,0.9672131147540983
Good_Will_Dunkin_20260428_133842,ad_mean,L Gyrus temp sup-Lateral,171,0.1657782942056656,0.44177407026290894,-0.06811534613370895,0.935672514619883
Good_Will_Dunkin_20260428_133842,ad_mean,R Sulcus front inf,147,0.16550078988075256,0.3487219512462616,-0.1550174057483673,0.8775510204081632
Good_Will_Dunkin_20260428_133842,ad_mean,L Sulcus temporal transverse,35,0.16473090648651123,0.24103368818759918,0.07520601153373718,1.0
Good_Will_Dunkin_20260428_133842,ad_mean,R Gyrus occipital sup,102,0.15988628566265106,0.45382946729660034,-0.06163984164595604,0.9803921568627451
Good_Will_Dunkin_20260428_133842,ad_mean,R Gyrus precentral,241,0.15901319682598114,0.4087498188018799,0.0031133529264479876,1.0
Good_Will_Dunkin_20260428_133842,ad_mean,R Gyrus occipital middle,129,0.15751375257968903,0.38305312395095825,-0.0023856295738369226,0.9844961240310077
Good_Will_Dunkin_20260428_133842,ad_mean,L Sulcus subparietal,85,0.15649685263633728,0.29240795969963074,0.03175148367881775,1.0
Good_Will_Dunkin_20260428_133842,ad_mean,R Sulcus oc sup and transversal,94,0.1560964435338974,0.3387964963912964,-0.010918750427663326,0.9893617021276596
Good_Will_Dunkin_20260428_133842,ad_mean,R Gyrus temp sup-Plan tempo,64,0.14987844228744507,0.32692739367485046,0.0030101225711405277,1.0
Good_Will_Dunkin_20260428_133842,ad_mean,R Sulcus precentral-inf-part,117,0.13220146298408508,0.348768949508667,-0.03355572372674942,0.9316239316239316
Good_Will_Dunkin_20260428_133842,ad_mean,L Lat Fis-ant-Horizont,24,0.13168029487133026,0.18494345247745514,0.0729060098528862,1.0
Good_Will_Dunkin_20260428_133842,ad_mean,L Gyrus temp sup-Plan tempo,92,0.13143692910671234,0.2623823881149292,-0.043834783136844635,0.967391304347826
Good_Will_Dunkin_20260428_133842,ad_mean,R Gyrus and Sulcus paracentral,141,0.13087792694568634,0.2980351448059082,-0.005060531198978424,0.9858156028368794
Good_Will_Dunkin_20260428_133842,ad_mean,L Lat Fis-post,128,0.1278785914182663,0.22045032680034637,-0.009201949462294579,0.984375
Good_Will_Dunkin_20260428_133842,ad_mean,L Sulcus precentral-sup-part,114,0.12440455704927444,0.2927836775779724,-0.0201681200414896,0.9824561403508771
Good_Will_Dunkin_20260428_133842,ad_mean,L Gyrus front sup,527,0.12326423078775406,0.42176154255867004,-0.0993620976805687,0.905123339658444
Good_Will_Dunkin_20260428_133842,ad_mean,R Gyrus front sup,494,0.12022194266319275,0.3397323191165924,-0.1466921865940094,0.9089068825910931
Good_Will_Dunkin_20260428_133842,ad_mean,L Sulcus oc sup and transversal,78,0.11883186548948288,0.2063470184803009,-0.013941514305770397,0.9743589743589743
Good_Will_Dunkin_20260428_133842,ad_mean,R Gyrus temp sup-G T transv,35,0.11772289127111435,0.22739087045192719,0.015379905700683594,1.0
Good_Will_Dunkin_20260428_133842,ad_mean,L Sulcus oc-temp lat,54,0.11311405897140503,0.23364275693893433,0.016149090602993965,1.0
Good_Will_Dunkin_20260428_133842,ad_mean,R Gyrus postcentral,193,0.11015304177999496,0.3433334231376648,-0.11211192607879639,0.9844559585492227
Good_Will_Dunkin_20260428_133842,ad_mean,L Gyrus precentral,238,0.10981208831071854,0.3106983006000519,-0.1495237946510315,0.9285714285714286
Good_Will_Dunkin_20260428_133842,ad_mean,R Sulcus postcentral,261,0.10769981890916824,0.30156445503234863,-0.021406223997473717,0.9885057471264368
Good_Will_Dunkin_20260428_133842,ad_mean,L Gyrus occipital middle,130,0.10632701218128204,0.31071797013282776,-0.07955282181501389,0.9153846153846154
Good_Will_Dunkin_20260428_133842,ad_mean,R Lat Fis-post,163,0.09725002944469452,0.20945511758327484,0.012343531474471092,1.0
Good_Will_Dunkin_20260428_133842,ad_mean,L Sulcus occipital ant,52,0.09641309082508087,0.1778995841741562,-0.0023388159461319447,0.9807692307692307
Good_Will_Dunkin_20260428_133842,ad_mean,R Sulcus central,301,0.09548413008451462,0.21880437433719635,-0.02585427463054657,0.9833887043189369
Good_Will_Dunkin_20260428_133842,ad_mean,L Gyrus temp sup-G T transv,44,0.09543570876121521,0.23687365651130676,0.0037920514587312937,1.0
Good_Will_Dunkin_20260428_133842,ad_mean,R Sulcus oc-temp lat,59,0.09299105405807495,0.28193649649620056,-0.0976090207695961,0.7796610169491526
Good_Will_Dunkin_20260428_133842,ad_mean,R Gyrus temp sup-Plan polar,49,0.09274974465370178,0.2516155540943146,-0.01439671777188778,0.9795918367346939
Good_Will_Dunkin_20260428_133842,ad_mean,R Gyrus and Sulcus cingul-Mid-Post,145,0.0925404503941536,0.20504052937030792,-0.06290395557880402,0.9172413793103448
Good_Will_Dunkin_20260428_133842,ad_mean,L Gyrus front inf-Orbital,29,0.09140539169311523,0.1847803145647049,0.017769282683730125,1.0
Good_Will_Dunkin_20260428_133842,ad_mean,R Gyrus parietal sup,209,0.0910930261015892,0.2858200967311859,-0.11454702168703079,0.8755980861244019
Good_Will_Dunkin_20260428_133842,ad_mean,L Gyrus postcentral,222,0.08963190019130707,0.3053905665874481,-0.06419232487678528,0.9279279279279279
Good_Will_Dunkin_20260428_133842,ad_mean,L Gyrus and Sulcus paracentral,142,0.08693345636129379,0.23755866289138794,-0.07575877755880356,0.9225352112676056
Good_Will_Dunkin_20260428_133842,ad_mean,R Sulcus oc-temp med and Lingual,132,0.08472276479005814,0.32280734181404114,-0.048016101121902466,0.9393939393939394
Good_Will_Dunkin_20260428_133842,ad_mean,L Sulcus precentral-inf-part,121,0.08410148322582245,0.3166942298412323,-0.15744128823280334,0.7603305785123967
Good_Will_Dunkin_20260428_133842,ad_mean,L Gyrus occipital sup,85,0.0798543244600296,0.24839387834072113,-0.08215915411710739,0.8352941176470589
Good_Will_Dunkin_20260428_133842,ad_mean,R Lat Fis-ant-Horizont,29,0.07886151969432831,0.17548638582229614,-0.00134417659137398,0.9310344827586207
Good_Will_Dunkin_20260428_133842,ad_mean,R Gyrus and Sulcus subcentral,131,0.07866604626178741,0.2905298173427582,-0.03196832910180092,0.9541984732824428
Good_Will_Dunkin_20260428_133842,ad_mean,L Gyrus parietal sup,263,0.07617571204900742,0.23884879052639008,-0.09940999746322632,0.8745247148288974
Good_Will_Dunkin_20260428_133842,ad_mean,L Sulcus orbital lateral,23,0.07593245059251785,0.20056888461112976,-0.050190262496471405,0.8260869565217391
Good_Will_Dunkin_20260428_133842,ad_mean,R Sulcus circular insula inf,142,0.07578755915164948,0.19003452360630035,-0.023371336981654167,0.9507042253521126
Good_Will_Dunkin_20260428_133842,ad_mean,L Sulcus collat transv ant,72,0.07408235967159271,0.20572271943092346,-0.07541240751743317,0.9166666666666666
Good_Will_Dunkin_20260428_133842,ad_mean,L Sulcus front sup,187,0.07386013120412827,0.2218753695487976,-0.11271210014820099,0.8556149732620321
Good_Will_Dunkin_20260428_133842,ad_mean,L Gyrus and Sulcus cingul-Mid-Post,150,0.07360568642616272,0.14119093120098114,-0.08869870007038116,0.92
Good_Will_Dunkin_20260428_133842,ad_mean,L Lat Fis-ant-Vertical,34,0.07327272742986679,0.18359509110450745,-0.03979554399847984,0.8823529411764706
Good_Will_Dunkin_20260428_133842,ad_mean,R Sulcus subparietal,115,0.07272040843963623,0.2444576472043991,-0.05808533355593681,0.9130434782608695
Good_Will_Dunkin_20260428_133842,ad_mean,R Gyrus front inf-Orbital,20,0.0718996524810791,0.15749773383140564,-0.05185350403189659,0.85
Good_Will_Dunkin_20260428_133842,ad_mean,L Sulcus postcentral,277,0.07188218832015991,0.23501260578632355,-0.08654558658599854,0.8700361010830325
Good_Will_Dunkin_20260428_133842,ad_mean,L Gyrus temporal middle,183,0.06590460240840912,0.2826465666294098,-0.11692763864994049,0.7103825136612022
Good_Will_Dunkin_20260428_133842,ad_mean,R Sulcus front sup,175,0.06577903777360916,0.20562583208084106,-0.08936062455177307,0.8857142857142857
Good_Will_Dunkin_20260428_133842,ad_mean,L Sulcus central,311,0.06573715806007385,0.25754019618034363,-0.08935677260160446,0.8745980707395499
Good_Will_Dunkin_20260428_133842,ad_mean,R Gyrus front inf-Opercular,98,0.06448781490325928,0.2435167133808136,-0.07527115941047668,0.8469387755102041
Good_Will_Dunkin_20260428_133842,ad_mean,L Gyrus front inf-Opercular,107,0.06407906860113144,0.3813793957233429,-0.10360702872276306,0.5887850467289719
Good_Will_Dunkin_20260428_133842,ad_mean,R Sulcus collat transv ant,68,0.05956215783953667,0.19150099158287048,-0.06373051553964615,0.7205882352941176
Good_Will_Dunkin_20260428_133842,ad_mean,L Gyrus precuneus,225,0.05820633843541145,0.21076256036758423,-0.13554923236370087,0.7422222222222222
Good_Will_Dunkin_20260428_133842,ad_mean,L Gyrus pariet inf-Angular,190,0.05719807744026184,0.26951608061790466,-0.08021710067987442,0.8210526315789474
Good_Will_Dunkin_20260428_133842,ad_mean,L Sulcus intrapariet and P trans,277,0.05657678842544556,0.23981831967830658,-0.11967799067497253,0.7653429602888087
Good_Will_Dunkin_20260428_133842,ad_mean,R Sulcus intrapariet and P trans,269,0.05541248247027397,0.23785991966724396,-0.12771391868591309,0.7286245353159851
Good_Will_Dunkin_20260428_133842,ad_mean,R Gyrus cuneus,90,0.0537276528775692,0.37641802430152893,-0.13722549378871918,0.5777777777777777
Good_Will_Dunkin_20260428_133842,ad_mean,L Sulcus interm prim-Jensen,29,0.051927827298641205,0.12279433012008667,-0.037301696836948395,0.8620689655172413
Good_Will_Dunkin_20260428_133842,ad_mean,L Gyrus and Sulcus cingul-Mid-Ant,122,0.04950350150465965,0.2129666954278946,-0.10066606849431992,0.7459016393442623
Good_Will_Dunkin_20260428_133842,ad_mean,L Gyrus cuneus,88,0.04737117514014244,0.428553968667984,-0.13888657093048096,0.5568181818181818
Good_Will_Dunkin_20260428_133842,ad_mean,L Sulcus oc-temp med and Lingual,148,0.04621703177690506,0.2873384952545166,-0.11340373009443283,0.668918918918919
Good_Will_Dunkin_20260428_133842,ad_mean,L Gyrus front middle,267,0.04604766145348549,0.3322165608406067,-0.18468961119651794,0.6479400749063671
Good_Will_Dunkin_20260428_133842,ad_mean,R Gyrus front middle,255,0.04543823376297951,0.27631819248199463,-0.21593013405799866,0.6235294117647059
Good_Will_Dunkin_20260428_133842,ad_mean,R Sulcus cingul-Marginalis,149,0.0449548102915287,0.20776808261871338,-0.14873313903808594,0.7114093959731543
Good_Will_Dunkin_20260428_133842,ad_mean,R Gyrus pariet inf-Supramar,263,0.04483014717698097,0.22328148782253265,-0.12681995332241058,0.7680608365019012
Good_Will_Dunkin_20260428_133842,ad_mean,L Sulcus cingul-Marginalis,116,0.04354099556803703,0.16445650160312653,-0.0860363245010376,0.7931034482758621
Good_Will_Dunkin_20260428_133842,ad_mean,R Gyrus temporal middle,201,0.04302843287587166,0.3034839332103729,-0.188835009932518,0.6616915422885572
Good_Will_Dunkin_20260428_133842,ad_mean,L Gyrus and Sulcus subcentral,165,0.03783636540174484,0.15967465937137604,-0.08836057782173157,0.7333333333333333
Good_Will_Dunkin_20260428_133842,ad_mean,R Gyrus precuneus,241,0.036024242639541626,0.26067444682121277,-0.11866217106580734,0.6348547717842323
Good_Will_Dunkin_20260428_133842,ad_mean,R Gyrus and Sulcus transv frontopol,52,0.035654276609420776,0.20570595562458038,-0.09588541090488434,0.6923076923076923
Good_Will_Dunkin_20260428_133842,ad_mean,R Sulcus circular insula ant,61,0.03464601933956146,0.16294437646865845,-0.05022555589675903,0.7377049180327869
Good_Will_Dunkin_20260428_133842,ad_mean,R Gyrus and Sulcus cingul-Mid-Ant,142,0.03421424701809883,0.2189129739999771,-0.1619448959827423,0.6830985915492958
Good_Will_Dunkin_20260428_133842,ad_mean,L Gyrus rectus,74,0.032229483127593994,0.21605904400348663,-0.06558796763420105,0.7027027027027027
Good_Will_Dunkin_20260428_133842,ad_mean,L Gyrus cingul-Post-dorsal,69,0.03056037239730358,0.16689440608024597,-0.07965794205665588,0.7971014492753623
Good_Will_Dunkin_20260428_133842,ad_mean,R Gyrus rectus,57,0.02988450601696968,0.23757009208202362,-0.11198775470256805,0.7719298245614035
Good_Will_Dunkin_20260428_133842,ad_mean,R Gyrus pariet inf-Angular,205,0.02812795899808407,0.20282988250255585,-0.17034760117530823,0.6731707317073171
Good_Will_Dunkin_20260428_133842,ad_mean,R Lat Fis-ant-Vertical,19,0.027576468884944916,0.18249920010566711,-0.06501518189907074,0.47368421052631576
Good_Will_Dunkin_20260428_133842,ad_mean,L Sulcus calcarine,200,0.027192378416657448,0.36192235350608826,-0.13669906556606293,0.58
Good_Will_Dunkin_20260428_133842,ad_mean,L Sulcus circular insula ant,56,0.026687445119023323,0.15159381926059723,-0.05636580288410187,0.7142857142857143
Good_Will_Dunkin_20260428_133842,ad_mean,R Sulcus pericallosal,146,0.02610553428530693,0.18840959668159485,-0.09750855714082718,0.6232876712328768
Good_Will_Dunkin_20260428_133842,ad_mean,L Sulcus circular insula inf,158,0.025973724201321602,0.20028845965862274,-0.07820098847150803,0.689873417721519
Good_Will_Dunkin_20260428_133842,ad_mean,R Sulcus suborbital,28,0.025364486500620842,0.15944324433803558,-0.0702216699719429,0.7142857142857143
Good_Will_Dunkin_20260428_133842,ad_mean,L Sulcus pericallosal,147,0.02477826550602913,0.152736634016037,-0.12042258679866791,0.7006802721088435
Good_Will_Dunkin_20260428_133842,ad_mean,R Sulcus calcarine,175,0.022912990301847458,0.2859630286693573,-0.12091641873121262,0.5942857142857143
Good_Will_Dunkin_20260428_133842,ad_mean,L Gyrus and Sulcus transv frontopol,38,0.022722380235791206,0.16043376922607422,-0.15976625680923462,0.6052631578947368
Good_Will_Dunkin_20260428_133842,ad_mean,L Gyrus oc-temp med-Lingual,151,0.0227215439081192,0.3972252905368805,-0.16629277169704437,0.4503311258278146
Good_Will_Dunkin_20260428_133842,ad_mean,L Gyrus orbital,159,0.022249218076467514,0.1874183863401413,-0.17526881396770477,0.6037735849056604
Good_Will_Dunkin_20260428_133842,ad_mean,R Gyrus subcallosal,13,0.021925149485468864,0.08430511504411697,-0.05410483106970787,0.6923076923076923
Good_Will_Dunkin_20260428_133842,ad_mean,L Gyrus temp sup-Plan polar,54,0.02141508273780346,0.1295766681432724,-0.08773026615381241,0.6111111111111112
Good_Will_Dunkin_20260428_133842,ad_mean,R Sulcus parieto occipital,141,0.0211085993796587,0.1450473815202713,-0.15209852159023285,0.6737588652482269
Good_Will_Dunkin_20260428_133842,ad_mean,L Sulcus parieto occipital,138,0.020682318136096,0.19240593910217285,-0.1584571897983551,0.6304347826086957
Good_Will_Dunkin_20260428_133842,ad_mean,R Sulcus orbital-H Shaped,77,0.020304016768932343,0.18372692167758942,-0.18637244403362274,0.6623376623376623
Good_Will_Dunkin_20260428_133842,ad_mean,R Gyrus oc-temp med-Lingual,138,0.02023686096072197,0.296969473361969,-0.1269763857126236,0.5289855072463768
Good_Will_Dunkin_20260428_133842,ad_mean,L Gyrus subcallosal,16,0.02013678103685379,0.07741771638393402,-0.054385293275117874,0.75
Good_Will_Dunkin_20260428_133842,ad_mean,R Gyrus and Sulcus cingul-Ant,173,0.01705295592546463,0.25099462270736694,-0.1558542400598526,0.5260115606936416
Good_Will_Dunkin_20260428_133842,ad_mean,L Gyrus pariet inf-Supramar,250,0.016887424513697624,0.23247922956943512,-0.14048413932323456,0.544
Good_Will_Dunkin_20260428_133842,ad_mean,R Gyrus cingul-Post-dorsal,57,0.013961090706288815,0.1542026549577713,-0.1454046666622162,0.6491228070175439
Good_Will_Dunkin_20260428_133842,ad_mean,R Gyrus temporal inf,143,0.009907462634146214,0.22540336847305298,-0.25048837065696716,0.5664335664335665
Good_Will_Dunkin_20260428_133842,ad_mean,L Gyrus and Sulcus cingul-Ant,134,0.008592083118855953,0.15442393720149994,-0.15253092348575592,0.5149253731343284
Good_Will_Dunkin_20260428_133842,ad_mean,L Gyrus temporal inf,159,0.008018916472792625,0.18100287020206451,-0.13685713708400726,0.5345911949685535
Good_Will_Dunkin_20260428_133842,ad_mean,R Sulcus circular insula sup,151,0.007822593674063683,0.09683329612016678,-0.15524548292160034,0.609271523178808
Good_Will_Dunkin_20260428_133842,ad_mean,R Gyrus orbital,180,0.007203082088381052,0.15934166312217712,-0.1558106243610382,0.5333333333333333
Good_Will_Dunkin_20260428_133842,ad_mean,R Gyrus oc-temp med-Parahip,137,0.005815077107399702,0.1937023252248764,-0.13488328456878662,0.5036496350364964
Good_Will_Dunkin_20260428_133842,ad_mean,R Gyrus Ins lg and S cent ins,48,0.0035155732184648514,0.08973058313131332,-0.08591364324092865,0.4791666666666667
Good_Will_Dunkin_20260428_133842,ad_mean,R Gyrus cingul-Post-ventral,38,0.0024525343906134367,0.05336928740143776,-0.05794091522693634,0.5263157894736842
Good_Will_Dunkin_20260428_133842,ad_mean,L Gyrus cingul-Post-ventral,27,0.0020012487657368183,0.0779612809419632,-0.08169520646333694,0.48148148148148145
Good_Will_Dunkin_20260428_133842,ad_mean,L Sulcus temporal inf,70,-0.004434513859450817,0.12988771498203278,-0.20316442847251892,0.5285714285714286
Good_Will_Dunkin_20260428_133842,ad_mean,L Sulcus circular insula sup,191,-0.0058866036124527454,0.11795533448457718,-0.09978749603033066,0.44502617801047123
Good_Will_Dunkin_20260428_133842,ad_mean,L Gyrus oc-temp med-Parahip,152,-0.008498288691043854,0.10622890293598175,-0.10006478428840637,0.4276315789473684
Good_Will_Dunkin_20260428_133842,ad_mean,R Sulcus interm prim-Jensen,49,-0.008536487817764282,0.1007661372423172,-0.15782864391803741,0.46938775510204084
Good_Will_Dunkin_20260428_133842,ad_mean,L Sulcus front middle,87,-0.010140648111701012,0.1408456265926361,-0.15760959684848785,0.4367816091954023
Good_Will_Dunkin_20260428_133842,ad_mean,R Pole temporal,111,-0.013297954574227333,0.07623106241226196,-0.1270795464515686,0.34234234234234234
Good_Will_Dunkin_20260428_133842,ad_mean,L Sulcus suborbital,46,-0.013897706754505634,0.17863260209560394,-0.1051369458436966,0.34782608695652173
Good_Will_Dunkin_20260428_133842,ad_mean,R Gyrus insular short,44,-0.01394473947584629,0.07901407778263092,-0.10697314888238907,0.4090909090909091
Good_Will_Dunkin_20260428_133842,ad_mean,R Unknown,872,-0.017287176102399826,0.1619524508714676,-0.1694060117006302,0.3543577981651376
Good_Will_Dunkin_20260428_133842,ad_mean,L Gyrus Ins lg and S cent ins,44,-0.01736333966255188,0.06307006627321243,-0.10929858684539795,0.4318181818181818
Good_Will_Dunkin_20260428_133842,ad_mean,R Sulcus front middle,127,-0.01820291578769684,0.11821427941322327,-0.1379203349351883,0.3779527559055118
Good_Will_Dunkin_20260428_133842,ad_mean,L Pole temporal,104,-0.01827901415526867,0.13710187375545502,-0.1483701467514038,0.36538461538461536
Good_Will_Dunkin_20260428_133842,ad_mean,L Unknown,870,-0.01883113384246826,0.13971224427223206,-0.1561519056558609,0.296551724137931
Good_Will_Dunkin_20260428_133842,ad_mean,L Gyrus and Sulcus frontomargin,59,-0.022664977237582207,0.17312870919704437,-0.17801181972026825,0.3220338983050847
Good_Will_Dunkin_20260428_133842,ad_mean,L Sulcus orbital-H Shaped,68,-0.02435322105884552,0.1025964543223381,-0.15451747179031372,0.4117647058823529
Good_Will_Dunkin_20260428_133842,ad_mean,R Sulcus temporal inf,61,-0.02471652254462242,0.19747067987918854,-0.24264468252658844,0.39344262295081966
Good_Will_Dunkin_20260428_133842,ad_mean,R Sulcus orbital med-olfact,62,-0.026352396234869957,0.06097249686717987,-0.08872123062610626,0.24193548387096775
Good_Will_Dunkin_20260428_133842,ad_mean,L Sulcus orbital med-olfact,51,-0.03299444541335106,0.052777696400880814,-0.11401939392089844,0.2549019607843137
Good_Will_Dunkin_20260428_133842,ad_mean,R Gyrus and Sulcus frontomargin,52,-0.033248934894800186,0.13842043280601501,-0.21206393837928772,0.3269230769230769
Good_Will_Dunkin_20260428_133842,ad_mean,L Gyrus insular short,59,-0.03326798230409622,0.12841688096523285,-0.11173507571220398,0.1864406779661017
Good_Will_Dunkin_20260428_133842,ad_mean,R Sulcus orbital lateral,22,-0.03966047614812851,0.1700897365808487,-0.1582033485174179,0.22727272727272727
Jurassic_Park..._Works_Big_Game_Commercial_2026_Xfinity_20260429_064425,ad_mean,L Sulcus collat transv post,21,0.2781131863594055,0.3475797176361084,0.17496733367443085,1.0
Jurassic_Park..._Works_Big_Game_Commercial_2026_Xfinity_20260429_064425,ad_mean,R Sulcus collat transv post,25,0.26900961995124817,0.3243230879306793,0.17675162851810455,1.0
Jurassic_Park..._Works_Big_Game_Commercial_2026_Xfinity_20260429_064425,ad_mean,R Sulcus oc-temp med and Lingual,132,0.22152069211006165,0.3475914001464844,0.08221746981143951,1.0
Jurassic_Park..._Works_Big_Game_Commercial_2026_Xfinity_20260429_064425,ad_mean,R Sulcus oc sup and transversal,94,0.2066236287355423,0.2755074203014374,0.05889809876680374,1.0
Jurassic_Park..._Works_Big_Game_Commercial_2026_Xfinity_20260429_064425,ad_mean,L Sulcus oc sup and transversal,78,0.20139464735984802,0.2850698232650757,0.08249887824058533,1.0
Jurassic_Park..._Works_Big_Game_Commercial_2026_Xfinity_20260429_064425,ad_mean,L Pole occipital,128,0.19987231492996216,0.3217616081237793,-0.053161442279815674,0.9765625
Jurassic_Park..._Works_Big_Game_Commercial_2026_Xfinity_20260429_064425,ad_mean,L Sulcus oc-temp med and Lingual,148,0.19714348018169403,0.3430292308330536,0.026959437876939774,1.0
Jurassic_Park..._Works_Big_Game_Commercial_2026_Xfinity_20260429_064425,ad_mean,R Gyrus oc-temp lat-fusifor,107,0.1911751925945282,0.2942350208759308,-0.026030026376247406,0.9906542056074766
Jurassic_Park..._Works_Big_Game_Commercial_2026_Xfinity_20260429_064425,ad_mean,L Sulcus oc middle and Lunatus,61,0.1852216124534607,0.27868422865867615,0.03287738934159279,1.0
Jurassic_Park..._Works_Big_Game_Commercial_2026_Xfinity_20260429_064425,ad_mean,R Sulcus oc middle and Lunatus,51,0.18408049643039703,0.26435959339141846,0.09234585613012314,1.0
Jurassic_Park..._Works_Big_Game_Commercial_2026_Xfinity_20260429_064425,ad_mean,R Gyrus occipital middle,129,0.18296612799167633,0.30808696150779724,0.035993047058582306,1.0
Jurassic_Park..._Works_Big_Game_Commercial_2026_Xfinity_20260429_064425,ad_mean,R Pole occipital,173,0.18275631964206696,0.34662511944770813,-0.02002117596566677,0.9884393063583815
Jurassic_Park..._Works_Big_Game_Commercial_2026_Xfinity_20260429_064425,ad_mean,R Gyrus occipital sup,102,0.1805925816297531,0.3470969498157501,-0.048914145678281784,0.9901960784313726
Jurassic_Park..._Works_Big_Game_Commercial_2026_Xfinity_20260429_064425,ad_mean,L Gyrus oc-temp lat-fusifor,105,0.1790650635957718,0.34525352716445923,0.018838249146938324,1.0
Jurassic_Park..._Works_Big_Game_Commercial_2026_Xfinity_20260429_064425,ad_mean,L Sulcus temporal transverse,35,0.16231286525726318,0.23427867889404297,0.10358192771673203,1.0
Jurassic_Park..._Works_Big_Game_Commercial_2026_Xfinity_20260429_064425,ad_mean,L Gyrus occipital middle,130,0.16183967888355255,0.28765302896499634,0.01938694529235363,1.0
Jurassic_Park..._Works_Big_Game_Commercial_2026_Xfinity_20260429_064425,ad_mean,R Sulcus temporal transverse,25,0.15752917528152466,0.21840381622314453,0.08634546399116516,1.0
Jurassic_Park..._Works_Big_Game_Commercial_2026_Xfinity_20260429_064425,ad_mean,L Gyrus and Sulcus occipital inf,80,0.15718244016170502,0.3260073661804199,0.007828900590538979,1.0
Jurassic_Park..._Works_Big_Game_Commercial_2026_Xfinity_20260429_064425,ad_mean,R Sulcus precentral-sup-part,122,0.15497681498527527,0.22745850682258606,0.07396219670772552,1.0
Jurassic_Park..._Works_Big_Game_Commercial_2026_Xfinity_20260429_064425,ad_mean,R Sulcus front inf,147,0.14998480677604675,0.26255694031715393,-0.05195067822933197,0.9251700680272109
Jurassic_Park..._Works_Big_Game_Commercial_2026_Xfinity_20260429_064425,ad_mean,L Gyrus occipital sup,85,0.12789258360862732,0.28315916657447815,0.02132800780236721,1.0
Jurassic_Park..._Works_Big_Game_Commercial_2026_Xfinity_20260429_064425,ad_mean,L Sulcus front inf,136,0.12434782832860947,0.2151278555393219,-0.02153698354959488,0.9852941176470589
Jurassic_Park..._Works_Big_Game_Commercial_2026_Xfinity_20260429_064425,ad_mean,L Gyrus oc-temp med-Lingual,151,0.12037648260593414,0.30543410778045654,-0.03432793542742729,0.9933774834437086
Jurassic_Park..._Works_Big_Game_Commercial_2026_Xfinity_20260429_064425,ad_mean,L Sulcus precentral-sup-part,114,0.11876969039440155,0.25096967816352844,0.01732632890343666,1.0
Jurassic_Park..._Works_Big_Game_Commercial_2026_Xfinity_20260429_064425,ad_mean,L Lat Fis-post,128,0.11609383672475815,0.20085644721984863,-0.014861923642456532,0.9921875
Jurassic_Park..._Works_Big_Game_Commercial_2026_Xfinity_20260429_064425,ad_mean,R Gyrus oc-temp med-Lingual,138,0.11522210389375687,0.25011929869651794,-0.02579682320356369,0.9782608695652174
Jurassic_Park..._Works_Big_Game_Commercial_2026_Xfinity_20260429_064425,ad_mean,R Sulcus parieto occipital,141,0.11497194319963455,0.2396859973669052,-0.05910710245370865,0.9432624113475178
Jurassic_Park..._Works_Big_Game_Commercial_2026_Xfinity_20260429_064425,ad_mean,R Gyrus and Sulcus occipital inf,87,0.11370154470205307,0.259173721075058,-0.010930969379842281,0.9770114942528736
Jurassic_Park..._Works_Big_Game_Commercial_2026_Xfinity_20260429_064425,ad_mean,R Sulcus temporal sup,481,0.11281226575374603,0.3149997293949127,-0.040186189115047455,0.9667359667359667
Jurassic_Park..._Works_Big_Game_Commercial_2026_Xfinity_20260429_064425,ad_mean,R Sulcus precentral-inf-part,117,0.11272076517343521,0.2856520116329193,0.00755314389243722,1.0
Jurassic_Park..._Works_Big_Game_Commercial_2026_Xfinity_20260429_064425,ad_mean,L Gyrus parietal sup,263,0.11250892281532288,0.2559458613395691,0.00030936667462810874,1.0
Jurassic_Park..._Works_Big_Game_Commercial_2026_Xfinity_20260429_064425,ad_mean,R Gyrus temp sup-Lateral,163,0.10969650745391846,0.22876892983913422,-0.09465304017066956,0.8895705521472392
Jurassic_Park..._Works_Big_Game_Commercial_2026_Xfinity_20260429_064425,ad_mean,R Sulcus subparietal,115,0.10951166599988937,0.24279986321926117,-0.023777775466442108,0.9565217391304348
Jurassic_Park..._Works_Big_Game_Commercial_2026_Xfinity_20260429_064425,ad_mean,L Sulcus intrapariet and P trans,277,0.10882800817489624,0.261563777923584,-0.026026656851172447,0.9638989169675091
Jurassic_Park..._Works_Big_Game_Commercial_2026_Xfinity_20260429_064425,ad_mean,R Sulcus front sup,175,0.10864122956991196,0.20115818083286285,0.003268294734880328,1.0
Jurassic_Park..._Works_Big_Game_Commercial_2026_Xfinity_20260429_064425,ad_mean,R Gyrus parietal sup,209,0.10821627825498581,0.21503660082817078,-0.03102552518248558,0.9760765550239234
Jurassic_Park..._Works_Big_Game_Commercial_2026_Xfinity_20260429_064425,ad_mean,L Gyrus temp sup-G T transv,44,0.10746953636407852,0.19769254326820374,0.021543657407164574,1.0
Jurassic_Park..._Works_Big_Game_Commercial_2026_Xfinity_20260429_064425,ad_mean,L Sulcus subparietal,85,0.10630660504102707,0.20184101164340973,0.028238343074917793,1.0
Jurassic_Park..._Works_Big_Game_Commercial_2026_Xfinity_20260429_064425,ad_mean,R Sulcus intrapariet and P trans,269,0.10594915598630905,0.24469448626041412,-0.029799796640872955,0.9814126394052045
Jurassic_Park..._Works_Big_Game_Commercial_2026_Xfinity_20260429_064425,ad_mean,R Sulcus calcarine,175,0.10436353087425232,0.27356791496276855,-0.1079806312918663,0.9485714285714286
Jurassic_Park..._Works_Big_Game_Commercial_2026_Xfinity_20260429_064425,ad_mean,L Sulcus front sup,187,0.10269132256507874,0.19694699347019196,-0.052500925958156586,0.9786096256684492
Jurassic_Park..._Works_Big_Game_Commercial_2026_Xfinity_20260429_064425,ad_mean,R Gyrus precuneus,241,0.10183504968881607,0.251847505569458,-0.03388179838657379,0.975103734439834
Jurassic_Park..._Works_Big_Game_Commercial_2026_Xfinity_20260429_064425,ad_mean,L Gyrus temp sup-Plan tempo,92,0.10061953216791153,0.21707873046398163,-0.009461390785872936,0.9891304347826086
Jurassic_Park..._Works_Big_Game_Commercial_2026_Xfinity_20260429_064425,ad_mean,L Gyrus cuneus,88,0.10058555006980896,0.30503836274147034,-0.0012880505528301,0.9886363636363636
Jurassic_Park..._Works_Big_Game_Commercial_2026_Xfinity_20260429_064425,ad_mean,L Sulcus oc-temp lat,54,0.10010265558958054,0.19351518154144287,0.001287728315219283,1.0
Jurassic_Park..._Works_Big_Game_Commercial_2026_Xfinity_20260429_064425,ad_mean,R Gyrus and Sulcus paracentral,141,0.09977397322654724,0.1984938383102417,0.02135450206696987,1.0
Jurassic_Park..._Works_Big_Game_Commercial_2026_Xfinity_20260429_064425,ad_mean,L Gyrus precuneus,225,0.09971491992473602,0.21991632878780365,-0.007722258102148771,0.9955555555555555
Jurassic_Park..._Works_Big_Game_Commercial_2026_Xfinity_20260429_064425,ad_mean,L Gyrus temp sup-Lateral,171,0.09805016964673996,0.22164224088191986,-0.09012455493211746,0.8771929824561403
Jurassic_Park..._Works_Big_Game_Commercial_2026_Xfinity_20260429_064425,ad_mean,L Sulcus calcarine,200,0.09801128506660461,0.29527100920677185,-0.08984273672103882,0.925
Jurassic_Park..._Works_Big_Game_Commercial_2026_Xfinity_20260429_064425,ad_mean,R Gyrus temp sup-G T transv,35,0.09738586097955704,0.1904841959476471,-0.005062739364802837,0.9714285714285714
Jurassic_Park..._Works_Big_Game_Commercial_2026_Xfinity_20260429_064425,ad_mean,L Sulcus parieto occipital,138,0.09600475430488586,0.2116091549396515,-0.03223983570933342,0.927536231884058
Jurassic_Park..._Works_Big_Game_Commercial_2026_Xfinity_20260429_064425,ad_mean,L Sulcus temporal sup,414,0.09589829295873642,0.24101462960243225,-0.06580326706171036,0.966183574879227
Jurassic_Park..._Works_Big_Game_Commercial_2026_Xfinity_20260429_064425,ad_mean,R Gyrus cingul-Post-ventral,38,0.09198000282049179,0.16114069521427155,0.032818350940942764,1.0
Jurassic_Park..._Works_Big_Game_Commercial_2026_Xfinity_20260429_064425,ad_mean,R Sulcus oc-temp lat,59,0.0917767658829689,0.23018021881580353,-0.05544325336813927,0.8813559322033898
Jurassic_Park..._Works_Big_Game_Commercial_2026_Xfinity_20260429_064425,ad_mean,R Gyrus temp sup-Plan tempo,64,0.09132596850395203,0.21085496246814728,-0.02871020883321762,0.921875
Jurassic_Park..._Works_Big_Game_Commercial_2026_Xfinity_20260429_064425,ad_mean,L Sulcus occipital ant,52,0.08980441838502884,0.1956634223461151,0.02464231476187706,1.0
Jurassic_Park..._Works_Big_Game_Commercial_2026_Xfinity_20260429_064425,ad_mean,R Gyrus cuneus,90,0.08877591043710709,0.31493300199508667,-0.033118631690740585,0.9777777777777777
Jurassic_Park..._Works_Big_Game_Commercial_2026_Xfinity_20260429_064425,ad_mean,R Gyrus front inf-Triangul,67,0.08789259940385818,0.18034814298152924,-0.06387943774461746,0.9552238805970149
Jurassic_Park..._Works_Big_Game_Commercial_2026_Xfinity_20260429_064425,ad_mean,L Gyrus cingul-Post-ventral,27,0.08562111854553223,0.12296866625547409,0.03845353424549103,1.0
Jurassic_Park..._Works_Big_Game_Commercial_2026_Xfinity_20260429_064425,ad_mean,L Sulcus precentral-inf-part,121,0.08556202799081802,0.18142054975032806,-0.018429823219776154,0.9421487603305785
Jurassic_Park..._Works_Big_Game_Commercial_2026_Xfinity_20260429_064425,ad_mean,R Gyrus precentral,241,0.08397682756185532,0.22232799232006073,-0.026033492758870125,0.995850622406639
Jurassic_Park..._Works_Big_Game_Commercial_2026_Xfinity_20260429_064425,ad_mean,R Sulcus occipital ant,38,0.08154171705245972,0.14859849214553833,0.016965260729193687,1.0
Jurassic_Park..._Works_Big_Game_Commercial_2026_Xfinity_20260429_064425,ad_mean,R Sulcus postcentral,261,0.0810319185256958,0.15906615555286407,-0.024489354342222214,0.9885057471264368
Jurassic_Park..._Works_Big_Game_Commercial_2026_Xfinity_20260429_064425,ad_mean,R Gyrus temp sup-Plan polar,49,0.0790281891822815,0.21492090821266174,-0.002585750538855791,0.9795918367346939
Jurassic_Park..._Works_Big_Game_Commercial_2026_Xfinity_20260429_064425,ad_mean,L Sulcus postcentral,277,0.07676631212234497,0.15269838273525238,-0.033008381724357605,0.9891696750902527
Jurassic_Park..._Works_Big_Game_Commercial_2026_Xfinity_20260429_064425,ad_mean,R Gyrus front sup,494,0.076411172747612,0.18687543272972107,-0.056277837604284286,0.9615384615384616
Jurassic_Park..._Works_Big_Game_Commercial_2026_Xfinity_20260429_064425,ad_mean,R Sulcus cingul-Marginalis,149,0.0751039907336235,0.14995881915092468,0.007386654615402222,1.0
Jurassic_Park..._Works_Big_Game_Commercial_2026_Xfinity_20260429_064425,ad_mean,L Gyrus and Sulcus paracentral,142,0.07467523962259293,0.1826668232679367,-0.0156853124499321,0.9436619718309859
Jurassic_Park..._Works_Big_Game_Commercial_2026_Xfinity_20260429_064425,ad_mean,L Gyrus precentral,238,0.0746288150548935,0.26337558031082153,-0.03908545523881912,0.9747899159663865
Jurassic_Park..._Works_Big_Game_Commercial_2026_Xfinity_20260429_064425,ad_mean,L Sulcus cingul-Marginalis,116,0.07447768747806549,0.14021243155002594,-0.020112205296754837,0.9827586206896551
Jurassic_Park..._Works_Big_Game_Commercial_2026_Xfinity_20260429_064425,ad_mean,R Gyrus pariet inf-Angular,205,0.07425198704004288,0.21002642810344696,-0.04792506992816925,0.8780487804878049
Jurassic_Park..._Works_Big_Game_Commercial_2026_Xfinity_20260429_064425,ad_mean,R Gyrus and Sulcus cingul-Mid-Post,145,0.0724559873342514,0.1744580864906311,-0.035343240946531296,0.9586206896551724
Jurassic_Park..._Works_Big_Game_Commercial_2026_Xfinity_20260429_064425,ad_mean,R Gyrus front middle,255,0.07231542468070984,0.2284860610961914,-0.08818899840116501,0.8627450980392157
Jurassic_Park..._Works_Big_Game_Commercial_2026_Xfinity_20260429_064425,ad_mean,L Gyrus front inf-Triangul,61,0.07075861841440201,0.1841955929994583,-0.010738636367022991,0.9672131147540983
Jurassic_Park..._Works_Big_Game_Commercial_2026_Xfinity_20260429_064425,ad_mean,L Gyrus front sup,527,0.06864209473133087,0.21102756261825562,-0.04069465398788452,0.9544592030360531
Jurassic_Park..._Works_Big_Game_Commercial_2026_Xfinity_20260429_064425,ad_mean,L Gyrus pariet inf-Angular,190,0.06714719533920288,0.24103374779224396,-0.03894231840968132,0.8578947368421053
Jurassic_Park..._Works_Big_Game_Commercial_2026_Xfinity_20260429_064425,ad_mean,R Sulcus collat transv ant,68,0.06652485579252243,0.1573028564453125,-0.0403137132525444,0.9558823529411765
Jurassic_Park..._Works_Big_Game_Commercial_2026_Xfinity_20260429_064425,ad_mean,L Sulcus collat transv ant,72,0.06608428061008453,0.14450645446777344,-0.03408217430114746,0.9444444444444444
Jurassic_Park..._Works_Big_Game_Commercial_2026_Xfinity_20260429_064425,ad_mean,L Sulcus interm prim-Jensen,29,0.06258590519428253,0.16107407212257385,-0.044940538704395294,0.7931034482758621
Jurassic_Park..._Works_Big_Game_Commercial_2026_Xfinity_20260429_064425,ad_mean,L Gyrus and Sulcus cingul-Mid-Post,150,0.06012720614671707,0.17251835763454437,-0.05458230897784233,0.92
Jurassic_Park..._Works_Big_Game_Commercial_2026_Xfinity_20260429_064425,ad_mean,R Sulcus circular insula inf,142,0.05942133814096451,0.1823311448097229,-0.041580528020858765,0.9295774647887324
Jurassic_Park..._Works_Big_Game_Commercial_2026_Xfinity_20260429_064425,ad_mean,R Gyrus pariet inf-Supramar,263,0.057895176112651825,0.13675512373447418,-0.05405835062265396,0.9505703422053232
Jurassic_Park..._Works_Big_Game_Commercial_2026_Xfinity_20260429_064425,ad_mean,R Sulcus interm prim-Jensen,49,0.05743584409356117,0.12617544829845428,-0.006720549892634153,0.9795918367346939
Jurassic_Park..._Works_Big_Game_Commercial_2026_Xfinity_20260429_064425,ad_mean,R Gyrus and Sulcus transv frontopol,52,0.05719887837767601,0.1662476658821106,-0.02280762977898121,0.9423076923076923
Jurassic_Park..._Works_Big_Game_Commercial_2026_Xfinity_20260429_064425,ad_mean,L Gyrus postcentral,222,0.05718309059739113,0.1608135849237442,-0.04034909978508949,0.9234234234234234
Jurassic_Park..._Works_Big_Game_Commercial_2026_Xfinity_20260429_064425,ad_mean,R Gyrus cingul-Post-dorsal,57,0.05462373048067093,0.1379244476556778,-0.02582610212266445,0.9473684210526315
Jurassic_Park..._Works_Big_Game_Commercial_2026_Xfinity_20260429_064425,ad_mean,R Gyrus postcentral,193,0.052403662353754044,0.1630280315876007,-0.030664701014757156,0.9119170984455959
Jurassic_Park..._Works_Big_Game_Commercial_2026_Xfinity_20260429_064425,ad_mean,L Gyrus front middle,267,0.0515095554292202,0.24175849556922913,-0.07492126524448395,0.8127340823970037
Jurassic_Park..._Works_Big_Game_Commercial_2026_Xfinity_20260429_064425,ad_mean,L Gyrus pariet inf-Supramar,250,0.051118768751621246,0.17487987875938416,-0.031064780429005623,0.96
Jurassic_Park..._Works_Big_Game_Commercial_2026_Xfinity_20260429_064425,ad_mean,R Gyrus oc-temp med-Parahip,137,0.05057448521256447,0.2449437975883484,-0.06623193621635437,0.8029197080291971
Jurassic_Park..._Works_Big_Game_Commercial_2026_Xfinity_20260429_064425,ad_mean,L Lat Fis-ant-Horizont,24,0.04986324906349182,0.0815609022974968,0.020288651809096336,1.0
Jurassic_Park..._Works_Big_Game_Commercial_2026_Xfinity_20260429_064425,ad_mean,R Lat Fis-post,163,0.04912276193499565,0.16043108701705933,-0.06716622412204742,0.8282208588957055
Jurassic_Park..._Works_Big_Game_Commercial_2026_Xfinity_20260429_064425,ad_mean,R Sulcus circular insula ant,61,0.0451456718146801,0.11786619573831558,-0.024501057341694832,0.8852459016393442
Jurassic_Park..._Works_Big_Game_Commercial_2026_Xfinity_20260429_064425,ad_mean,L Gyrus temp sup-Plan polar,54,0.04416144639253616,0.1601792722940445,-0.053190700709819794,0.8148148148148148
Jurassic_Park..._Works_Big_Game_Commercial_2026_Xfinity_20260429_064425,ad_mean,L Gyrus and Sulcus transv frontopol,38,0.04274158552289009,0.1295003592967987,-0.08328606933355331,0.7368421052631579
Jurassic_Park..._Works_Big_Game_Commercial_2026_Xfinity_20260429_064425,ad_mean,L Gyrus and Sulcus cingul-Mid-Ant,122,0.04230431467294693,0.1219305768609047,-0.0704609677195549,0.8852459016393442
Jurassic_Park..._Works_Big_Game_Commercial_2026_Xfinity_20260429_064425,ad_mean,R Lat Fis-ant-Horizont,29,0.04203520715236664,0.13378866016864777,-0.04385664686560631,0.8620689655172413
Jurassic_Park..._Works_Big_Game_Commercial_2026_Xfinity_20260429_064425,ad_mean,R Sulcus front middle,127,0.041991956532001495,0.14069844782352448,-0.025130098685622215,0.8976377952755905
Jurassic_Park..._Works_Big_Game_Commercial_2026_Xfinity_20260429_064425,ad_mean,L Sulcus circular insula inf,158,0.04114687442779541,0.17972010374069214,-0.03188333660364151,0.8987341772151899
Jurassic_Park..._Works_Big_Game_Commercial_2026_Xfinity_20260429_064425,ad_mean,L Gyrus oc-temp med-Parahip,152,0.04084089398384094,0.173509880900383,-0.06907718628644943,0.75
Jurassic_Park..._Works_Big_Game_Commercial_2026_Xfinity_20260429_064425,ad_mean,R Sulcus orbital-H Shaped,77,0.040798965841531754,0.1340661346912384,-0.07588237524032593,0.7792207792207793
Jurassic_Park..._Works_Big_Game_Commercial_2026_Xfinity_20260429_064425,ad_mean,R Sulcus central,301,0.03966847434639931,0.13061679899692535,-0.04729371517896652,0.8538205980066446
Jurassic_Park..._Works_Big_Game_Commercial_2026_Xfinity_20260429_064425,ad_mean,L Lat Fis-ant-Vertical,34,0.03899464011192322,0.09159717708826065,-0.023205863311886787,0.8823529411764706
Jurassic_Park..._Works_Big_Game_Commercial_2026_Xfinity_20260429_064425,ad_mean,R Sulcus pericallosal,146,0.038308676332235336,0.1549936830997467,-0.06508688628673553,0.773972602739726
Jurassic_Park..._Works_Big_Game_Commercial_2026_Xfinity_20260429_064425,ad_mean,R Gyrus and Sulcus cingul-Mid-Ant,142,0.037843260914087296,0.17188481986522675,-0.05609488859772682,0.8309859154929577
Jurassic_Park..._Works_Big_Game_Commercial_2026_Xfinity_20260429_064425,ad_mean,L Sulcus central,311,0.036020856350660324,0.1548951119184494,-0.06844224035739899,0.7942122186495176
Jurassic_Park..._Works_Big_Game_Commercial_2026_Xfinity_20260429_064425,ad_mean,L Gyrus cingul-Post-dorsal,69,0.03571777790784836,0.10679593682289124,-0.06577608734369278,0.8695652173913043
Jurassic_Park..._Works_Big_Game_Commercial_2026_Xfinity_20260429_064425,ad_mean,R Gyrus front inf-Opercular,98,0.03168128803372383,0.17864182591438293,-0.06431618332862854,0.7346938775510204
Jurassic_Park..._Works_Big_Game_Commercial_2026_Xfinity_20260429_064425,ad_mean,L Gyrus and Sulcus subcentral,165,0.030625898391008377,0.12091787159442902,-0.0573711171746254,0.8121212121212121
Jurassic_Park..._Works_Big_Game_Commercial_2026_Xfinity_20260429_064425,ad_mean,R Gyrus and Sulcus cingul-Ant,173,0.029857156798243523,0.18638506531715393,-0.11989354342222214,0.7167630057803468
Jurassic_Park..._Works_Big_Game_Commercial_2026_Xfinity_20260429_064425,ad_mean,L Gyrus front inf-Opercular,107,0.028740517795085907,0.16786766052246094,-0.07163052260875702,0.5981308411214953
Jurassic_Park..._Works_Big_Game_Commercial_2026_Xfinity_20260429_064425,ad_mean,L Sulcus pericallosal,147,0.02868681587278843,0.12743601202964783,-0.0906885415315628,0.7619047619047619
Jurassic_Park..._Works_Big_Game_Commercial_2026_Xfinity_20260429_064425,ad_mean,R Gyrus front inf-Orbital,20,0.028406506404280663,0.09673776477575302,-0.044075630605220795,0.7
Jurassic_Park..._Works_Big_Game_Commercial_2026_Xfinity_20260429_064425,ad_mean,R Gyrus temporal middle,201,0.027823595330119133,0.14083713293075562,-0.13300840556621552,0.6865671641791045
Jurassic_Park..._Works_Big_Game_Commercial_2026_Xfinity_20260429_064425,ad_mean,L Gyrus and Sulcus cingul-Ant,134,0.024353468790650368,0.12462764978408813,-0.10993847995996475,0.7089552238805971
Jurassic_Park..._Works_Big_Game_Commercial_2026_Xfinity_20260429_064425,ad_mean,R Gyrus and Sulcus subcentral,131,0.02403651736676693,0.16146914660930634,-0.056577738374471664,0.7099236641221374
Jurassic_Park..._Works_Big_Game_Commercial_2026_Xfinity_20260429_064425,ad_mean,L Sulcus front middle,87,0.022287091240286827,0.12788552045822144,-0.06274037808179855,0.7471264367816092
Jurassic_Park..._Works_Big_Game_Commercial_2026_Xfinity_20260429_064425,ad_mean,L Gyrus rectus,74,0.021573280915617943,0.1647946834564209,-0.055714067071676254,0.6351351351351351
Jurassic_Park..._Works_Big_Game_Commercial_2026_Xfinity_20260429_064425,ad_mean,R Lat Fis-ant-Vertical,19,0.02110382914543152,0.12230703234672546,-0.063600555062294,0.6842105263157895
Jurassic_Park..._Works_Big_Game_Commercial_2026_Xfinity_20260429_064425,ad_mean,L Sulcus orbital lateral,23,0.020656229928135872,0.10423536598682404,-0.04918045178055763,0.6956521739130435
Jurassic_Park..._Works_Big_Game_Commercial_2026_Xfinity_20260429_064425,ad_mean,R Gyrus subcallosal,13,0.019944854080677032,0.05948897823691368,-0.05069087818264961,0.8461538461538461
Jurassic_Park..._Works_Big_Game_Commercial_2026_Xfinity_20260429_064425,ad_mean,R Gyrus temporal inf,143,0.018104158341884613,0.18124213814735413,-0.1027892604470253,0.6223776223776224
Jurassic_Park..._Works_Big_Game_Commercial_2026_Xfinity_20260429_064425,ad_mean,L Gyrus temporal middle,183,0.017471017315983772,0.1585921347141266,-0.11488209664821625,0.6174863387978142
Jurassic_Park..._Works_Big_Game_Commercial_2026_Xfinity_20260429_064425,ad_mean,L Gyrus subcallosal,16,0.01729191467165947,0.05377659946680069,-0.021149564534425735,0.8125
Jurassic_Park..._Works_Big_Game_Commercial_2026_Xfinity_20260429_064425,ad_mean,L Sulcus circular insula ant,56,0.017015885561704636,0.07715684920549393,-0.05504273995757103,0.625
Jurassic_Park..._Works_Big_Game_Commercial_2026_Xfinity_20260429_064425,ad_mean,L Sulcus temporal inf,70,0.016858678311109543,0.1809353083372116,-0.14574319124221802,0.5857142857142857
Jurassic_Park..._Works_Big_Game_Commercial_2026_Xfinity_20260429_064425,ad_mean,L Gyrus temporal inf,159,0.016045168042182922,0.20216228067874908,-0.13772159814834595,0.5911949685534591
Jurassic_Park..._Works_Big_Game_Commercial_2026_Xfinity_20260429_064425,ad_mean,R Gyrus and Sulcus frontomargin,52,0.0149692939594388,0.0866362601518631,-0.07786737382411957,0.6730769230769231
Jurassic_Park..._Works_Big_Game_Commercial_2026_Xfinity_20260429_064425,ad_mean,R Gyrus rectus,57,0.01469891145825386,0.1549173891544342,-0.056371405720710754,0.6666666666666666
Jurassic_Park..._Works_Big_Game_Commercial_2026_Xfinity_20260429_064425,ad_mean,R Gyrus Ins lg and S cent ins,48,0.012524992227554321,0.06708995997905731,-0.030479131266474724,0.6458333333333334
Jurassic_Park..._Works_Big_Game_Commercial_2026_Xfinity_20260429_064425,ad_mean,R Gyrus orbital,180,0.011013149283826351,0.10338611900806427,-0.10733074694871902,0.5833333333333334
Jurassic_Park..._Works_Big_Game_Commercial_2026_Xfinity_20260429_064425,ad_mean,L Gyrus front inf-Orbital,29,0.009717164561152458,0.04976089671254158,-0.043461915105581284,0.7241379310344828
Jurassic_Park..._Works_Big_Game_Commercial_2026_Xfinity_20260429_064425,ad_mean,R Sulcus suborbital,28,0.008902096189558506,0.09702374786138535,-0.06698606163263321,0.5
Jurassic_Park..._Works_Big_Game_Commercial_2026_Xfinity_20260429_064425,ad_mean,L Gyrus orbital,159,0.005021414719521999,0.10050566494464874,-0.10328404605388641,0.5723270440251572
Jurassic_Park..._Works_Big_Game_Commercial_2026_Xfinity_20260429_064425,ad_mean,R Pole temporal,111,0.0043204776011407375,0.0845702663064003,-0.09223663806915283,0.5765765765765766
Jurassic_Park..._Works_Big_Game_Commercial_2026_Xfinity_20260429_064425,ad_mean,L Gyrus and Sulcus frontomargin,59,0.004211896099150181,0.12001403421163559,-0.06668098270893097,0.423728813559322
Jurassic_Park..._Works_Big_Game_Commercial_2026_Xfinity_20260429_064425,ad_mean,L Unknown,870,0.0033242993522435427,0.1609509438276291,-0.1364787220954895,0.5080459770114942
Jurassic_Park..._Works_Big_Game_Commercial_2026_Xfinity_20260429_064425,ad_mean,R Sulcus orbital lateral,22,0.0032129145693033934,0.11280421167612076,-0.06022246554493904,0.5454545454545454
Jurassic_Park..._Works_Big_Game_Commercial_2026_Xfinity_20260429_064425,ad_mean,R Unknown,872,0.003135376377031207,0.15286961197853088,-0.1088494136929512,0.5149082568807339
Jurassic_Park..._Works_Big_Game_Commercial_2026_Xfinity_20260429_064425,ad_mean,R Gyrus insular short,44,0.002503551309928298,0.06283575296401978,-0.053369779139757156,0.5681818181818182
Jurassic_Park..._Works_Big_Game_Commercial_2026_Xfinity_20260429_064425,ad_mean,L Sulcus suborbital,46,0.002142744604498148,0.09698472917079926,-0.07048644125461578,0.4782608695652174
Jurassic_Park..._Works_Big_Game_Commercial_2026_Xfinity_20260429_064425,ad_mean,R Sulcus circular insula sup,151,0.0006987194647081196,0.0795893594622612,-0.08562768250703812,0.5695364238410596
Jurassic_Park..._Works_Big_Game_Commercial_2026_Xfinity_20260429_064425,ad_mean,L Sulcus circular insula sup,191,-0.0008818417554721236,0.07681368291378021,-0.07651739567518234,0.46596858638743455
Jurassic_Park..._Works_Big_Game_Commercial_2026_Xfinity_20260429_064425,ad_mean,R Sulcus temporal inf,61,-0.0012132955016568303,0.12056487798690796,-0.12225009500980377,0.4918032786885246
Jurassic_Park..._Works_Big_Game_Commercial_2026_Xfinity_20260429_064425,ad_mean,L Sulcus orbital-H Shaped,68,-0.0020503695122897625,0.10330677777528763,-0.10767892003059387,0.5294117647058824
Jurassic_Park..._Works_Big_Game_Commercial_2026_Xfinity_20260429_064425,ad_mean,L Gyrus Ins lg and S cent ins,44,-0.004736997187137604,0.0446714386343956,-0.061646752059459686,0.4318181818181818
Jurassic_Park..._Works_Big_Game_Commercial_2026_Xfinity_20260429_064425,ad_mean,L Pole temporal,104,-0.011318361386656761,0.08797602355480194,-0.13659225404262543,0.4423076923076923
Jurassic_Park..._Works_Big_Game_Commercial_2026_Xfinity_20260429_064425,ad_mean,R Sulcus orbital med-olfact,62,-0.013921257108449936,0.0648685023188591,-0.08175261318683624,0.3709677419354839
Jurassic_Park..._Works_Big_Game_Commercial_2026_Xfinity_20260429_064425,ad_mean,L Sulcus orbital med-olfact,51,-0.014186832122504711,0.049061067402362823,-0.07612399756908417,0.39215686274509803
Jurassic_Park..._Works_Big_Game_Commercial_2026_Xfinity_20260429_064425,ad_mean,L Gyrus insular short,59,-0.014791997149586678,0.07415512949228287,-0.07630454003810883,0.2711864406779661
LAY_S_Last_Harvest_Super_Bowl_LX_Commercial_20260429_015322,ad_mean,L Sulcus collat transv post,21,0.2959562838077545,0.37004831433296204,0.1994817852973938,1.0
LAY_S_Last_Harvest_Super_Bowl_LX_Commercial_20260429_015322,ad_mean,R Sulcus collat transv post,25,0.2902161478996277,0.37966006994247437,0.15680208802223206,1.0
LAY_S_Last_Harvest_Super_Bowl_LX_Commercial_20260429_015322,ad_mean,R Sulcus oc middle and Lunatus,51,0.22479510307312012,0.3471396565437317,0.11363614350557327,1.0
LAY_S_Last_Harvest_Super_Bowl_LX_Commercial_20260429_015322,ad_mean,R Sulcus oc sup and transversal,94,0.2175675481557846,0.3753769099712372,0.07936802506446838,1.0
LAY_S_Last_Harvest_Super_Bowl_LX_Commercial_20260429_015322,ad_mean,L Sulcus oc middle and Lunatus,61,0.21700680255889893,0.32917049527168274,0.0656079351902008,1.0
LAY_S_Last_Harvest_Super_Bowl_LX_Commercial_20260429_015322,ad_mean,L Pole occipital,128,0.21676141023635864,0.3685545325279236,-0.10941722989082336,0.9765625
LAY_S_Last_Harvest_Super_Bowl_LX_Commercial_20260429_015322,ad_mean,L Sulcus oc sup and transversal,78,0.20477630198001862,0.28761228919029236,0.08931874483823776,1.0
LAY_S_Last_Harvest_Super_Bowl_LX_Commercial_20260429_015322,ad_mean,R Pole occipital,173,0.20255601406097412,0.39258041977882385,-0.08605727553367615,0.9710982658959537
LAY_S_Last_Harvest_Super_Bowl_LX_Commercial_20260429_015322,ad_mean,R Gyrus occipital sup,102,0.2015872448682785,0.3949735462665558,-0.08540122210979462,0.9803921568627451
LAY_S_Last_Harvest_Super_Bowl_LX_Commercial_20260429_015322,ad_mean,L Gyrus and Sulcus occipital inf,80,0.1983262002468109,0.3694264888763428,-0.04036519676446915,0.9625
LAY_S_Last_Harvest_Super_Bowl_LX_Commercial_20260429_015322,ad_mean,R Sulcus precentral-sup-part,122,0.1874568909406662,0.2909654974937439,0.06627467274665833,1.0
LAY_S_Last_Harvest_Super_Bowl_LX_Commercial_20260429_015322,ad_mean,R Gyrus occipital middle,129,0.17273244261741638,0.37609216570854187,0.04310668632388115,1.0
LAY_S_Last_Harvest_Super_Bowl_LX_Commercial_20260429_015322,ad_mean,R Gyrus oc-temp lat-fusifor,107,0.1596902757883072,0.3182784914970398,-0.06430237740278244,0.9813084112149533
LAY_S_Last_Harvest_Super_Bowl_LX_Commercial_20260429_015322,ad_mean,R Sulcus front inf,147,0.1584891974925995,0.29548895359039307,-0.09283601492643356,0.9387755102040817
LAY_S_Last_Harvest_Super_Bowl_LX_Commercial_20260429_015322,ad_mean,R Sulcus occipital ant,38,0.15744724869728088,0.25365686416625977,0.04998619109392166,1.0
LAY_S_Last_Harvest_Super_Bowl_LX_Commercial_20260429_015322,ad_mean,R Gyrus and Sulcus occipital inf,87,0.15370739996433258,0.280080109834671,-0.033260244876146317,0.9540229885057471
LAY_S_Last_Harvest_Super_Bowl_LX_Commercial_20260429_015322,ad_mean,L Sulcus temporal transverse,35,0.15141932666301727,0.24929457902908325,0.07308197021484375,1.0
LAY_S_Last_Harvest_Super_Bowl_LX_Commercial_20260429_015322,ad_mean,R Sulcus temporal transverse,25,0.15061745047569275,0.21573562920093536,0.09051749855279922,1.0
LAY_S_Last_Harvest_Super_Bowl_LX_Commercial_20260429_015322,ad_mean,R Gyrus temp sup-Plan tempo,64,0.15030653774738312,0.2732810378074646,0.026375403627753258,1.0
LAY_S_Last_Harvest_Super_Bowl_LX_Commercial_20260429_015322,ad_mean,L Sulcus occipital ant,52,0.14880838990211487,0.22827397286891937,0.07276055216789246,1.0
LAY_S_Last_Harvest_Super_Bowl_LX_Commercial_20260429_015322,ad_mean,R Sulcus precentral-inf-part,117,0.14749400317668915,0.33606669306755066,0.02315225452184677,1.0
LAY_S_Last_Harvest_Super_Bowl_LX_Commercial_20260429_015322,ad_mean,L Gyrus oc-temp lat-fusifor,105,0.14710712432861328,0.3548050820827484,-0.035258229821920395,0.9333333333333333
LAY_S_Last_Harvest_Super_Bowl_LX_Commercial_20260429_015322,ad_mean,R Sulcus oc-temp med and Lingual,132,0.14125685393810272,0.3695021867752075,0.024737607687711716,1.0
LAY_S_Last_Harvest_Super_Bowl_LX_Commercial_20260429_015322,ad_mean,L Gyrus occipital middle,130,0.14103679358959198,0.30205652117729187,0.0038714969996362925,1.0
LAY_S_Last_Harvest_Super_Bowl_LX_Commercial_20260429_015322,ad_mean,L Lat Fis-post,128,0.1384086161851883,0.28864139318466187,0.010463814251124859,1.0
LAY_S_Last_Harvest_Super_Bowl_LX_Commercial_20260429_015322,ad_mean,R Gyrus precentral,241,0.13753147423267365,0.3097100555896759,0.024153297767043114,1.0
LAY_S_Last_Harvest_Super_Bowl_LX_Commercial_20260429_015322,ad_mean,L Sulcus precentral-sup-part,114,0.13451816141605377,0.3055669665336609,0.002213125815615058,1.0
LAY_S_Last_Harvest_Super_Bowl_LX_Commercial_20260429_015322,ad_mean,L Gyrus occipital sup,85,0.13218463957309723,0.2632647454738617,-0.019387299194931984,0.9764705882352941
LAY_S_Last_Harvest_Super_Bowl_LX_Commercial_20260429_015322,ad_mean,L Sulcus front inf,136,0.12924842536449432,0.22646942734718323,0.009508248418569565,1.0
LAY_S_Last_Harvest_Super_Bowl_LX_Commercial_20260429_015322,ad_mean,R Gyrus parietal sup,209,0.12683533132076263,0.2862538993358612,-0.05002175644040108,0.9665071770334929
LAY_S_Last_Harvest_Super_Bowl_LX_Commercial_20260429_015322,ad_mean,R Sulcus postcentral,261,0.12610027194023132,0.22428829967975616,-0.013840019702911377,0.9923371647509579
LAY_S_Last_Harvest_Super_Bowl_LX_Commercial_20260429_015322,ad_mean,R Gyrus and Sulcus paracentral,141,0.12535759806632996,0.2366173267364502,0.008409273810684681,1.0
LAY_S_Last_Harvest_Super_Bowl_LX_Commercial_20260429_015322,ad_mean,L Gyrus parietal sup,263,0.12049414962530136,0.2731170356273651,-0.00713005056604743,0.9923954372623575
LAY_S_Last_Harvest_Super_Bowl_LX_Commercial_20260429_015322,ad_mean,R Sulcus intrapariet and P trans,269,0.11683686822652817,0.2804192006587982,-0.006528292316943407,0.9962825278810409
LAY_S_Last_Harvest_Super_Bowl_LX_Commercial_20260429_015322,ad_mean,L Sulcus intrapariet and P trans,277,0.1156722828745842,0.28844666481018066,-0.010275756008923054,0.9819494584837545
LAY_S_Last_Harvest_Super_Bowl_LX_Commercial_20260429_015322,ad_mean,R Gyrus temp sup-G T transv,35,0.11166083812713623,0.19478145241737366,0.015130477026104927,1.0
LAY_S_Last_Harvest_Super_Bowl_LX_Commercial_20260429_015322,ad_mean,L Sulcus postcentral,277,0.11151887476444244,0.23499372601509094,0.0006635978352278471,1.0
LAY_S_Last_Harvest_Super_Bowl_LX_Commercial_20260429_015322,ad_mean,L Sulcus oc-temp med and Lingual,148,0.10758619010448456,0.3357495963573456,-0.061304498463869095,0.9324324324324325
LAY_S_Last_Harvest_Super_Bowl_LX_Commercial_20260429_015322,ad_mean,R Sulcus oc-temp lat,59,0.10594217479228973,0.2564323842525482,-0.0816672146320343,0.847457627118644
LAY_S_Last_Harvest_Super_Bowl_LX_Commercial_20260429_015322,ad_mean,L Gyrus precentral,238,0.10545361787080765,0.2495846301317215,-0.05661061406135559,0.9495798319327731
LAY_S_Last_Harvest_Super_Bowl_LX_Commercial_20260429_015322,ad_mean,L Sulcus oc-temp lat,54,0.1042657345533371,0.22290807962417603,-0.01905728504061699,0.9629629629629629
LAY_S_Last_Harvest_Super_Bowl_LX_Commercial_20260429_015322,ad_mean,R Sulcus front sup,175,0.10309688001871109,0.21972203254699707,0.005120983812958002,1.0
LAY_S_Last_Harvest_Super_Bowl_LX_Commercial_20260429_015322,ad_mean,R Gyrus front inf-Triangul,67,0.10181695967912674,0.2083127200603485,-0.059215884655714035,0.9402985074626866
LAY_S_Last_Harvest_Super_Bowl_LX_Commercial_20260429_015322,ad_mean,L Gyrus temp sup-G T transv,44,0.10074188560247421,0.18158863484859467,0.014595533721148968,1.0
LAY_S_Last_Harvest_Super_Bowl_LX_Commercial_20260429_015322,ad_mean,L Gyrus temp sup-Plan tempo,92,0.10009972751140594,0.22266237437725067,-0.03085695207118988,0.9565217391304348
LAY_S_Last_Harvest_Super_Bowl_LX_Commercial_20260429_015322,ad_mean,R Lat Fis-post,163,0.09726125001907349,0.2103855162858963,0.004430743400007486,1.0
LAY_S_Last_Harvest_Super_Bowl_LX_Commercial_20260429_015322,ad_mean,L Gyrus postcentral,222,0.09316279739141464,0.236005961894989,-0.045400336384773254,0.9054054054054054
LAY_S_Last_Harvest_Super_Bowl_LX_Commercial_20260429_015322,ad_mean,R Gyrus postcentral,193,0.09308470040559769,0.2607594430446625,-0.055843088775873184,0.9481865284974094
LAY_S_Last_Harvest_Super_Bowl_LX_Commercial_20260429_015322,ad_mean,R Gyrus and Sulcus cingul-Mid-Post,145,0.09291855990886688,0.19380664825439453,-0.006236562039703131,0.9862068965517241
LAY_S_Last_Harvest_Super_Bowl_LX_Commercial_20260429_015322,ad_mean,L Gyrus oc-temp med-Lingual,151,0.0927433967590332,0.36509057879447937,-0.06846046447753906,0.8940397350993378
LAY_S_Last_Harvest_Super_Bowl_LX_Commercial_20260429_015322,ad_mean,R Gyrus pariet inf-Supramar,263,0.09237402677536011,0.20683351159095764,-0.03459353744983673,0.9885931558935361
LAY_S_Last_Harvest_Super_Bowl_LX_Commercial_20260429_015322,ad_mean,L Gyrus and Sulcus paracentral,142,0.0902678593993187,0.19366517663002014,-0.0282258503139019,0.9788732394366197
LAY_S_Last_Harvest_Super_Bowl_LX_Commercial_20260429_015322,ad_mean,L Sulcus front sup,187,0.08804970979690552,0.19123879075050354,-0.061055365949869156,0.9411764705882353
LAY_S_Last_Harvest_Super_Bowl_LX_Commercial_20260429_015322,ad_mean,R Sulcus circular insula inf,142,0.08711595833301544,0.25412386655807495,-0.019418658688664436,0.9788732394366197
LAY_S_Last_Harvest_Super_Bowl_LX_Commercial_20260429_015322,ad_mean,R Gyrus oc-temp med-Lingual,138,0.08537384867668152,0.3267073631286621,-0.03740141540765762,0.8695652173913043
LAY_S_Last_Harvest_Super_Bowl_LX_Commercial_20260429_015322,ad_mean,R Gyrus temp sup-Lateral,163,0.08425875008106232,0.2319587767124176,-0.1866047978401184,0.8220858895705522
LAY_S_Last_Harvest_Super_Bowl_LX_Commercial_20260429_015322,ad_mean,R Gyrus front sup,494,0.08394257724285126,0.26609522104263306,-0.09228050708770752,0.902834008097166
LAY_S_Last_Harvest_Super_Bowl_LX_Commercial_20260429_015322,ad_mean,L Gyrus and Sulcus cingul-Mid-Post,150,0.08165542781352997,0.16926370561122894,-0.027281150221824646,0.9333333333333333
LAY_S_Last_Harvest_Super_Bowl_LX_Commercial_20260429_015322,ad_mean,R Gyrus and Sulcus cingul-Mid-Ant,142,0.0806490108370781,0.2332252711057663,-0.02899196930229664,0.9929577464788732
LAY_S_Last_Harvest_Super_Bowl_LX_Commercial_20260429_015322,ad_mean,R Gyrus front middle,255,0.07965180277824402,0.26717859506607056,-0.09803632646799088,0.8470588235294118
LAY_S_Last_Harvest_Super_Bowl_LX_Commercial_20260429_015322,ad_mean,R Lat Fis-ant-Horizont,29,0.07658021152019501,0.1600746065378189,0.003753370838239789,1.0
LAY_S_Last_Harvest_Super_Bowl_LX_Commercial_20260429_015322,ad_mean,L Gyrus and Sulcus cingul-Mid-Ant,122,0.07399076223373413,0.17591416835784912,-0.03317936882376671,0.9754098360655737
LAY_S_Last_Harvest_Super_Bowl_LX_Commercial_20260429_015322,ad_mean,L Sulcus precentral-inf-part,121,0.0713472068309784,0.18015927076339722,-0.06943530589342117,0.859504132231405
LAY_S_Last_Harvest_Super_Bowl_LX_Commercial_20260429_015322,ad_mean,L Gyrus front sup,527,0.07111243903636932,0.2683489918708801,-0.11716872453689575,0.8538899430740038
LAY_S_Last_Harvest_Super_Bowl_LX_Commercial_20260429_015322,ad_mean,R Sulcus temporal sup,481,0.07094056904315948,0.2394261211156845,-0.121373750269413,0.8503118503118503
LAY_S_Last_Harvest_Super_Bowl_LX_Commercial_20260429_015322,ad_mean,L Gyrus cuneus,88,0.06999637931585312,0.31760019063949585,-0.05840422585606575,0.75
LAY_S_Last_Harvest_Super_Bowl_LX_Commercial_20260429_015322,ad_mean,R Gyrus cuneus,90,0.06675586849451065,0.36414146423339844,-0.08324475586414337,0.6333333333333333
LAY_S_Last_Harvest_Super_Bowl_LX_Commercial_20260429_015322,ad_mean,R Sulcus central,301,0.06674806028604507,0.19088144600391388,-0.04994694143533707,0.9003322259136213
LAY_S_Last_Harvest_Super_Bowl_LX_Commercial_20260429_015322,ad_mean,R Sulcus cingul-Marginalis,149,0.06648748368024826,0.17050443589687347,-0.03722355514764786,0.9530201342281879
LAY_S_Last_Harvest_Super_Bowl_LX_Commercial_20260429_015322,ad_mean,R Sulcus interm prim-Jensen,49,0.066340871155262,0.1523420661687851,-0.03125203028321266,0.9183673469387755
LAY_S_Last_Harvest_Super_Bowl_LX_Commercial_20260429_015322,ad_mean,L Sulcus cingul-Marginalis,116,0.06608898192644119,0.16548682749271393,-0.035346176475286484,0.8879310344827587
LAY_S_Last_Harvest_Super_Bowl_LX_Commercial_20260429_015322,ad_mean,R Gyrus front inf-Opercular,98,0.06493498384952545,0.20325545966625214,-0.03075486235320568,0.9591836734693877
LAY_S_Last_Harvest_Super_Bowl_LX_Commercial_20260429_015322,ad_mean,L Sulcus calcarine,200,0.06421982496976852,0.37359198927879333,-0.094404436647892,0.835
LAY_S_Last_Harvest_Super_Bowl_LX_Commercial_20260429_015322,ad_mean,R Lat Fis-ant-Vertical,19,0.06284313648939133,0.13906852900981903,-0.00869547575712204,0.9473684210526315
LAY_S_Last_Harvest_Super_Bowl_LX_Commercial_20260429_015322,ad_mean,R Sulcus parieto occipital,141,0.06235821545124054,0.17242345213890076,-0.08571565896272659,0.900709219858156
LAY_S_Last_Harvest_Super_Bowl_LX_Commercial_20260429_015322,ad_mean,R Gyrus pariet inf-Angular,205,0.05968238040804863,0.1872245967388153,-0.07267361134290695,0.8926829268292683
LAY_S_Last_Harvest_Super_Bowl_LX_Commercial_20260429_015322,ad_mean,R Sulcus calcarine,175,0.059513550251722336,0.31211918592453003,-0.12494702637195587,0.8457142857142858
LAY_S_Last_Harvest_Super_Bowl_LX_Commercial_20260429_015322,ad_mean,L Gyrus front inf-Triangul,61,0.05938132852315903,0.19649860262870789,-0.038978736847639084,0.8524590163934426
LAY_S_Last_Harvest_Super_Bowl_LX_Commercial_20260429_015322,ad_mean,R Gyrus temp sup-Plan polar,49,0.059349510818719864,0.2536475360393524,-0.06050974130630493,0.6326530612244898
LAY_S_Last_Harvest_Super_Bowl_LX_Commercial_20260429_015322,ad_mean,R Gyrus and Sulcus subcentral,131,0.057565610855817795,0.1957388073205948,-0.028222518041729927,0.9770992366412213
LAY_S_Last_Harvest_Super_Bowl_LX_Commercial_20260429_015322,ad_mean,L Gyrus pariet inf-Supramar,250,0.05643848329782486,0.2569868862628937,-0.07065033167600632,0.88
LAY_S_Last_Harvest_Super_Bowl_LX_Commercial_20260429_015322,ad_mean,L Sulcus central,311,0.05495189130306244,0.20446503162384033,-0.10078391432762146,0.797427652733119
LAY_S_Last_Harvest_Super_Bowl_LX_Commercial_20260429_015322,ad_mean,L Gyrus front middle,267,0.05443833768367767,0.2654828727245331,-0.10383602231740952,0.7940074906367042
LAY_S_Last_Harvest_Super_Bowl_LX_Commercial_20260429_015322,ad_mean,L Gyrus precuneus,225,0.05297928676009178,0.180597722530365,-0.06737302988767624,0.8711111111111111
LAY_S_Last_Harvest_Super_Bowl_LX_Commercial_20260429_015322,ad_mean,L Sulcus parieto occipital,138,0.050668198615312576,0.18915361166000366,-0.06499936431646347,0.7971014492753623
LAY_S_Last_Harvest_Super_Bowl_LX_Commercial_20260429_015322,ad_mean,L Sulcus subparietal,85,0.048106513917446136,0.14565983414649963,-0.036325037479400635,0.8823529411764706
LAY_S_Last_Harvest_Super_Bowl_LX_Commercial_20260429_015322,ad_mean,R Sulcus front middle,127,0.04753709211945534,0.14052696526050568,-0.04164554923772812,0.889763779527559
LAY_S_Last_Harvest_Super_Bowl_LX_Commercial_20260429_015322,ad_mean,L Lat Fis-ant-Horizont,24,0.04722742363810539,0.08350170403718948,0.004386239219456911,1.0
LAY_S_Last_Harvest_Super_Bowl_LX_Commercial_20260429_015322,ad_mean,R Gyrus precuneus,241,0.046100862324237823,0.22795306146144867,-0.10250000655651093,0.8174273858921162
LAY_S_Last_Harvest_Super_Bowl_LX_Commercial_20260429_015322,ad_mean,L Sulcus orbital lateral,23,0.04570958390831947,0.17070165276527405,-0.04132327437400818,0.782608695652174
LAY_S_Last_Harvest_Super_Bowl_LX_Commercial_20260429_015322,ad_mean,R Sulcus circular insula ant,61,0.04441302642226219,0.10863570123910904,-0.01841563545167446,0.9016393442622951
LAY_S_Last_Harvest_Super_Bowl_LX_Commercial_20260429_015322,ad_mean,R Sulcus pericallosal,146,0.042973801493644714,0.19139879941940308,-0.10269831866025925,0.8287671232876712
LAY_S_Last_Harvest_Super_Bowl_LX_Commercial_20260429_015322,ad_mean,L Sulcus front middle,87,0.04158826544880867,0.15738853812217712,-0.08660393208265305,0.8390804597701149
LAY_S_Last_Harvest_Super_Bowl_LX_Commercial_20260429_015322,ad_mean,L Sulcus pericallosal,147,0.04158198460936546,0.15080565214157104,-0.09941317141056061,0.8503401360544217
LAY_S_Last_Harvest_Super_Bowl_LX_Commercial_20260429_015322,ad_mean,R Gyrus and Sulcus transv frontopol,52,0.041215017437934875,0.1554815173149109,-0.04332633316516876,0.7115384615384616
LAY_S_Last_Harvest_Super_Bowl_LX_Commercial_20260429_015322,ad_mean,L Sulcus circular insula inf,158,0.040190763771533966,0.19474704563617706,-0.046693749725818634,0.8481012658227848
LAY_S_Last_Harvest_Super_Bowl_LX_Commercial_20260429_015322,ad_mean,L Gyrus and Sulcus subcentral,165,0.03975798934698105,0.1520765721797943,-0.05314017832279205,0.806060606060606
LAY_S_Last_Harvest_Super_Bowl_LX_Commercial_20260429_015322,ad_mean,L Gyrus pariet inf-Angular,190,0.036052629351615906,0.1854313462972641,-0.08735131472349167,0.7526315789473684
LAY_S_Last_Harvest_Super_Bowl_LX_Commercial_20260429_015322,ad_mean,L Sulcus interm prim-Jensen,29,0.03600315377116203,0.16558045148849487,-0.09843916445970535,0.6551724137931034
LAY_S_Last_Harvest_Super_Bowl_LX_Commercial_20260429_015322,ad_mean,R Sulcus orbital-H Shaped,77,0.03564852103590965,0.13992184400558472,-0.10327629745006561,0.7272727272727273
LAY_S_Last_Harvest_Super_Bowl_LX_Commercial_20260429_015322,ad_mean,R Sulcus subparietal,115,0.03532819077372551,0.15481148660182953,-0.09286918491125107,0.7652173913043478
LAY_S_Last_Harvest_Super_Bowl_LX_Commercial_20260429_015322,ad_mean,L Gyrus front inf-Opercular,107,0.03410829231142998,0.18686795234680176,-0.06555872410535812,0.7009345794392523
LAY_S_Last_Harvest_Super_Bowl_LX_Commercial_20260429_015322,ad_mean,L Sulcus temporal sup,414,0.03384740650653839,0.17626884579658508,-0.16406595706939697,0.7198067632850241
LAY_S_Last_Harvest_Super_Bowl_LX_Commercial_20260429_015322,ad_mean,R Sulcus collat transv ant,68,0.031557757407426834,0.15155941247940063,-0.0710933580994606,0.6029411764705882
LAY_S_Last_Harvest_Super_Bowl_LX_Commercial_20260429_015322,ad_mean,L Lat Fis-ant-Vertical,34,0.0314207524061203,0.10294752568006516,-0.02352878451347351,0.8529411764705882
LAY_S_Last_Harvest_Super_Bowl_LX_Commercial_20260429_015322,ad_mean,R Gyrus Ins lg and S cent ins,48,0.03087720274925232,0.07698722183704376,-0.010743892751634121,0.8958333333333334
LAY_S_Last_Harvest_Super_Bowl_LX_Commercial_20260429_015322,ad_mean,L Sulcus circular insula ant,56,0.030844135209918022,0.08937249332666397,-0.027940016239881516,0.8214285714285714
LAY_S_Last_Harvest_Super_Bowl_LX_Commercial_20260429_015322,ad_mean,R Gyrus and Sulcus cingul-Ant,173,0.02874099835753441,0.16883046925067902,-0.1488209366798401,0.7052023121387283
LAY_S_Last_Harvest_Super_Bowl_LX_Commercial_20260429_015322,ad_mean,L Gyrus temp sup-Lateral,171,0.028706062585115433,0.1864170879125595,-0.19342102110385895,0.631578947368421
LAY_S_Last_Harvest_Super_Bowl_LX_Commercial_20260429_015322,ad_mean,R Gyrus front inf-Orbital,20,0.026914451271295547,0.09360850602388382,-0.04860033094882965,0.7
LAY_S_Last_Harvest_Super_Bowl_LX_Commercial_20260429_015322,ad_mean,R Sulcus circular insula sup,151,0.024521687999367714,0.11787468940019608,-0.06864568591117859,0.7814569536423841
LAY_S_Last_Harvest_Super_Bowl_LX_Commercial_20260429_015322,ad_mean,R Gyrus cingul-Post-dorsal,57,0.024257494136691093,0.09847059845924377,-0.04141775146126747,0.7368421052631579
LAY_S_Last_Harvest_Super_Bowl_LX_Commercial_20260429_015322,ad_mean,L Gyrus and Sulcus transv frontopol,38,0.02403336763381958,0.1329849809408188,-0.10353802144527435,0.631578947368421
LAY_S_Last_Harvest_Super_Bowl_LX_Commercial_20260429_015322,ad_mean,L Sulcus collat transv ant,72,0.023403111845254898,0.08456404507160187,-0.11132911592721939,0.8055555555555556
LAY_S_Last_Harvest_Super_Bowl_LX_Commercial_20260429_015322,ad_mean,R Gyrus insular short,44,0.0232548788189888,0.08114363253116608,-0.0388297475874424,0.7045454545454546
LAY_S_Last_Harvest_Super_Bowl_LX_Commercial_20260429_015322,ad_mean,L Gyrus and Sulcus cingul-Ant,134,0.023058777675032616,0.1090722307562828,-0.13668730854988098,0.7388059701492538
LAY_S_Last_Harvest_Super_Bowl_LX_Commercial_20260429_015322,ad_mean,L Gyrus rectus,74,0.019841117784380913,0.16537773609161377,-0.06794248521327972,0.6351351351351351
LAY_S_Last_Harvest_Super_Bowl_LX_Commercial_20260429_015322,ad_mean,R Gyrus rectus,57,0.01783669739961624,0.16262970864772797,-0.09401681274175644,0.7192982456140351
LAY_S_Last_Harvest_Super_Bowl_LX_Commercial_20260429_015322,ad_mean,R Gyrus temporal inf,143,0.017093095928430557,0.1931263953447342,-0.21680060029029846,0.6013986013986014
LAY_S_Last_Harvest_Super_Bowl_LX_Commercial_20260429_015322,ad_mean,L Sulcus circular insula sup,191,0.015829164534807205,0.11698059737682343,-0.06321252137422562,0.675392670157068
LAY_S_Last_Harvest_Super_Bowl_LX_Commercial_20260429_015322,ad_mean,R Gyrus orbital,180,0.013190094381570816,0.15135237574577332,-0.0995071530342102,0.5888888888888889
LAY_S_Last_Harvest_Super_Bowl_LX_Commercial_20260429_015322,ad_mean,R Gyrus subcallosal,13,0.011672848835587502,0.05608484521508217,-0.06856470555067062,0.6923076923076923
LAY_S_Last_Harvest_Super_Bowl_LX_Commercial_20260429_015322,ad_mean,L Gyrus orbital,159,0.011181440204381943,0.15305976569652557,-0.12824119627475739,0.5471698113207547
LAY_S_Last_Harvest_Super_Bowl_LX_Commercial_20260429_015322,ad_mean,R Gyrus oc-temp med-Parahip,137,0.01081512775272131,0.14956948161125183,-0.08755534887313843,0.5693430656934306
LAY_S_Last_Harvest_Super_Bowl_LX_Commercial_20260429_015322,ad_mean,R Sulcus suborbital,28,0.010592828504741192,0.1247805655002594,-0.08218463510274887,0.5357142857142857
LAY_S_Last_Harvest_Super_Bowl_LX_Commercial_20260429_015322,ad_mean,L Gyrus cingul-Post-dorsal,69,0.010435589589178562,0.07589586079120636,-0.03294525295495987,0.6231884057971014
LAY_S_Last_Harvest_Super_Bowl_LX_Commercial_20260429_015322,ad_mean,R Gyrus cingul-Post-ventral,38,0.010171853005886078,0.08564384281635284,-0.03683085739612579,0.6578947368421053
LAY_S_Last_Harvest_Super_Bowl_LX_Commercial_20260429_015322,ad_mean,L Gyrus front inf-Orbital,29,0.009180082008242607,0.07120397686958313,-0.04781543090939522,0.6206896551724138
LAY_S_Last_Harvest_Super_Bowl_LX_Commercial_20260429_015322,ad_mean,L Gyrus and Sulcus frontomargin,59,0.008921584114432335,0.1655403971672058,-0.11699104309082031,0.5423728813559322
LAY_S_Last_Harvest_Super_Bowl_LX_Commercial_20260429_015322,ad_mean,L Gyrus cingul-Post-ventral,27,0.008553646504878998,0.06719151139259338,-0.0642600730061531,0.6666666666666666
LAY_S_Last_Harvest_Super_Bowl_LX_Commercial_20260429_015322,ad_mean,L Gyrus temporal inf,159,0.00835716538131237,0.24481937289237976,-0.2421482652425766,0.5220125786163522
LAY_S_Last_Harvest_Super_Bowl_LX_Commercial_20260429_015322,ad_mean,L Sulcus temporal inf,70,0.008220234885811806,0.1867455393075943,-0.19121570885181427,0.5571428571428572
LAY_S_Last_Harvest_Super_Bowl_LX_Commercial_20260429_015322,ad_mean,R Sulcus orbital lateral,22,0.007947699166834354,0.1368548572063446,-0.07873399555683136,0.5909090909090909
LAY_S_Last_Harvest_Super_Bowl_LX_Commercial_20260429_015322,ad_mean,L Gyrus insular short,59,0.007366472389549017,0.10042368620634079,-0.05778088793158531,0.576271186440678
LAY_S_Last_Harvest_Super_Bowl_LX_Commercial_20260429_015322,ad_mean,R Sulcus temporal inf,61,0.006574321072548628,0.19120894372463226,-0.20718437433242798,0.5081967213114754
LAY_S_Last_Harvest_Super_Bowl_LX_Commercial_20260429_015322,ad_mean,R Gyrus and Sulcus frontomargin,52,0.004861118737608194,0.10651152580976486,-0.08679352700710297,0.5384615384615384
LAY_S_Last_Harvest_Super_Bowl_LX_Commercial_20260429_015322,ad_mean,L Sulcus orbital-H Shaped,68,0.004056617151945829,0.08799430727958679,-0.10966930538415909,0.5147058823529411
LAY_S_Last_Harvest_Super_Bowl_LX_Commercial_20260429_015322,ad_mean,R Gyrus temporal middle,201,0.003142979694530368,0.16604319214820862,-0.22717395424842834,0.572139303482587
LAY_S_Last_Harvest_Super_Bowl_LX_Commercial_20260429_015322,ad_mean,L Gyrus Ins lg and S cent ins,44,0.002632833318784833,0.05599527060985565,-0.06923862546682358,0.5681818181818182
LAY_S_Last_Harvest_Super_Bowl_LX_Commercial_20260429_015322,ad_mean,L Gyrus temp sup-Plan polar,54,-0.005540632177144289,0.17535072565078735,-0.1189129576086998,0.2962962962962963
LAY_S_Last_Harvest_Super_Bowl_LX_Commercial_20260429_015322,ad_mean,L Gyrus subcallosal,16,-0.005637178663164377,0.027639785781502724,-0.05485544353723526,0.625
LAY_S_Last_Harvest_Super_Bowl_LX_Commercial_20260429_015322,ad_mean,R Sulcus orbital med-olfact,62,-0.009275023825466633,0.05955582484602928,-0.06703778356313705,0.3709677419354839
LAY_S_Last_Harvest_Super_Bowl_LX_Commercial_20260429_015322,ad_mean,L Gyrus oc-temp med-Parahip,152,-0.0138219203799963,0.0742974579334259,-0.10312721133232117,0.3618421052631579
LAY_S_Last_Harvest_Super_Bowl_LX_Commercial_20260429_015322,ad_mean,L Sulcus orbital med-olfact,51,-0.016197077929973602,0.07409968972206116,-0.0807415246963501,0.3333333333333333
LAY_S_Last_Harvest_Super_Bowl_LX_Commercial_20260429_015322,ad_mean,R Unknown,872,-0.016351692378520966,0.10797955840826035,-0.12446605414152145,0.3440366972477064
LAY_S_Last_Harvest_Super_Bowl_LX_Commercial_20260429_015322,ad_mean,L Unknown,870,-0.02086213231086731,0.11691752076148987,-0.10868463665246964,0.27241379310344827
LAY_S_Last_Harvest_Super_Bowl_LX_Commercial_20260429_015322,ad_mean,L Sulcus suborbital,46,-0.02149035781621933,0.06837204098701477,-0.08959563821554184,0.34782608695652173
LAY_S_Last_Harvest_Super_Bowl_LX_Commercial_20260429_015322,ad_mean,L Gyrus temporal middle,183,-0.029034379869699478,0.15142874419689178,-0.21957851946353912,0.39344262295081966
LAY_S_Last_Harvest_Super_Bowl_LX_Commercial_20260429_015322,ad_mean,R Pole temporal,111,-0.04996471107006073,0.07189121842384338,-0.20503561198711395,0.13513513513513514
LAY_S_Last_Harvest_Super_Bowl_LX_Commercial_20260429_015322,ad_mean,L Pole temporal,104,-0.06354405730962753,0.10251088440418243,-0.23914101719856262,0.23076923076923078
The_Choice_Pepsi_Super_Bowl_20260429_022611,ad_mean,L Sulcus collat transv post,21,0.5389538407325745,0.6111947298049927,0.35367920994758606,1.0
The_Choice_Pepsi_Super_Bowl_20260429_022611,ad_mean,R Sulcus collat transv post,25,0.5302781462669373,0.6430859565734863,0.31733155250549316,1.0
The_Choice_Pepsi_Super_Bowl_20260429_022611,ad_mean,R Sulcus oc middle and Lunatus,51,0.4851985275745392,0.6347726583480835,0.3266560733318329,1.0
The_Choice_Pepsi_Super_Bowl_20260429_022611,ad_mean,L Sulcus oc middle and Lunatus,61,0.4546283781528473,0.6001057028770447,0.22102150321006775,1.0
The_Choice_Pepsi_Super_Bowl_20260429_022611,ad_mean,L Sulcus oc sup and transversal,78,0.4377819001674652,0.5959323644638062,0.2606152892112732,1.0
The_Choice_Pepsi_Super_Bowl_20260429_022611,ad_mean,R Sulcus oc sup and transversal,94,0.43176043033599854,0.59184730052948,0.18813058733940125,1.0
The_Choice_Pepsi_Super_Bowl_20260429_022611,ad_mean,R Gyrus occipital middle,129,0.40737926959991455,0.6417494416236877,0.16443926095962524,1.0
The_Choice_Pepsi_Super_Bowl_20260429_022611,ad_mean,L Gyrus and Sulcus occipital inf,80,0.3975664973258972,0.6024312376976013,0.13812249898910522,1.0
The_Choice_Pepsi_Super_Bowl_20260429_022611,ad_mean,R Gyrus occipital sup,102,0.38167524337768555,0.6267349123954773,-0.02631690353155136,0.9901960784313726
The_Choice_Pepsi_Super_Bowl_20260429_022611,ad_mean,L Gyrus occipital middle,130,0.38135194778442383,0.5801538825035095,0.2230013608932495,1.0
The_Choice_Pepsi_Super_Bowl_20260429_022611,ad_mean,L Sulcus occipital ant,52,0.3800436556339264,0.5316774845123291,0.2760990560054779,1.0
The_Choice_Pepsi_Super_Bowl_20260429_022611,ad_mean,R Sulcus occipital ant,38,0.37665995955467224,0.48980286717414856,0.19890737533569336,1.0
The_Choice_Pepsi_Super_Bowl_20260429_022611,ad_mean,R Gyrus oc-temp lat-fusifor,107,0.36008983850479126,0.5833495855331421,0.017320655286312103,1.0
The_Choice_Pepsi_Super_Bowl_20260429_022611,ad_mean,L Pole occipital,128,0.35827797651290894,0.5855268239974976,0.02099328674376011,1.0
The_Choice_Pepsi_Super_Bowl_20260429_022611,ad_mean,R Sulcus oc-temp med and Lingual,132,0.34764498472213745,0.6334877610206604,0.0742100328207016,1.0
The_Choice_Pepsi_Super_Bowl_20260429_022611,ad_mean,R Gyrus and Sulcus occipital inf,87,0.34325531125068665,0.5472573637962341,0.07760866731405258,1.0
The_Choice_Pepsi_Super_Bowl_20260429_022611,ad_mean,R Pole occipital,173,0.33886662125587463,0.6250250935554504,-0.011864783242344856,0.9942196531791907
The_Choice_Pepsi_Super_Bowl_20260429_022611,ad_mean,L Gyrus oc-temp lat-fusifor,105,0.32865574955940247,0.6695319414138794,0.02364197000861168,1.0
The_Choice_Pepsi_Super_Bowl_20260429_022611,ad_mean,L Sulcus oc-temp med and Lingual,148,0.3078337013721466,0.6077452301979065,0.02754148095846176,1.0
The_Choice_Pepsi_Super_Bowl_20260429_022611,ad_mean,L Gyrus occipital sup,85,0.29351383447647095,0.5795127153396606,0.09056183695793152,1.0
The_Choice_Pepsi_Super_Bowl_20260429_022611,ad_mean,R Sulcus oc-temp lat,59,0.27686166763305664,0.4728226959705353,0.004989800043404102,1.0
The_Choice_Pepsi_Super_Bowl_20260429_022611,ad_mean,L Sulcus temporal transverse,35,0.23610907793045044,0.32652804255485535,0.18783052265644073,1.0
The_Choice_Pepsi_Super_Bowl_20260429_022611,ad_mean,L Sulcus oc-temp lat,54,0.23264113068580627,0.4080254137516022,0.024574756622314453,1.0
The_Choice_Pepsi_Super_Bowl_20260429_022611,ad_mean,L Gyrus oc-temp med-Lingual,151,0.22667258977890015,0.5787423253059387,0.05239127576351166,1.0
The_Choice_Pepsi_Super_Bowl_20260429_022611,ad_mean,R Sulcus precentral-sup-part,122,0.21255354583263397,0.3630827069282532,0.05110382288694382,1.0
The_Choice_Pepsi_Super_Bowl_20260429_022611,ad_mean,R Gyrus temp sup-Plan tempo,64,0.21176299452781677,0.3470979630947113,0.10913539677858353,1.0
The_Choice_Pepsi_Super_Bowl_20260429_022611,ad_mean,R Gyrus oc-temp med-Lingual,138,0.20608340203762054,0.4323320686817169,0.013000222854316235,1.0
The_Choice_Pepsi_Super_Bowl_20260429_022611,ad_mean,R Gyrus parietal sup,209,0.20296946167945862,0.4872822165489197,0.009574457071721554,1.0
The_Choice_Pepsi_Super_Bowl_20260429_022611,ad_mean,R Sulcus front inf,147,0.19875742495059967,0.37829625606536865,-0.03270723670721054,0.9727891156462585
The_Choice_Pepsi_Super_Bowl_20260429_022611,ad_mean,L Gyrus parietal sup,263,0.19420483708381653,0.4088250696659088,0.014945710077881813,1.0
The_Choice_Pepsi_Super_Bowl_20260429_022611,ad_mean,R Sulcus temporal transverse,25,0.1901005357503891,0.28994220495224,0.07540242373943329,1.0
The_Choice_Pepsi_Super_Bowl_20260429_022611,ad_mean,R Sulcus intrapariet and P trans,269,0.18662892282009125,0.43123170733451843,-0.037817105650901794,0.9776951672862454
The_Choice_Pepsi_Super_Bowl_20260429_022611,ad_mean,L Sulcus intrapariet and P trans,277,0.18274688720703125,0.5267334580421448,-0.05482841283082962,0.9422382671480144
The_Choice_Pepsi_Super_Bowl_20260429_022611,ad_mean,R Sulcus precentral-inf-part,117,0.18128745257854462,0.4140246510505676,0.017794795334339142,1.0
The_Choice_Pepsi_Super_Bowl_20260429_022611,ad_mean,L Sulcus precentral-sup-part,114,0.18115144968032837,0.38241949677467346,0.021446997299790382,1.0
The_Choice_Pepsi_Super_Bowl_20260429_022611,ad_mean,L Lat Fis-post,128,0.17994573712348938,0.42198505997657776,0.024327877908945084,1.0
The_Choice_Pepsi_Super_Bowl_20260429_022611,ad_mean,R Sulcus parieto occipital,141,0.16431857645511627,0.34327244758605957,-0.03875086456537247,0.9787234042553191
The_Choice_Pepsi_Super_Bowl_20260429_022611,ad_mean,R Sulcus calcarine,175,0.16174861788749695,0.45419803261756897,-0.19126178324222565,0.9542857142857143
The_Choice_Pepsi_Super_Bowl_20260429_022611,ad_mean,L Gyrus temp sup-Plan tempo,92,0.15878959000110626,0.30420389771461487,0.0027163447812199593,1.0
The_Choice_Pepsi_Super_Bowl_20260429_022611,ad_mean,L Sulcus calcarine,200,0.1519145667552948,0.5006150007247925,-0.13205452263355255,0.925
The_Choice_Pepsi_Super_Bowl_20260429_022611,ad_mean,L Gyrus cuneus,88,0.15075671672821045,0.4665396213531494,-0.009518612176179886,0.9772727272727273
The_Choice_Pepsi_Super_Bowl_20260429_022611,ad_mean,R Sulcus circular insula inf,142,0.14857396483421326,0.3801540434360504,-0.028012700378894806,0.9577464788732394
The_Choice_Pepsi_Super_Bowl_20260429_022611,ad_mean,L Gyrus temp sup-G T transv,44,0.14506754279136658,0.29423126578330994,0.01585220731794834,1.0
The_Choice_Pepsi_Super_Bowl_20260429_022611,ad_mean,L Sulcus parieto occipital,138,0.1421022266149521,0.29041245579719543,-0.05272292345762253,0.9420289855072463
The_Choice_Pepsi_Super_Bowl_20260429_022611,ad_mean,R Sulcus postcentral,261,0.14031541347503662,0.32647156715393066,-0.00021754061162937433,0.9961685823754789
The_Choice_Pepsi_Super_Bowl_20260429_022611,ad_mean,R Gyrus cuneus,90,0.13948681950569153,0.5064122080802917,-0.04115161672234535,0.9111111111111111
The_Choice_Pepsi_Super_Bowl_20260429_022611,ad_mean,R Gyrus pariet inf-Supramar,263,0.1385718435049057,0.3483230769634247,-0.013305901549756527,0.9885931558935361
The_Choice_Pepsi_Super_Bowl_20260429_022611,ad_mean,R Gyrus and Sulcus paracentral,141,0.1353057473897934,0.2652514576911926,-0.020556310191750526,0.9929078014184397
The_Choice_Pepsi_Super_Bowl_20260429_022611,ad_mean,L Sulcus cingul-Marginalis,116,0.13361972570419312,0.2723754346370697,-0.01343515794724226,0.9913793103448276
The_Choice_Pepsi_Super_Bowl_20260429_022611,ad_mean,L Sulcus postcentral,277,0.13105614483356476,0.28281787037849426,0.0019468098180368543,1.0
The_Choice_Pepsi_Super_Bowl_20260429_022611,ad_mean,R Gyrus precuneus,241,0.12985262274742126,0.3682604730129242,-0.055239636451005936,0.975103734439834
The_Choice_Pepsi_Super_Bowl_20260429_022611,ad_mean,R Gyrus temp sup-G T transv,35,0.12419509887695312,0.293263703584671,-0.005522903986275196,0.9714285714285714
The_Choice_Pepsi_Super_Bowl_20260429_022611,ad_mean,R Gyrus temp sup-Plan polar,49,0.12301603704690933,0.36058223247528076,0.002654412994161248,1.0
The_Choice_Pepsi_Super_Bowl_20260429_022611,ad_mean,R Gyrus cingul-Post-ventral,38,0.12282859534025192,0.2006632536649704,0.06304053962230682,1.0
The_Choice_Pepsi_Super_Bowl_20260429_022611,ad_mean,R Gyrus precentral,241,0.1215360090136528,0.3040401041507721,-0.024818571284413338,0.983402489626556
The_Choice_Pepsi_Super_Bowl_20260429_022611,ad_mean,R Sulcus front sup,175,0.12110337615013123,0.2763809263706207,0.006656032521277666,1.0
The_Choice_Pepsi_Super_Bowl_20260429_022611,ad_mean,L Gyrus pariet inf-Supramar,250,0.11908780783414841,0.33240726590156555,-0.17223134636878967,0.9
The_Choice_Pepsi_Super_Bowl_20260429_022611,ad_mean,L Sulcus front inf,136,0.11877787858247757,0.3024406433105469,-0.017736371606588364,0.9485294117647058
The_Choice_Pepsi_Super_Bowl_20260429_022611,ad_mean,L Gyrus cingul-Post-ventral,27,0.11807605624198914,0.1677968055009842,0.07884692400693893,1.0
The_Choice_Pepsi_Super_Bowl_20260429_022611,ad_mean,L Sulcus front sup,187,0.11620934307575226,0.2542279064655304,-0.031522657722234726,0.9786096256684492
The_Choice_Pepsi_Super_Bowl_20260429_022611,ad_mean,R Lat Fis-post,163,0.11249053478240967,0.2834935486316681,-0.024024631828069687,0.950920245398773
The_Choice_Pepsi_Super_Bowl_20260429_022611,ad_mean,R Sulcus cingul-Marginalis,149,0.1119920089840889,0.18894580006599426,0.04008455201983452,1.0
The_Choice_Pepsi_Super_Bowl_20260429_022611,ad_mean,R Lat Fis-ant-Vertical,19,0.11178161203861237,0.20323199033737183,-0.005580427125096321,0.9473684210526315
The_Choice_Pepsi_Super_Bowl_20260429_022611,ad_mean,L Sulcus circular insula inf,158,0.10737583041191101,0.27764469385147095,0.006362583953887224,1.0
The_Choice_Pepsi_Super_Bowl_20260429_022611,ad_mean,L Gyrus precuneus,225,0.10622923076152802,0.29553481936454773,-0.06524308770895004,0.9155555555555556
The_Choice_Pepsi_Super_Bowl_20260429_022611,ad_mean,L Gyrus and Sulcus paracentral,142,0.10485778003931046,0.2548462450504303,0.0016748943598940969,1.0
The_Choice_Pepsi_Super_Bowl_20260429_022611,ad_mean,R Gyrus front inf-Triangul,67,0.09728545695543289,0.28744998574256897,-0.143442764878273,0.8955223880597015
The_Choice_Pepsi_Super_Bowl_20260429_022611,ad_mean,R Lat Fis-ant-Horizont,29,0.09724531322717667,0.20052969455718994,0.023501081392169,1.0
The_Choice_Pepsi_Super_Bowl_20260429_022611,ad_mean,R Sulcus collat transv ant,68,0.0970052108168602,0.17553284764289856,-0.017233962193131447,0.9558823529411765
The_Choice_Pepsi_Super_Bowl_20260429_022611,ad_mean,L Gyrus and Sulcus cingul-Mid-Post,150,0.09639519453048706,0.316228449344635,-0.04474099352955818,0.9066666666666666
The_Choice_Pepsi_Super_Bowl_20260429_022611,ad_mean,L Gyrus precentral,238,0.09577827155590057,0.3184528350830078,-0.04805140942335129,0.9705882352941176
The_Choice_Pepsi_Super_Bowl_20260429_022611,ad_mean,R Sulcus temporal sup,481,0.09554804861545563,0.5061982274055481,-0.24040791392326355,0.6735966735966736
The_Choice_Pepsi_Super_Bowl_20260429_022611,ad_mean,L Sulcus precentral-inf-part,121,0.09393751621246338,0.25758397579193115,-0.07458629459142685,0.9173553719008265
The_Choice_Pepsi_Super_Bowl_20260429_022611,ad_mean,R Gyrus and Sulcus cingul-Mid-Post,145,0.09379632771015167,0.27052798867225647,-0.03977622091770172,0.9655172413793104
The_Choice_Pepsi_Super_Bowl_20260429_022611,ad_mean,R Sulcus interm prim-Jensen,49,0.09211257845163345,0.23611098527908325,0.006333892233669758,1.0
The_Choice_Pepsi_Super_Bowl_20260429_022611,ad_mean,L Gyrus and Sulcus cingul-Mid-Ant,122,0.09136585146188736,0.1791173219680786,-0.017946593463420868,0.9672131147540983
The_Choice_Pepsi_Super_Bowl_20260429_022611,ad_mean,R Gyrus and Sulcus cingul-Mid-Ant,142,0.08736039698123932,0.2289728820323944,-0.03283369913697243,0.9647887323943662
The_Choice_Pepsi_Super_Bowl_20260429_022611,ad_mean,R Sulcus subparietal,115,0.08652140945196152,0.3210486173629761,-0.10527059435844421,0.8
The_Choice_Pepsi_Super_Bowl_20260429_022611,ad_mean,R Gyrus temp sup-Lateral,163,0.08384966850280762,0.33302125334739685,-0.1869449019432068,0.7300613496932515
The_Choice_Pepsi_Super_Bowl_20260429_022611,ad_mean,R Sulcus front middle,127,0.08345848321914673,0.19835519790649414,-0.0005372820305638015,0.9921259842519685
The_Choice_Pepsi_Super_Bowl_20260429_022611,ad_mean,R Gyrus oc-temp med-Parahip,137,0.07882235199213028,0.32606786489486694,-0.07294472306966782,0.9124087591240876
The_Choice_Pepsi_Super_Bowl_20260429_022611,ad_mean,R Gyrus Ins lg and S cent ins,48,0.0783308893442154,0.16001583635807037,-0.009702068753540516,0.9583333333333334
The_Choice_Pepsi_Super_Bowl_20260429_022611,ad_mean,R Gyrus front middle,255,0.078124038875103,0.33327415585517883,-0.09765831381082535,0.8745098039215686
The_Choice_Pepsi_Super_Bowl_20260429_022611,ad_mean,L Gyrus postcentral,222,0.07779563963413239,0.27021902799606323,-0.05984596163034439,0.8918918918918919
The_Choice_Pepsi_Super_Bowl_20260429_022611,ad_mean,L Sulcus front middle,87,0.07568111270666122,0.2345801144838333,-0.07307900488376617,0.9080459770114943
The_Choice_Pepsi_Super_Bowl_20260429_022611,ad_mean,R Gyrus postcentral,193,0.07207012921571732,0.2466152310371399,-0.043027155101299286,0.8704663212435233
The_Choice_Pepsi_Super_Bowl_20260429_022611,ad_mean,L Gyrus temp sup-Plan polar,54,0.07059964537620544,0.2954118847846985,-0.06588809937238693,0.8518518518518519
The_Choice_Pepsi_Super_Bowl_20260429_022611,ad_mean,R Sulcus central,301,0.07035287469625473,0.20630331337451935,-0.09365567564964294,0.8039867109634552
The_Choice_Pepsi_Super_Bowl_20260429_022611,ad_mean,R Sulcus temporal inf,61,0.0672832727432251,0.42211297154426575,-0.15359926223754883,0.47540983606557374
The_Choice_Pepsi_Super_Bowl_20260429_022611,ad_mean,R Sulcus orbital-H Shaped,77,0.06649290770292282,0.20659077167510986,-0.06731556355953217,0.8571428571428571
The_Choice_Pepsi_Super_Bowl_20260429_022611,ad_mean,R Sulcus orbital lateral,22,0.06522796303033829,0.12058325856924057,-0.004715877119451761,0.9545454545454546
The_Choice_Pepsi_Super_Bowl_20260429_022611,ad_mean,R Gyrus front sup,494,0.06451156735420227,0.25560200214385986,-0.11805109679698944,0.8461538461538461
The_Choice_Pepsi_Super_Bowl_20260429_022611,ad_mean,R Gyrus front inf-Opercular,98,0.06239978224039078,0.23635917901992798,-0.0695205107331276,0.8469387755102041
The_Choice_Pepsi_Super_Bowl_20260429_022611,ad_mean,R Sulcus circular insula ant,61,0.06084626168012619,0.1201365664601326,-0.035449009388685226,0.9508196721311475
The_Choice_Pepsi_Super_Bowl_20260429_022611,ad_mean,R Gyrus and Sulcus transv frontopol,52,0.05986873432993889,0.15431128442287445,-0.012340032495558262,0.8846153846153846
The_Choice_Pepsi_Super_Bowl_20260429_022611,ad_mean,R Gyrus insular short,44,0.058988071978092194,0.12664753198623657,-0.0046623521484434605,0.9772727272727273
The_Choice_Pepsi_Super_Bowl_20260429_022611,ad_mean,L Sulcus central,311,0.057606834918260574,0.18135081231594086,-0.1016261950135231,0.7588424437299035
The_Choice_Pepsi_Super_Bowl_20260429_022611,ad_mean,L Sulcus collat transv ant,72,0.05571649596095085,0.2151845097541809,-0.030626604333519936,0.8888888888888888
The_Choice_Pepsi_Super_Bowl_20260429_022611,ad_mean,L Gyrus oc-temp med-Parahip,152,0.05538950487971306,0.23220385611057281,-0.06601880490779877,0.8552631578947368
The_Choice_Pepsi_Super_Bowl_20260429_022611,ad_mean,L Sulcus subparietal,85,0.05493852496147156,0.2279244363307953,-0.04053032025694847,0.8705882352941177
The_Choice_Pepsi_Super_Bowl_20260429_022611,ad_mean,L Sulcus temporal inf,70,0.05485807731747627,0.4195234179496765,-0.17711201310157776,0.4142857142857143
The_Choice_Pepsi_Super_Bowl_20260429_022611,ad_mean,L Gyrus and Sulcus cingul-Ant,134,0.052456002682447433,0.16344840824604034,-0.11850897967815399,0.8582089552238806
The_Choice_Pepsi_Super_Bowl_20260429_022611,ad_mean,L Sulcus orbital-H Shaped,68,0.05070770904421806,0.16199982166290283,-0.10481875389814377,0.7647058823529411
The_Choice_Pepsi_Super_Bowl_20260429_022611,ad_mean,L Gyrus and Sulcus subcentral,165,0.04964345321059227,0.15037772059440613,-0.0604991614818573,0.9393939393939394
The_Choice_Pepsi_Super_Bowl_20260429_022611,ad_mean,L Gyrus and Sulcus transv frontopol,38,0.049296990036964417,0.1366211175918579,-0.061142079532146454,0.7894736842105263
The_Choice_Pepsi_Super_Bowl_20260429_022611,ad_mean,L Sulcus pericallosal,147,0.04813379794359207,0.16157327592372894,-0.08772562444210052,0.8775510204081632
The_Choice_Pepsi_Super_Bowl_20260429_022611,ad_mean,R Gyrus cingul-Post-dorsal,57,0.047893963754177094,0.17975376546382904,-0.05480680614709854,0.8947368421052632
The_Choice_Pepsi_Super_Bowl_20260429_022611,ad_mean,R Gyrus pariet inf-Angular,205,0.047018591314554214,0.314742773771286,-0.08965086936950684,0.7219512195121951
The_Choice_Pepsi_Super_Bowl_20260429_022611,ad_mean,R Sulcus pericallosal,146,0.04679588973522186,0.1721177101135254,-0.09932748228311539,0.7808219178082192
The_Choice_Pepsi_Super_Bowl_20260429_022611,ad_mean,L Gyrus front sup,527,0.04648194834589958,0.23656180500984192,-0.1282329261302948,0.7760910815939279
The_Choice_Pepsi_Super_Bowl_20260429_022611,ad_mean,L Sulcus circular insula sup,191,0.04646236449480057,0.15044735372066498,-0.04157852381467819,0.8638743455497382
The_Choice_Pepsi_Super_Bowl_20260429_022611,ad_mean,R Gyrus temporal inf,143,0.045313455164432526,0.39895063638687134,-0.16859851777553558,0.5734265734265734
The_Choice_Pepsi_Super_Bowl_20260429_022611,ad_mean,L Lat Fis-ant-Vertical,34,0.044543299823999405,0.16376951336860657,-0.05828336626291275,0.8529411764705882
The_Choice_Pepsi_Super_Bowl_20260429_022611,ad_mean,L Gyrus insular short,59,0.04379550367593765,0.10568413138389587,-0.03472711145877838,0.9322033898305084
The_Choice_Pepsi_Super_Bowl_20260429_022611,ad_mean,R Sulcus circular insula sup,151,0.04267372563481331,0.17765174806118011,-0.03866488113999367,0.8145695364238411
The_Choice_Pepsi_Super_Bowl_20260429_022611,ad_mean,L Gyrus temporal inf,159,0.042230598628520966,0.4859733581542969,-0.2061159759759903,0.4968553459119497
The_Choice_Pepsi_Super_Bowl_20260429_022611,ad_mean,L Gyrus Ins lg and S cent ins,44,0.04159943759441376,0.10256730020046234,-0.015121571719646454,0.9318181818181818
The_Choice_Pepsi_Super_Bowl_20260429_022611,ad_mean,L Gyrus front middle,267,0.04042705520987511,0.3023107647895813,-0.12238852679729462,0.7191011235955056
The_Choice_Pepsi_Super_Bowl_20260429_022611,ad_mean,R Gyrus and Sulcus subcentral,131,0.03710685670375824,0.14938724040985107,-0.03682607784867287,0.8854961832061069
The_Choice_Pepsi_Super_Bowl_20260429_022611,ad_mean,L Lat Fis-ant-Horizont,24,0.03635778650641441,0.10197616368532181,-0.07185240834951401,0.7083333333333334
The_Choice_Pepsi_Super_Bowl_20260429_022611,ad_mean,L Sulcus circular insula ant,56,0.03436689078807831,0.0842994898557663,-0.05897471308708191,0.8571428571428571
The_Choice_Pepsi_Super_Bowl_20260429_022611,ad_mean,R Gyrus and Sulcus cingul-Ant,173,0.02878083847463131,0.19013983011245728,-0.13075269758701324,0.7283236994219653
The_Choice_Pepsi_Super_Bowl_20260429_022611,ad_mean,L Gyrus front inf-Opercular,107,0.024630974978208542,0.1609272062778473,-0.10871419310569763,0.7009345794392523
The_Choice_Pepsi_Super_Bowl_20260429_022611,ad_mean,L Gyrus cingul-Post-dorsal,69,0.022832924500107765,0.163850337266922,-0.05708492547273636,0.7681159420289855
The_Choice_Pepsi_Super_Bowl_20260429_022611,ad_mean,L Gyrus front inf-Triangul,61,0.022296184673905373,0.19551843404769897,-0.07268965989351273,0.6721311475409836
The_Choice_Pepsi_Super_Bowl_20260429_022611,ad_mean,R Unknown,872,0.02220773883163929,0.21737681329250336,-0.13413867354393005,0.6376146788990825
The_Choice_Pepsi_Super_Bowl_20260429_022611,ad_mean,R Gyrus and Sulcus frontomargin,52,0.02209998480975628,0.09609225392341614,-0.05207875743508339,0.6730769230769231
The_Choice_Pepsi_Super_Bowl_20260429_022611,ad_mean,L Sulcus interm prim-Jensen,29,0.021963877603411674,0.2089017927646637,-0.1767326146364212,0.6206896551724138
The_Choice_Pepsi_Super_Bowl_20260429_022611,ad_mean,L Gyrus pariet inf-Angular,190,0.020462768152356148,0.3491198718547821,-0.19429664313793182,0.5526315789473685
The_Choice_Pepsi_Super_Bowl_20260429_022611,ad_mean,R Gyrus temporal middle,201,0.01867011934518814,0.38791224360466003,-0.17755219340324402,0.43781094527363185
The_Choice_Pepsi_Super_Bowl_20260429_022611,ad_mean,R Gyrus rectus,57,0.01427613478153944,0.16296841204166412,-0.05751765891909599,0.6140350877192983
The_Choice_Pepsi_Super_Bowl_20260429_022611,ad_mean,L Gyrus orbital,159,0.01404339075088501,0.12334300577640533,-0.0903572291135788,0.610062893081761
The_Choice_Pepsi_Super_Bowl_20260429_022611,ad_mean,L Unknown,870,0.013811837881803513,0.20091623067855835,-0.12629301846027374,0.5781609195402299
The_Choice_Pepsi_Super_Bowl_20260429_022611,ad_mean,R Gyrus subcallosal,13,0.011305660009384155,0.04841139540076256,-0.053269632160663605,0.7692307692307693
The_Choice_Pepsi_Super_Bowl_20260429_022611,ad_mean,R Gyrus orbital,180,0.011199088767170906,0.1370668113231659,-0.14998210966587067,0.5666666666666667
The_Choice_Pepsi_Super_Bowl_20260429_022611,ad_mean,R Pole temporal,111,0.01071296725422144,0.13027717173099518,-0.12730960547924042,0.6126126126126126
The_Choice_Pepsi_Super_Bowl_20260429_022611,ad_mean,L Gyrus and Sulcus frontomargin,59,0.010018093511462212,0.12471403181552887,-0.06954117864370346,0.5084745762711864
The_Choice_Pepsi_Super_Bowl_20260429_022611,ad_mean,L Gyrus rectus,74,0.009555320255458355,0.14068292081356049,-0.07896158844232559,0.5540540540540541
The_Choice_Pepsi_Super_Bowl_20260429_022611,ad_mean,R Sulcus suborbital,28,0.008576075546443462,0.13004904985427856,-0.08134471625089645,0.5
The_Choice_Pepsi_Super_Bowl_20260429_022611,ad_mean,L Gyrus temp sup-Lateral,171,0.00766536220908165,0.3057688772678375,-0.2134775072336197,0.45614035087719296
The_Choice_Pepsi_Super_Bowl_20260429_022611,ad_mean,L Sulcus suborbital,46,0.0069446568377316,0.09577307105064392,-0.0946977287530899,0.5217391304347826
The_Choice_Pepsi_Super_Bowl_20260429_022611,ad_mean,L Gyrus subcallosal,16,0.0033344936091452837,0.031690485775470734,-0.05046231299638748,0.5625
The_Choice_Pepsi_Super_Bowl_20260429_022611,ad_mean,R Gyrus front inf-Orbital,20,0.002452956046909094,0.0711892694234848,-0.05912843719124794,0.55
The_Choice_Pepsi_Super_Bowl_20260429_022611,ad_mean,L Sulcus orbital lateral,23,-0.006075822748243809,0.10499435663223267,-0.09313218295574188,0.34782608695652173
The_Choice_Pepsi_Super_Bowl_20260429_022611,ad_mean,R Sulcus orbital med-olfact,62,-0.007550674024969339,0.06862304359674454,-0.1150759756565094,0.4838709677419355
The_Choice_Pepsi_Super_Bowl_20260429_022611,ad_mean,L Sulcus orbital med-olfact,51,-0.008427017368376255,0.05146034434437752,-0.10877223312854767,0.43137254901960786
The_Choice_Pepsi_Super_Bowl_20260429_022611,ad_mean,L Sulcus temporal sup,414,-0.021556563675403595,0.44414961338043213,-0.24352216720581055,0.3333333333333333
The_Choice_Pepsi_Super_Bowl_20260429_022611,ad_mean,L Pole temporal,104,-0.022821776568889618,0.10278276354074478,-0.21223434805870056,0.4519230769230769
The_Choice_Pepsi_Super_Bowl_20260429_022611,ad_mean,L Gyrus front inf-Orbital,29,-0.027466243132948875,0.07436862587928772,-0.09766753017902374,0.3103448275862069
The_Choice_Pepsi_Super_Bowl_20260429_022611,ad_mean,L Gyrus temporal middle,183,-0.037598587572574615,0.32411763072013855,-0.23450520634651184,0.2786885245901639
Considering_What_Paris_2024_Paralympic_Games,ad_mean,L Sulcus collat transv post,21,0.09757598489522934,0.11850570887327194,0.07414495199918747,1.0
Considering_What_Paris_2024_Paralympic_Games,ad_mean,R Sulcus temporal transverse,25,0.09429368376731873,0.16193239390850067,0.03787121921777725,1.0
Considering_What_Paris_2024_Paralympic_Games,ad_mean,R Gyrus temp sup-Plan tempo,64,0.09303206205368042,0.16471007466316223,0.02072153426706791,1.0
Considering_What_Paris_2024_Paralympic_Games,ad_mean,L Sulcus temporal transverse,35,0.08314713835716248,0.14645028114318848,0.037207912653684616,1.0
Considering_What_Paris_2024_Paralympic_Games,ad_mean,R Gyrus temp sup-G T transv,35,0.07960347086191177,0.15900640189647675,0.01370466873049736,1.0
Considering_What_Paris_2024_Paralympic_Games,ad_mean,R Sulcus collat transv post,25,0.07377418130636215,0.11491648852825165,-0.0001340356539003551,0.96
Considering_What_Paris_2024_Paralympic_Games,ad_mean,L Lat Fis-post,128,0.0724390521645546,0.17850002646446228,-0.001721055363304913,0.9921875
Considering_What_Paris_2024_Paralympic_Games,ad_mean,L Sulcus oc sup and transversal,78,0.06924925744533539,0.13197897374629974,0.01458301953971386,1.0
Considering_What_Paris_2024_Paralympic_Games,ad_mean,R Sulcus precentral-inf-part,117,0.06869471818208694,0.12913845479488373,-0.0036408808082342148,0.9829059829059829
Considering_What_Paris_2024_Paralympic_Games,ad_mean,L Gyrus temp sup-Plan tempo,92,0.06738658249378204,0.14171849191188812,-0.06185905262827873,0.9239130434782609
Considering_What_Paris_2024_Paralympic_Games,ad_mean,R Sulcus oc sup and transversal,94,0.0631774291396141,0.11116518080234528,0.005488860420882702,1.0
Considering_What_Paris_2024_Paralympic_Games,ad_mean,R Sulcus circular insula inf,142,0.06190923973917961,0.1943730115890503,-0.0025065818335860968,0.9859154929577465
Considering_What_Paris_2024_Paralympic_Games,ad_mean,R Sulcus precentral-sup-part,122,0.06065453961491585,0.1435931921005249,0.00856045726686716,1.0
Considering_What_Paris_2024_Paralympic_Games,ad_mean,L Gyrus temp sup-G T transv,44,0.060378435999155045,0.12840062379837036,-0.00727349566295743,0.9545454545454546
Considering_What_Paris_2024_Paralympic_Games,ad_mean,R Gyrus occipital sup,102,0.0590190663933754,0.11892569810152054,-0.03177041560411453,0.9803921568627451
Considering_What_Paris_2024_Paralympic_Games,ad_mean,R Sulcus intrapariet and P trans,269,0.05500221997499466,0.12676888704299927,-0.02017957903444767,0.9516728624535316
Considering_What_Paris_2024_Paralympic_Games,ad_mean,R Sulcus oc-temp med and Lingual,132,0.052834488451480865,0.15292352437973022,-0.024005485698580742,0.8636363636363636
Considering_What_Paris_2024_Paralympic_Games,ad_mean,L Sulcus oc middle and Lunatus,61,0.05091137811541557,0.1112680733203888,-0.024910300970077515,0.9508196721311475
Considering_What_Paris_2024_Paralympic_Games,ad_mean,R Gyrus precentral,241,0.04970690235495567,0.15020611882209778,-0.02277989313006401,0.979253112033195
Considering_What_Paris_2024_Paralympic_Games,ad_mean,L Sulcus intrapariet and P trans,277,0.048977330327034,0.13442961871623993,-0.026400554925203323,0.9638989169675091
Considering_What_Paris_2024_Paralympic_Games,ad_mean,R Sulcus front inf,147,0.04840906709432602,0.12776751816272736,-0.03578430041670799,0.891156462585034
Considering_What_Paris_2024_Paralympic_Games,ad_mean,R Gyrus front inf-Opercular,98,0.044725894927978516,0.10466059297323227,-0.006043208297342062,0.9795918367346939
Considering_What_Paris_2024_Paralympic_Games,ad_mean,L Sulcus front inf,136,0.04340420663356781,0.09963525831699371,-0.02172587625682354,0.9485294117647058
Considering_What_Paris_2024_Paralympic_Games,ad_mean,R Gyrus and Sulcus cingul-Mid-Ant,142,0.043209269642829895,0.111642986536026,-0.02616051211953163,0.9788732394366197
Considering_What_Paris_2024_Paralympic_Games,ad_mean,R Lat Fis-post,163,0.04161027446389198,0.10907479375600815,-0.01825004070997238,0.9570552147239264
Considering_What_Paris_2024_Paralympic_Games,ad_mean,L Gyrus and Sulcus cingul-Mid-Ant,122,0.04112160578370094,0.08498524874448776,-0.005812388379126787,0.9836065573770492
Considering_What_Paris_2024_Paralympic_Games,ad_mean,R Gyrus pariet inf-Supramar,263,0.04077504575252533,0.1284753829240799,-0.06445527821779251,0.8821292775665399
Considering_What_Paris_2024_Paralympic_Games,ad_mean,R Gyrus temp sup-Lateral,163,0.03996899351477623,0.173064187169075,-0.17068570852279663,0.7607361963190185
Considering_What_Paris_2024_Paralympic_Games,ad_mean,R Gyrus oc-temp med-Lingual,138,0.039895933121442795,0.10670579224824905,-0.02177649550139904,0.9057971014492754
Considering_What_Paris_2024_Paralympic_Games,ad_mean,L Gyrus occipital sup,85,0.03866133838891983,0.10262226313352585,-0.024655627086758614,0.8823529411764706
Considering_What_Paris_2024_Paralympic_Games,ad_mean,R Lat Fis-ant-Horizont,29,0.0357174389064312,0.08450865000486374,-0.010475391522049904,0.9655172413793104
Considering_What_Paris_2024_Paralympic_Games,ad_mean,L Sulcus precentral-sup-part,114,0.0355231873691082,0.10457465052604675,-0.03524542599916458,0.8771929824561403
Considering_What_Paris_2024_Paralympic_Games,ad_mean,R Sulcus oc middle and Lunatus,51,0.035193588584661484,0.07601547241210938,-0.013041507452726364,0.9019607843137255
Considering_What_Paris_2024_Paralympic_Games,ad_mean,R Lat Fis-ant-Vertical,19,0.0337485708296299,0.06658115237951279,-0.003780416212975979,0.9473684210526315
Considering_What_Paris_2024_Paralympic_Games,ad_mean,R Sulcus postcentral,261,0.03352488577365875,0.08957960456609726,-0.023282596841454506,0.9540229885057471
Considering_What_Paris_2024_Paralympic_Games,ad_mean,R Gyrus and Sulcus cingul-Mid-Post,145,0.03349689021706581,0.08926685154438019,-0.021066704764962196,0.9241379310344827
Considering_What_Paris_2024_Paralympic_Games,ad_mean,R Sulcus interm prim-Jensen,49,0.03343362361192703,0.1037130132317543,-0.09643684327602386,0.8367346938775511
Considering_What_Paris_2024_Paralympic_Games,ad_mean,R Gyrus oc-temp lat-fusifor,107,0.033415764570236206,0.11276998370885849,-0.058858878910541534,0.7663551401869159
Considering_What_Paris_2024_Paralympic_Games,ad_mean,L Gyrus oc-temp med-Lingual,151,0.03319733962416649,0.10985506325960159,-0.06233874708414078,0.8874172185430463
Considering_What_Paris_2024_Paralympic_Games,ad_mean,L Gyrus precentral,238,0.03236570581793785,0.10182993113994598,-0.033600080758333206,0.8781512605042017
Considering_What_Paris_2024_Paralympic_Games,ad_mean,L Sulcus orbital lateral,23,0.03218558430671692,0.09283989667892456,-0.03472578898072243,0.8260869565217391
Considering_What_Paris_2024_Paralympic_Games,ad_mean,L Sulcus circular insula inf,158,0.03191153705120087,0.144720658659935,-0.03000487945973873,0.9113924050632911
Considering_What_Paris_2024_Paralympic_Games,ad_mean,L Gyrus oc-temp lat-fusifor,105,0.03169012442231178,0.1265784204006195,-0.05030253902077675,0.7428571428571429
Considering_What_Paris_2024_Paralympic_Games,ad_mean,L Gyrus and Sulcus cingul-Mid-Post,150,0.03105621598660946,0.07309265434741974,-0.038928475230932236,0.9133333333333333
Considering_What_Paris_2024_Paralympic_Games,ad_mean,L Sulcus precentral-inf-part,121,0.02938559092581272,0.09024950861930847,-0.02240469492971897,0.859504132231405
Considering_What_Paris_2024_Paralympic_Games,ad_mean,R Gyrus insular short,44,0.028303617611527443,0.07224768400192261,-0.029196027666330338,0.8863636363636364
Considering_What_Paris_2024_Paralympic_Games,ad_mean,R Gyrus and Sulcus subcentral,131,0.027873948216438293,0.09790623188018799,-0.021694960072636604,0.9007633587786259
Considering_What_Paris_2024_Paralympic_Games,ad_mean,R Gyrus parietal sup,209,0.027752511203289032,0.0971706435084343,-0.03145385906100273,0.7990430622009569
Considering_What_Paris_2024_Paralympic_Games,ad_mean,R Gyrus cuneus,90,0.027679944410920143,0.10368283838033676,-0.04283197596669197,0.8333333333333334
Considering_What_Paris_2024_Paralympic_Games,ad_mean,L Gyrus parietal sup,263,0.027592528611421585,0.11127951741218567,-0.041007108986377716,0.8250950570342205
Considering_What_Paris_2024_Paralympic_Games,ad_mean,L Sulcus oc-temp med and Lingual,148,0.027397269383072853,0.14952369034290314,-0.08187873661518097,0.581081081081081
Considering_What_Paris_2024_Paralympic_Games,ad_mean,L Gyrus front inf-Opercular,107,0.02644619159400463,0.10054908692836761,-0.04909933730959892,0.8504672897196262
Considering_What_Paris_2024_Paralympic_Games,ad_mean,R Gyrus temp sup-Plan polar,49,0.026353828608989716,0.22434532642364502,-0.08087735623121262,0.40816326530612246
Considering_What_Paris_2024_Paralympic_Games,ad_mean,L Sulcus postcentral,277,0.026348533108830452,0.0876779854297638,-0.03960138186812401,0.8736462093862816
Considering_What_Paris_2024_Paralympic_Games,ad_mean,L Gyrus pariet inf-Supramar,250,0.02589443512260914,0.16334806382656097,-0.09124955534934998,0.82
Considering_What_Paris_2024_Paralympic_Games,ad_mean,R Sulcus calcarine,175,0.024817880243062973,0.12718352675437927,-0.06355935335159302,0.7542857142857143
Considering_What_Paris_2024_Paralympic_Games,ad_mean,L Gyrus cuneus,88,0.02401670068502426,0.07056503742933273,-0.03405962511897087,0.8295454545454546
Considering_What_Paris_2024_Paralympic_Games,ad_mean,R Gyrus and Sulcus paracentral,141,0.023798009380698204,0.0672251284122467,-0.022615749388933182,0.8936170212765957
Considering_What_Paris_2024_Paralympic_Games,ad_mean,R Pole occipital,173,0.02337375469505787,0.11591242253780365,-0.07008986175060272,0.6936416184971098
Considering_What_Paris_2024_Paralympic_Games,ad_mean,L Pole occipital,128,0.023324355483055115,0.11383511871099472,-0.07111946493387222,0.6796875
Considering_What_Paris_2024_Paralympic_Games,ad_mean,L Sulcus calcarine,200,0.02297840639948845,0.11622165143489838,-0.08384083956480026,0.765
Considering_What_Paris_2024_Paralympic_Games,ad_mean,R Sulcus circular insula sup,151,0.0223108921200037,0.07361903041601181,-0.023055048659443855,0.8741721854304636
Considering_What_Paris_2024_Paralympic_Games,ad_mean,R Gyrus postcentral,193,0.022172823548316956,0.08424583822488785,-0.04272383451461792,0.8393782383419689
Considering_What_Paris_2024_Paralympic_Games,ad_mean,L Gyrus postcentral,222,0.02132042497396469,0.07924950867891312,-0.04433529078960419,0.7162162162162162
Considering_What_Paris_2024_Paralympic_Games,ad_mean,L Gyrus front inf-Triangul,61,0.020310694351792336,0.0584462471306324,-0.029699498787522316,0.8360655737704918
Considering_What_Paris_2024_Paralympic_Games,ad_mean,L Lat Fis-ant-Vertical,34,0.020248305052518845,0.051043279469013214,-0.027511458843946457,0.8823529411764706
Considering_What_Paris_2024_Paralympic_Games,ad_mean,L Gyrus and Sulcus occipital inf,80,0.019601937383413315,0.11868350207805634,-0.08225014060735703,0.6875
Considering_What_Paris_2024_Paralympic_Games,ad_mean,R Gyrus front middle,255,0.01894429512321949,0.10722117871046066,-0.0667993351817131,0.7058823529411765
Considering_What_Paris_2024_Paralympic_Games,ad_mean,R Sulcus circular insula ant,61,0.018444394692778587,0.07762639224529266,-0.049684569239616394,0.7540983606557377
Considering_What_Paris_2024_Paralympic_Games,ad_mean,L Gyrus and Sulcus subcentral,165,0.016385449096560478,0.07279335707426071,-0.04878421872854233,0.7636363636363637
Considering_What_Paris_2024_Paralympic_Games,ad_mean,L Sulcus oc-temp lat,54,0.016152920201420784,0.0965515524148941,-0.04082220792770386,0.5740740740740741
Considering_What_Paris_2024_Paralympic_Games,ad_mean,R Gyrus front inf-Triangul,67,0.015048728324472904,0.09748773276805878,-0.10730482637882233,0.6567164179104478
Considering_What_Paris_2024_Paralympic_Games,ad_mean,L Sulcus circular insula sup,191,0.014844070188701153,0.06550325453281403,-0.03995571285486221,0.680628272251309
Considering_What_Paris_2024_Paralympic_Games,ad_mean,L Gyrus front middle,267,0.014604986645281315,0.09424462914466858,-0.08521902561187744,0.7153558052434457
Considering_What_Paris_2024_Paralympic_Games,ad_mean,L Gyrus and Sulcus paracentral,142,0.014539467170834541,0.07434176653623581,-0.027343645691871643,0.7323943661971831
Considering_What_Paris_2024_Paralympic_Games,ad_mean,R Sulcus front sup,175,0.014134757220745087,0.07565033435821533,-0.0475468784570694,0.6685714285714286
Considering_What_Paris_2024_Paralympic_Games,ad_mean,R Gyrus Ins lg and S cent ins,48,0.013560225255787373,0.03980330750346184,-0.012564728036522865,0.8333333333333334
Considering_What_Paris_2024_Paralympic_Games,ad_mean,R Sulcus central,301,0.01355227455496788,0.07799150049686432,-0.041534438729286194,0.6445182724252492
Considering_What_Paris_2024_Paralympic_Games,ad_mean,R Sulcus cingul-Marginalis,149,0.013340936973690987,0.04948015511035919,-0.049563754349946976,0.738255033557047
Considering_What_Paris_2024_Paralympic_Games,ad_mean,R Sulcus front middle,127,0.01263335719704628,0.07553257793188095,-0.037298619747161865,0.6771653543307087
Considering_What_Paris_2024_Paralympic_Games,ad_mean,L Lat Fis-ant-Horizont,24,0.012532840482890606,0.052396345883607864,-0.02558218687772751,0.6666666666666666
Considering_What_Paris_2024_Paralympic_Games,ad_mean,L Sulcus circular insula ant,56,0.012448209337890148,0.05287208780646324,-0.035102732479572296,0.7321428571428571
Considering_What_Paris_2024_Paralympic_Games,ad_mean,L Sulcus cingul-Marginalis,116,0.0121822664514184,0.06987816840410233,-0.054232608526945114,0.6206896551724138
Considering_What_Paris_2024_Paralympic_Games,ad_mean,L Gyrus insular short,59,0.011782567948102951,0.047933440655469894,-0.04326561465859413,0.7457627118644068
Considering_What_Paris_2024_Paralympic_Games,ad_mean,L Gyrus front sup,527,0.01171291433274746,0.11102000623941422,-0.09413795173168182,0.6299810246679317
Considering_What_Paris_2024_Paralympic_Games,ad_mean,R Gyrus occipital middle,129,0.011689352802932262,0.10437016934156418,-0.08950085937976837,0.6434108527131783
Considering_What_Paris_2024_Paralympic_Games,ad_mean,L Gyrus temp sup-Lateral,171,0.010839339345693588,0.17093691229820251,-0.14074650406837463,0.5847953216374269
Considering_What_Paris_2024_Paralympic_Games,ad_mean,R Gyrus pariet inf-Angular,205,0.010565551929175854,0.09990847110748291,-0.08420052379369736,0.6292682926829268
Considering_What_Paris_2024_Paralympic_Games,ad_mean,R Sulcus parieto occipital,141,0.009827817790210247,0.0707116425037384,-0.07332602143287659,0.6453900709219859
Considering_What_Paris_2024_Paralympic_Games,ad_mean,L Sulcus front middle,87,0.009342601522803307,0.06720434874296188,-0.052759043872356415,0.6436781609195402
Considering_What_Paris_2024_Paralympic_Games,ad_mean,L Gyrus occipital middle,130,0.008553805761039257,0.0975012481212616,-0.05143947899341583,0.5769230769230769
Considering_What_Paris_2024_Paralympic_Games,ad_mean,L Gyrus and Sulcus transv frontopol,38,0.007730400655418634,0.08443623781204224,-0.058866240084171295,0.5789473684210527
Considering_What_Paris_2024_Paralympic_Games,ad_mean,R Gyrus and Sulcus transv frontopol,52,0.0075592296198010445,0.06916239112615585,-0.050728973001241684,0.6346153846153846
Considering_What_Paris_2024_Paralympic_Games,ad_mean,L Sulcus occipital ant,52,0.007005337160080671,0.05870765075087547,-0.041407618671655655,0.6538461538461539
Considering_What_Paris_2024_Paralympic_Games,ad_mean,R Sulcus pericallosal,146,0.006220088340342045,0.08273708820343018,-0.08306148648262024,0.6164383561643836
Considering_What_Paris_2024_Paralympic_Games,ad_mean,L Sulcus central,311,0.005729044321924448,0.09467751532793045,-0.07140893489122391,0.5112540192926045
Considering_What_Paris_2024_Paralympic_Games,ad_mean,L Sulcus pericallosal,147,0.004641360137611628,0.05904347077012062,-0.08355431258678436,0.6122448979591837
Considering_What_Paris_2024_Paralympic_Games,ad_mean,R Gyrus front sup,494,0.0031893537379801273,0.1397431194782257,-0.1243830993771553,0.520242914979757
Considering_What_Paris_2024_Paralympic_Games,ad_mean,R Sulcus oc-temp lat,59,0.002916115103289485,0.0673210471868515,-0.07503493875265121,0.5932203389830508
Considering_What_Paris_2024_Paralympic_Games,ad_mean,L Sulcus front sup,187,0.002704325597733259,0.08205021172761917,-0.08187006413936615,0.5187165775401069
Considering_What_Paris_2024_Paralympic_Games,ad_mean,R Sulcus orbital lateral,22,0.001272014225833118,0.07207779586315155,-0.0388965904712677,0.4090909090909091
Considering_What_Paris_2024_Paralympic_Games,ad_mean,R Sulcus orbital-H Shaped,77,0.00036385245039127767,0.06179806962609291,-0.07591711729764938,0.4805194805194805
Considering_What_Paris_2024_Paralympic_Games,ad_mean,R Gyrus and Sulcus frontomargin,52,-0.0006800717092119157,0.04596411809325218,-0.06765049695968628,0.4807692307692308
Considering_What_Paris_2024_Paralympic_Games,ad_mean,L Gyrus rectus,74,-0.00226776534691453,0.06892061233520508,-0.05249509960412979,0.4864864864864865
Considering_What_Paris_2024_Paralympic_Games,ad_mean,R Gyrus and Sulcus occipital inf,87,-0.0027465559542179108,0.07554853707551956,-0.09535553306341171,0.5747126436781609
Considering_What_Paris_2024_Paralympic_Games,ad_mean,R Gyrus orbital,180,-0.004298077430576086,0.07597557455301285,-0.07928451895713806,0.45555555555555555
Considering_What_Paris_2024_Paralympic_Games,ad_mean,L Gyrus and Sulcus frontomargin,59,-0.004847544711083174,0.06923091411590576,-0.053979307413101196,0.423728813559322
Considering_What_Paris_2024_Paralympic_Games,ad_mean,L Sulcus parieto occipital,138,-0.005019751377403736,0.06526945531368256,-0.08270357549190521,0.463768115942029
Considering_What_Paris_2024_Paralympic_Games,ad_mean,L Gyrus Ins lg and S cent ins,44,-0.005397236440330744,0.03546909615397453,-0.04583778232336044,0.3181818181818182
Considering_What_Paris_2024_Paralympic_Games,ad_mean,L Sulcus temporal inf,70,-0.005752208177000284,0.08303328603506088,-0.10764060914516449,0.42857142857142855
Considering_What_Paris_2024_Paralympic_Games,ad_mean,R Gyrus front inf-Orbital,20,-0.006491548381745815,0.028466708958148956,-0.04400814697146416,0.4
Considering_What_Paris_2024_Paralympic_Games,ad_mean,L Gyrus temporal inf,159,-0.006619206629693508,0.07919639348983765,-0.15543292462825775,0.4339622641509434
Considering_What_Paris_2024_Paralympic_Games,ad_mean,L Gyrus orbital,159,-0.006789378356188536,0.08522006869316101,-0.07315674424171448,0.39622641509433965
Considering_What_Paris_2024_Paralympic_Games,ad_mean,R Gyrus subcallosal,13,-0.007714336272329092,0.02325490117073059,-0.05833393707871437,0.5384615384615384
Considering_What_Paris_2024_Paralympic_Games,ad_mean,R Gyrus oc-temp med-Parahip,137,-0.007839355617761612,0.05203138664364815,-0.056258589029312134,0.34306569343065696
Considering_What_Paris_2024_Paralympic_Games,ad_mean,L Gyrus temp sup-Plan polar,54,-0.007846380583941936,0.15294671058654785,-0.09975588321685791,0.2962962962962963
Considering_What_Paris_2024_Paralympic_Games,ad_mean,L Gyrus front inf-Orbital,29,-0.007850896567106247,0.03837716206908226,-0.04792025312781334,0.3448275862068966
Considering_What_Paris_2024_Paralympic_Games,ad_mean,R Gyrus rectus,57,-0.008748646825551987,0.03410240262746811,-0.07378046959638596,0.45614035087719296
Considering_What_Paris_2024_Paralympic_Games,ad_mean,R Sulcus orbital med-olfact,62,-0.010241045616567135,0.03188958019018173,-0.05243406817317009,0.2903225806451613
Considering_What_Paris_2024_Paralympic_Games,ad_mean,L Gyrus pariet inf-Angular,190,-0.010765519924461842,0.07367492467164993,-0.11104099452495575,0.46842105263157896
Considering_What_Paris_2024_Paralympic_Games,ad_mean,L Sulcus orbital med-olfact,51,-0.012002145871520042,0.032107092440128326,-0.06551937758922577,0.29411764705882354
Considering_What_Paris_2024_Paralympic_Games,ad_mean,R Gyrus temporal inf,143,-0.012017089873552322,0.06041703373193741,-0.17370213568210602,0.4825174825174825
Considering_What_Paris_2024_Paralympic_Games,ad_mean,L Sulcus collat transv ant,72,-0.012268807739019394,0.026355134323239326,-0.07727572321891785,0.2777777777777778
Considering_What_Paris_2024_Paralympic_Games,ad_mean,R Sulcus collat transv ant,68,-0.012854151427745819,0.05338320881128311,-0.09320347756147385,0.36764705882352944
Considering_What_Paris_2024_Paralympic_Games,ad_mean,L Gyrus subcallosal,16,-0.0165095217525959,0.01639578491449356,-0.0383480042219162,0.125
Considering_What_Paris_2024_Paralympic_Games,ad_mean,L Sulcus interm prim-Jensen,29,-0.016648005694150925,0.05928011238574982,-0.09851492196321487,0.4827586206896552
Considering_What_Paris_2024_Paralympic_Games,ad_mean,L Sulcus orbital-H Shaped,68,-0.017557336017489433,0.038377657532691956,-0.0719102993607521,0.23529411764705882
Considering_What_Paris_2024_Paralympic_Games,ad_mean,R Unknown,872,-0.019138870760798454,0.06023607775568962,-0.08017496764659882,0.22247706422018348
Considering_What_Paris_2024_Paralympic_Games,ad_mean,R Sulcus temporal inf,61,-0.019186703488230705,0.04138411954045296,-0.14244356751441956,0.3442622950819672
Considering_What_Paris_2024_Paralympic_Games,ad_mean,L Unknown,870,-0.022196810692548752,0.05815882608294487,-0.08515336364507675,0.18620689655172415
Considering_What_Paris_2024_Paralympic_Games,ad_mean,L Gyrus cingul-Post-dorsal,69,-0.024256320670247078,0.02040136605501175,-0.09923626482486725,0.18840579710144928
Considering_What_Paris_2024_Paralympic_Games,ad_mean,R Gyrus cingul-Post-dorsal,57,-0.024363238364458084,0.05718370899558067,-0.1282602846622467,0.42105263157894735
Considering_What_Paris_2024_Paralympic_Games,ad_mean,R Gyrus and Sulcus cingul-Ant,173,-0.024443024769425392,0.06733593344688416,-0.10503796488046646,0.23121387283236994
Considering_What_Paris_2024_Paralympic_Games,ad_mean,R Sulcus suborbital,28,-0.024456415325403214,0.020193906500935555,-0.06316974759101868,0.14285714285714285
Considering_What_Paris_2024_Paralympic_Games,ad_mean,L Gyrus oc-temp med-Parahip,152,-0.024726267904043198,0.0351090170443058,-0.0945308655500412,0.14473684210526316
Considering_What_Paris_2024_Paralympic_Games,ad_mean,L Gyrus and Sulcus cingul-Ant,134,-0.02542826719582081,0.03919832035899162,-0.10986043512821198,0.2537313432835821
Considering_What_Paris_2024_Paralympic_Games,ad_mean,L Gyrus precuneus,225,-0.031858861446380615,0.061147261410951614,-0.1526198536157608,0.21333333333333335
Considering_What_Paris_2024_Paralympic_Games,ad_mean,R Sulcus temporal sup,481,-0.03414472937583923,0.08873900771141052,-0.14971250295639038,0.23492723492723494
Considering_What_Paris_2024_Paralympic_Games,ad_mean,R Sulcus occipital ant,38,-0.03428028151392937,0.03499745577573776,-0.12613926827907562,0.23684210526315788
Considering_What_Paris_2024_Paralympic_Games,ad_mean,L Sulcus suborbital,46,-0.0365009643137455,0.02496120147407055,-0.0876631811261177,0.13043478260869565
Considering_What_Paris_2024_Paralympic_Games,ad_mean,R Gyrus precuneus,241,-0.03667635843157768,0.051726922392845154,-0.1434040069580078,0.1908713692946058
Considering_What_Paris_2024_Paralympic_Games,ad_mean,L Sulcus temporal sup,414,-0.03812391310930252,0.06213022768497467,-0.14932399988174438,0.21739130434782608
Considering_What_Paris_2024_Paralympic_Games,ad_mean,R Gyrus cingul-Post-ventral,38,-0.04144834727048874,0.026826350018382072,-0.08607412874698639,0.05263157894736842
Considering_What_Paris_2024_Paralympic_Games,ad_mean,L Gyrus cingul-Post-ventral,27,-0.04160565882921219,0.015308047644793987,-0.09413360804319382,0.1111111111111111
Considering_What_Paris_2024_Paralympic_Games,ad_mean,L Sulcus subparietal,85,-0.04283817484974861,0.009367077611386776,-0.11491384357213974,0.03529411764705882
Considering_What_Paris_2024_Paralympic_Games,ad_mean,L Pole temporal,104,-0.04559765383601189,0.06304798275232315,-0.13482891023159027,0.2403846153846154
Considering_What_Paris_2024_Paralympic_Games,ad_mean,R Pole temporal,111,-0.047635890543460846,0.04076559096574783,-0.15351502597332,0.06306306306306306
Considering_What_Paris_2024_Paralympic_Games,ad_mean,L Gyrus temporal middle,183,-0.048691682517528534,0.04934466630220413,-0.16379892826080322,0.1366120218579235
Considering_What_Paris_2024_Paralympic_Games,ad_mean,R Gyrus temporal middle,201,-0.0501769483089447,0.05947976931929588,-0.17508751153945923,0.19402985074626866
Considering_What_Paris_2024_Paralympic_Games,ad_mean,R Sulcus subparietal,115,-0.06939335912466049,0.0030765333212912083,-0.14471182227134705,0.017391304347826087
