ad,frame_index,time_sec,prediction_index,rank,region,score
Budweiser_Super_Bowl_LX_Commercial_American_Icons,0,0.0,0,1,R Sulcus orbital-H Shaped,3.28
Budweiser_Super_Bowl_LX_Commercial_American_Icons,0,0.0,0,2,L Sulcus orbital med-olfact,3.1
Budweiser_Super_Bowl_LX_Commercial_American_Icons,0,0.0,0,3,R Gyrus rectus,3.05
Budweiser_Super_Bowl_LX_Commercial_American_Icons,0,0.0,0,4,R Gyrus front sup,2.91
Budweiser_Super_Bowl_LX_Commercial_American_Icons,0,0.0,0,5,L Gyrus and Sulcus cingul-Ant,2.86
Budweiser_Super_Bowl_LX_Commercial_American_Icons,0,0.0,0,6,L Sulcus pericallosal,2.85
Budweiser_Super_Bowl_LX_Commercial_American_Icons,0,0.0,0,7,L Gyrus rectus,2.79
Budweiser_Super_Bowl_LX_Commercial_American_Icons,0,0.0,0,8,L Pole temporal,2.77
Budweiser_Super_Bowl_LX_Commercial_American_Icons,1,0.5,0,1,R Sulcus orbital-H Shaped,3.28
Budweiser_Super_Bowl_LX_Commercial_American_Icons,1,0.5,0,2,L Sulcus orbital med-olfact,3.1
Budweiser_Super_Bowl_LX_Commercial_American_Icons,1,0.5,0,3,R Gyrus rectus,3.05
Budweiser_Super_Bowl_LX_Commercial_American_Icons,1,0.5,0,4,R Gyrus front sup,2.91
Budweiser_Super_Bowl_LX_Commercial_American_Icons,1,0.5,0,5,L Gyrus and Sulcus cingul-Ant,2.86
Budweiser_Super_Bowl_LX_Commercial_American_Icons,1,0.5,0,6,L Sulcus pericallosal,2.85
Budweiser_Super_Bowl_LX_Commercial_American_Icons,1,0.5,0,7,L Gyrus rectus,2.79
Budweiser_Super_Bowl_LX_Commercial_American_Icons,1,0.5,0,8,L Pole temporal,2.77
Budweiser_Super_Bowl_LX_Commercial_American_Icons,2,1.0,1,1,R Sulcus orbital-H Shaped,3.0
Budweiser_Super_Bowl_LX_Commercial_American_Icons,2,1.0,1,2,L Sulcus orbital med-olfact,2.68
Budweiser_Super_Bowl_LX_Commercial_American_Icons,2,1.0,1,3,R Gyrus rectus,2.65
Budweiser_Super_Bowl_LX_Commercial_American_Icons,2,1.0,1,4,L Gyrus temporal middle,2.63
Budweiser_Super_Bowl_LX_Commercial_American_Icons,2,1.0,1,5,L Gyrus rectus,2.55
Budweiser_Super_Bowl_LX_Commercial_American_Icons,2,1.0,1,6,R Gyrus orbital,2.54
Budweiser_Super_Bowl_LX_Commercial_American_Icons,2,1.0,1,7,L Sulcus temporal inf,2.45
Budweiser_Super_Bowl_LX_Commercial_American_Icons,2,1.0,1,8,L Gyrus and Sulcus cingul-Ant,2.38
Budweiser_Super_Bowl_LX_Commercial_American_Icons,3,1.5,1,1,R Sulcus orbital-H Shaped,3.0
Budweiser_Super_Bowl_LX_Commercial_American_Icons,3,1.5,1,2,L Sulcus orbital med-olfact,2.68
Budweiser_Super_Bowl_LX_Commercial_American_Icons,3,1.5,1,3,R Gyrus rectus,2.65
Budweiser_Super_Bowl_LX_Commercial_American_Icons,3,1.5,1,4,L Gyrus temporal middle,2.63
Budweiser_Super_Bowl_LX_Commercial_American_Icons,3,1.5,1,5,L Gyrus rectus,2.55
Budweiser_Super_Bowl_LX_Commercial_American_Icons,3,1.5,1,6,R Gyrus orbital,2.54
Budweiser_Super_Bowl_LX_Commercial_American_Icons,3,1.5,1,7,L Sulcus temporal inf,2.45
Budweiser_Super_Bowl_LX_Commercial_American_Icons,3,1.5,1,8,L Gyrus and Sulcus cingul-Ant,2.38
Budweiser_Super_Bowl_LX_Commercial_American_Icons,4,2.0,2,1,R Sulcus orbital-H Shaped,2.58
Budweiser_Super_Bowl_LX_Commercial_American_Icons,4,2.0,2,2,L Sulcus orbital med-olfact,2.46
Budweiser_Super_Bowl_LX_Commercial_American_Icons,4,2.0,2,3,R Gyrus orbital,2.34
Budweiser_Super_Bowl_LX_Commercial_American_Icons,4,2.0,2,4,R Gyrus and Sulcus cingul-Ant,2.2
Budweiser_Super_Bowl_LX_Commercial_American_Icons,4,2.0,2,5,L Gyrus orbital,2.17
Budweiser_Super_Bowl_LX_Commercial_American_Icons,4,2.0,2,6,L Gyrus rectus,2.17
Budweiser_Super_Bowl_LX_Commercial_American_Icons,4,2.0,2,7,L Gyrus and Sulcus cingul-Ant,2.13
Budweiser_Super_Bowl_LX_Commercial_American_Icons,4,2.0,2,8,L Gyrus temporal inf,2.12
Budweiser_Super_Bowl_LX_Commercial_American_Icons,5,2.5,2,1,R Sulcus orbital-H Shaped,2.58
Budweiser_Super_Bowl_LX_Commercial_American_Icons,5,2.5,2,2,L Sulcus orbital med-olfact,2.46
Budweiser_Super_Bowl_LX_Commercial_American_Icons,5,2.5,2,3,R Gyrus orbital,2.34
Budweiser_Super_Bowl_LX_Commercial_American_Icons,5,2.5,2,4,R Gyrus and Sulcus cingul-Ant,2.2
Budweiser_Super_Bowl_LX_Commercial_American_Icons,5,2.5,2,5,L Gyrus orbital,2.17
Budweiser_Super_Bowl_LX_Commercial_American_Icons,5,2.5,2,6,L Gyrus rectus,2.17
Budweiser_Super_Bowl_LX_Commercial_American_Icons,5,2.5,2,7,L Gyrus and Sulcus cingul-Ant,2.13
Budweiser_Super_Bowl_LX_Commercial_American_Icons,5,2.5,2,8,L Gyrus temporal inf,2.12
Budweiser_Super_Bowl_LX_Commercial_American_Icons,6,3.0,3,1,L Sulcus orbital med-olfact,2.1
Budweiser_Super_Bowl_LX_Commercial_American_Icons,7,3.5,3,1,L Sulcus orbital med-olfact,2.1
Budweiser_Super_Bowl_LX_Commercial_American_Icons,12,6.0,6,1,R Gyrus temporal inf,2.15
Budweiser_Super_Bowl_LX_Commercial_American_Icons,13,6.5,6,1,R Gyrus temporal inf,2.15
Budweiser_Super_Bowl_LX_Commercial_American_Icons,14,7.0,7,1,L Gyrus temporal inf,2.28
Budweiser_Super_Bowl_LX_Commercial_American_Icons,15,7.5,7,1,L Gyrus temporal inf,2.28
Budweiser_Super_Bowl_LX_Commercial_American_Icons,16,8.0,8,1,L Gyrus temporal inf,2.47
Budweiser_Super_Bowl_LX_Commercial_American_Icons,16,8.0,8,2,R Sulcus temporal inf,2.29
Budweiser_Super_Bowl_LX_Commercial_American_Icons,16,8.0,8,3,R Sulcus orbital med-olfact,2.23
Budweiser_Super_Bowl_LX_Commercial_American_Icons,16,8.0,8,4,L Sulcus temporal inf,2.22
Budweiser_Super_Bowl_LX_Commercial_American_Icons,16,8.0,8,5,R Pole temporal,2.19
Budweiser_Super_Bowl_LX_Commercial_American_Icons,16,8.0,8,6,R Gyrus subcallosal,2.17
Budweiser_Super_Bowl_LX_Commercial_American_Icons,16,8.0,8,7,R Gyrus rectus,2.04
Budweiser_Super_Bowl_LX_Commercial_American_Icons,17,8.5,8,1,L Gyrus temporal inf,2.47
Budweiser_Super_Bowl_LX_Commercial_American_Icons,17,8.5,8,2,R Sulcus temporal inf,2.29
Budweiser_Super_Bowl_LX_Commercial_American_Icons,17,8.5,8,3,R Sulcus orbital med-olfact,2.23
Budweiser_Super_Bowl_LX_Commercial_American_Icons,17,8.5,8,4,L Sulcus temporal inf,2.22
Budweiser_Super_Bowl_LX_Commercial_American_Icons,17,8.5,8,5,R Pole temporal,2.19
Budweiser_Super_Bowl_LX_Commercial_American_Icons,17,8.5,8,6,R Gyrus subcallosal,2.17
Budweiser_Super_Bowl_LX_Commercial_American_Icons,17,8.5,8,7,R Gyrus rectus,2.04
Budweiser_Super_Bowl_LX_Commercial_American_Icons,18,9.0,9,1,L Sulcus temporal inf,2.55
Budweiser_Super_Bowl_LX_Commercial_American_Icons,18,9.0,9,2,L Gyrus temporal inf,2.42
Budweiser_Super_Bowl_LX_Commercial_American_Icons,18,9.0,9,3,R Sulcus orbital med-olfact,2.4
Budweiser_Super_Bowl_LX_Commercial_American_Icons,18,9.0,9,4,R Gyrus rectus,2.28
Budweiser_Super_Bowl_LX_Commercial_American_Icons,18,9.0,9,5,R Sulcus temporal inf,2.27
Budweiser_Super_Bowl_LX_Commercial_American_Icons,18,9.0,9,6,L Gyrus and Sulcus transv frontopol,2.23
Budweiser_Super_Bowl_LX_Commercial_American_Icons,18,9.0,9,7,L Lat Fis-post,2.09
Budweiser_Super_Bowl_LX_Commercial_American_Icons,18,9.0,9,8,R Gyrus front sup,2.08
Budweiser_Super_Bowl_LX_Commercial_American_Icons,19,9.5,9,1,L Sulcus temporal inf,2.55
Budweiser_Super_Bowl_LX_Commercial_American_Icons,19,9.5,9,2,L Gyrus temporal inf,2.42
Budweiser_Super_Bowl_LX_Commercial_American_Icons,19,9.5,9,3,R Sulcus orbital med-olfact,2.4
Budweiser_Super_Bowl_LX_Commercial_American_Icons,19,9.5,9,4,R Gyrus rectus,2.28
Budweiser_Super_Bowl_LX_Commercial_American_Icons,19,9.5,9,5,R Sulcus temporal inf,2.27
Budweiser_Super_Bowl_LX_Commercial_American_Icons,19,9.5,9,6,L Gyrus and Sulcus transv frontopol,2.23
Budweiser_Super_Bowl_LX_Commercial_American_Icons,19,9.5,9,7,L Lat Fis-post,2.09
Budweiser_Super_Bowl_LX_Commercial_American_Icons,19,9.5,9,8,R Gyrus front sup,2.08
Budweiser_Super_Bowl_LX_Commercial_American_Icons,20,10.0,10,1,R Sulcus orbital med-olfact,2.29
Budweiser_Super_Bowl_LX_Commercial_American_Icons,20,10.0,10,2,L Sulcus temporal inf,2.26
Budweiser_Super_Bowl_LX_Commercial_American_Icons,20,10.0,10,3,R Gyrus rectus,2.12
Budweiser_Super_Bowl_LX_Commercial_American_Icons,20,10.0,10,4,L Gyrus temporal inf,2.12
Budweiser_Super_Bowl_LX_Commercial_American_Icons,20,10.0,10,5,L Gyrus temporal middle,2.1
Budweiser_Super_Bowl_LX_Commercial_American_Icons,21,10.5,10,1,R Sulcus orbital med-olfact,2.29
Budweiser_Super_Bowl_LX_Commercial_American_Icons,21,10.5,10,2,L Sulcus temporal inf,2.26
Budweiser_Super_Bowl_LX_Commercial_American_Icons,21,10.5,10,3,R Gyrus rectus,2.12
Budweiser_Super_Bowl_LX_Commercial_American_Icons,21,10.5,10,4,L Gyrus temporal inf,2.12
Budweiser_Super_Bowl_LX_Commercial_American_Icons,21,10.5,10,5,L Gyrus temporal middle,2.1
Budweiser_Super_Bowl_LX_Commercial_American_Icons,22,11.0,11,1,L Gyrus temporal inf,2.46
Budweiser_Super_Bowl_LX_Commercial_American_Icons,22,11.0,11,2,L Gyrus orbital,2.27
Budweiser_Super_Bowl_LX_Commercial_American_Icons,22,11.0,11,3,L Gyrus front inf-Orbital,2.17
Budweiser_Super_Bowl_LX_Commercial_American_Icons,22,11.0,11,4,R Sulcus orbital med-olfact,2.06
Budweiser_Super_Bowl_LX_Commercial_American_Icons,23,11.5,11,1,L Gyrus temporal inf,2.46
Budweiser_Super_Bowl_LX_Commercial_American_Icons,23,11.5,11,2,L Gyrus orbital,2.27
Budweiser_Super_Bowl_LX_Commercial_American_Icons,23,11.5,11,3,L Gyrus front inf-Orbital,2.17
Budweiser_Super_Bowl_LX_Commercial_American_Icons,23,11.5,11,4,R Sulcus orbital med-olfact,2.06
Budweiser_Super_Bowl_LX_Commercial_American_Icons,24,12.0,12,1,L Gyrus orbital,2.43
Budweiser_Super_Bowl_LX_Commercial_American_Icons,24,12.0,12,2,L Gyrus front middle,2.33
Budweiser_Super_Bowl_LX_Commercial_American_Icons,24,12.0,12,3,R Gyrus front inf-Orbital,2.28
Budweiser_Super_Bowl_LX_Commercial_American_Icons,24,12.0,12,4,L Gyrus temporal inf,2.25
Budweiser_Super_Bowl_LX_Commercial_American_Icons,24,12.0,12,5,R Sulcus orbital lateral,2.23
Budweiser_Super_Bowl_LX_Commercial_American_Icons,24,12.0,12,6,R Gyrus and Sulcus frontomargin,2.16
Budweiser_Super_Bowl_LX_Commercial_American_Icons,24,12.0,12,7,L Sulcus orbital lateral,2.08
Budweiser_Super_Bowl_LX_Commercial_American_Icons,25,12.5,12,1,L Gyrus orbital,2.43
Budweiser_Super_Bowl_LX_Commercial_American_Icons,25,12.5,12,2,L Gyrus front middle,2.33
Budweiser_Super_Bowl_LX_Commercial_American_Icons,25,12.5,12,3,R Gyrus front inf-Orbital,2.28
Budweiser_Super_Bowl_LX_Commercial_American_Icons,25,12.5,12,4,L Gyrus temporal inf,2.25
Budweiser_Super_Bowl_LX_Commercial_American_Icons,25,12.5,12,5,R Sulcus orbital lateral,2.23
Budweiser_Super_Bowl_LX_Commercial_American_Icons,25,12.5,12,6,R Gyrus and Sulcus frontomargin,2.16
Budweiser_Super_Bowl_LX_Commercial_American_Icons,25,12.5,12,7,L Sulcus orbital lateral,2.08
Budweiser_Super_Bowl_LX_Commercial_American_Icons,26,13.0,13,1,R Sulcus orbital lateral,2.56
Budweiser_Super_Bowl_LX_Commercial_American_Icons,26,13.0,13,2,R Gyrus front inf-Orbital,2.53
Budweiser_Super_Bowl_LX_Commercial_American_Icons,26,13.0,13,3,L Gyrus front middle,2.39
Budweiser_Super_Bowl_LX_Commercial_American_Icons,26,13.0,13,4,L Gyrus orbital,2.26
Budweiser_Super_Bowl_LX_Commercial_American_Icons,26,13.0,13,5,L Sulcus interm prim-Jensen,2.21
Budweiser_Super_Bowl_LX_Commercial_American_Icons,26,13.0,13,6,L Gyrus pariet inf-Supramar,2.15
Budweiser_Super_Bowl_LX_Commercial_American_Icons,26,13.0,13,7,R Gyrus front middle,2.13
Budweiser_Super_Bowl_LX_Commercial_American_Icons,26,13.0,13,8,R Gyrus orbital,2.12
Budweiser_Super_Bowl_LX_Commercial_American_Icons,27,13.5,13,1,R Sulcus orbital lateral,2.56
Budweiser_Super_Bowl_LX_Commercial_American_Icons,27,13.5,13,2,R Gyrus front inf-Orbital,2.53
Budweiser_Super_Bowl_LX_Commercial_American_Icons,27,13.5,13,3,L Gyrus front middle,2.39
Budweiser_Super_Bowl_LX_Commercial_American_Icons,27,13.5,13,4,L Gyrus orbital,2.26
Budweiser_Super_Bowl_LX_Commercial_American_Icons,27,13.5,13,5,L Sulcus interm prim-Jensen,2.21
Budweiser_Super_Bowl_LX_Commercial_American_Icons,27,13.5,13,6,L Gyrus pariet inf-Supramar,2.15
Budweiser_Super_Bowl_LX_Commercial_American_Icons,27,13.5,13,7,R Gyrus front middle,2.13
Budweiser_Super_Bowl_LX_Commercial_American_Icons,27,13.5,13,8,R Gyrus orbital,2.12
Budweiser_Super_Bowl_LX_Commercial_American_Icons,28,14.0,14,1,R Sulcus orbital lateral,2.47
Budweiser_Super_Bowl_LX_Commercial_American_Icons,28,14.0,14,2,R Gyrus front middle,2.43
Budweiser_Super_Bowl_LX_Commercial_American_Icons,28,14.0,14,3,R Gyrus front inf-Orbital,2.37
Budweiser_Super_Bowl_LX_Commercial_American_Icons,28,14.0,14,4,R Gyrus orbital,2.27
Budweiser_Super_Bowl_LX_Commercial_American_Icons,28,14.0,14,5,R Gyrus front sup,2.17
Budweiser_Super_Bowl_LX_Commercial_American_Icons,28,14.0,14,6,L Sulcus interm prim-Jensen,2.17
Budweiser_Super_Bowl_LX_Commercial_American_Icons,28,14.0,14,7,L Gyrus front middle,2.09
Budweiser_Super_Bowl_LX_Commercial_American_Icons,28,14.0,14,8,L Gyrus pariet inf-Supramar,2.06
Budweiser_Super_Bowl_LX_Commercial_American_Icons,29,14.5,14,1,R Sulcus orbital lateral,2.47
Budweiser_Super_Bowl_LX_Commercial_American_Icons,29,14.5,14,2,R Gyrus front middle,2.43
Budweiser_Super_Bowl_LX_Commercial_American_Icons,29,14.5,14,3,R Gyrus front inf-Orbital,2.37
Budweiser_Super_Bowl_LX_Commercial_American_Icons,29,14.5,14,4,R Gyrus orbital,2.27
Budweiser_Super_Bowl_LX_Commercial_American_Icons,29,14.5,14,5,R Gyrus front sup,2.17
Budweiser_Super_Bowl_LX_Commercial_American_Icons,29,14.5,14,6,L Sulcus interm prim-Jensen,2.17
Budweiser_Super_Bowl_LX_Commercial_American_Icons,29,14.5,14,7,L Gyrus front middle,2.09
Budweiser_Super_Bowl_LX_Commercial_American_Icons,29,14.5,14,8,L Gyrus pariet inf-Supramar,2.06
Budweiser_Super_Bowl_LX_Commercial_American_Icons,30,15.0,15,1,R Gyrus front middle,2.19
Budweiser_Super_Bowl_LX_Commercial_American_Icons,30,15.0,15,2,R Gyrus front inf-Orbital,2.19
Budweiser_Super_Bowl_LX_Commercial_American_Icons,30,15.0,15,3,R Gyrus front sup,2.16
Budweiser_Super_Bowl_LX_Commercial_American_Icons,30,15.0,15,4,R Sulcus orbital lateral,2.07
Budweiser_Super_Bowl_LX_Commercial_American_Icons,31,15.5,15,1,R Gyrus front middle,2.19
Budweiser_Super_Bowl_LX_Commercial_American_Icons,31,15.5,15,2,R Gyrus front inf-Orbital,2.19
Budweiser_Super_Bowl_LX_Commercial_American_Icons,31,15.5,15,3,R Gyrus front sup,2.16
Budweiser_Super_Bowl_LX_Commercial_American_Icons,31,15.5,15,4,R Sulcus orbital lateral,2.07
Budweiser_Super_Bowl_LX_Commercial_American_Icons,32,16.0,16,1,R Gyrus rectus,2.08
Budweiser_Super_Bowl_LX_Commercial_American_Icons,33,16.5,16,1,R Gyrus rectus,2.08
Budweiser_Super_Bowl_LX_Commercial_American_Icons,34,17.0,17,1,R Gyrus rectus,2.11
Budweiser_Super_Bowl_LX_Commercial_American_Icons,35,17.5,17,1,R Gyrus rectus,2.11
Budweiser_Super_Bowl_LX_Commercial_American_Icons,36,18.0,18,1,R Gyrus rectus,2.21
Budweiser_Super_Bowl_LX_Commercial_American_Icons,36,18.0,18,2,L Sulcus oc-temp med and Lingual,2.2
Budweiser_Super_Bowl_LX_Commercial_American_Icons,37,18.5,18,1,R Gyrus rectus,2.21
Budweiser_Super_Bowl_LX_Commercial_American_Icons,37,18.5,18,2,L Sulcus oc-temp med and Lingual,2.2
Budweiser_Super_Bowl_LX_Commercial_American_Icons,38,19.0,19,1,L Sulcus oc-temp med and Lingual,2.17
Budweiser_Super_Bowl_LX_Commercial_American_Icons,38,19.0,19,2,L Sulcus orbital med-olfact,2.14
Budweiser_Super_Bowl_LX_Commercial_American_Icons,38,19.0,19,3,L Sulcus collat transv ant,2.12
Budweiser_Super_Bowl_LX_Commercial_American_Icons,38,19.0,19,4,L Gyrus and Sulcus cingul-Ant,2.07
Budweiser_Super_Bowl_LX_Commercial_American_Icons,39,19.5,19,1,L Sulcus oc-temp med and Lingual,2.17
Budweiser_Super_Bowl_LX_Commercial_American_Icons,39,19.5,19,2,L Sulcus orbital med-olfact,2.14
Budweiser_Super_Bowl_LX_Commercial_American_Icons,39,19.5,19,3,L Sulcus collat transv ant,2.12
Budweiser_Super_Bowl_LX_Commercial_American_Icons,39,19.5,19,4,L Gyrus and Sulcus cingul-Ant,2.07
Budweiser_Super_Bowl_LX_Commercial_American_Icons,40,20.0,20,1,L Gyrus and Sulcus cingul-Ant,2.11
Budweiser_Super_Bowl_LX_Commercial_American_Icons,40,20.0,20,2,L Sulcus collat transv ant,2.1
Budweiser_Super_Bowl_LX_Commercial_American_Icons,40,20.0,20,3,L Sulcus oc-temp med and Lingual,2.08
Budweiser_Super_Bowl_LX_Commercial_American_Icons,41,20.5,20,1,L Gyrus and Sulcus cingul-Ant,2.11
Budweiser_Super_Bowl_LX_Commercial_American_Icons,41,20.5,20,2,L Sulcus collat transv ant,2.1
Budweiser_Super_Bowl_LX_Commercial_American_Icons,41,20.5,20,3,L Sulcus oc-temp med and Lingual,2.08
Budweiser_Super_Bowl_LX_Commercial_American_Icons,46,23.0,23,1,R Gyrus oc-temp med-Parahip,2.25
Budweiser_Super_Bowl_LX_Commercial_American_Icons,46,23.0,23,2,L Gyrus temporal inf,2.05
Budweiser_Super_Bowl_LX_Commercial_American_Icons,47,23.5,23,1,R Gyrus oc-temp med-Parahip,2.25
Budweiser_Super_Bowl_LX_Commercial_American_Icons,47,23.5,23,2,L Gyrus temporal inf,2.05
Budweiser_Super_Bowl_LX_Commercial_American_Icons,48,24.0,24,1,R Gyrus oc-temp med-Parahip,2.31
Budweiser_Super_Bowl_LX_Commercial_American_Icons,48,24.0,24,2,L Gyrus temporal inf,2.13
Budweiser_Super_Bowl_LX_Commercial_American_Icons,48,24.0,24,3,L Gyrus oc-temp med-Parahip,2.13
Budweiser_Super_Bowl_LX_Commercial_American_Icons,48,24.0,24,4,L Gyrus rectus,2.08
Budweiser_Super_Bowl_LX_Commercial_American_Icons,49,24.5,24,1,R Gyrus oc-temp med-Parahip,2.31
Budweiser_Super_Bowl_LX_Commercial_American_Icons,49,24.5,24,2,L Gyrus temporal inf,2.13
Budweiser_Super_Bowl_LX_Commercial_American_Icons,49,24.5,24,3,L Gyrus oc-temp med-Parahip,2.13
Budweiser_Super_Bowl_LX_Commercial_American_Icons,49,24.5,24,4,L Gyrus rectus,2.08
Budweiser_Super_Bowl_LX_Commercial_American_Icons,50,25.0,25,1,L Gyrus oc-temp med-Parahip,2.11
Budweiser_Super_Bowl_LX_Commercial_American_Icons,50,25.0,25,2,R Gyrus oc-temp med-Parahip,2.08
Budweiser_Super_Bowl_LX_Commercial_American_Icons,51,25.5,25,1,L Gyrus oc-temp med-Parahip,2.11
Budweiser_Super_Bowl_LX_Commercial_American_Icons,51,25.5,25,2,R Gyrus oc-temp med-Parahip,2.08
Budweiser_Super_Bowl_LX_Commercial_American_Icons,52,26.0,26,1,R Gyrus front sup,2.07
Budweiser_Super_Bowl_LX_Commercial_American_Icons,53,26.5,26,1,R Gyrus front sup,2.07
Budweiser_Super_Bowl_LX_Commercial_American_Icons,58,29.0,29,1,L Gyrus temporal inf,2.15
Budweiser_Super_Bowl_LX_Commercial_American_Icons,58,29.0,29,2,L Sulcus oc-temp med and Lingual,2.09
Budweiser_Super_Bowl_LX_Commercial_American_Icons,59,29.5,29,1,L Gyrus temporal inf,2.15
Budweiser_Super_Bowl_LX_Commercial_American_Icons,59,29.5,29,2,L Sulcus oc-temp med and Lingual,2.09
Budweiser_Super_Bowl_LX_Commercial_American_Icons,60,30.0,30,1,L Gyrus temporal inf,2.36
Budweiser_Super_Bowl_LX_Commercial_American_Icons,60,30.0,30,2,R Gyrus rectus,2.27
Budweiser_Super_Bowl_LX_Commercial_American_Icons,60,30.0,30,3,R Sulcus precentral-inf-part,2.14
Budweiser_Super_Bowl_LX_Commercial_American_Icons,60,30.0,30,4,L Sulcus front sup,2.09
Budweiser_Super_Bowl_LX_Commercial_American_Icons,60,30.0,30,5,R Gyrus temporal middle,2.08
Budweiser_Super_Bowl_LX_Commercial_American_Icons,60,30.0,30,6,R Gyrus precentral,2.08
Budweiser_Super_Bowl_LX_Commercial_American_Icons,60,30.0,30,7,R Sulcus precentral-sup-part,2.08
Budweiser_Super_Bowl_LX_Commercial_American_Icons,60,30.0,30,8,R Sulcus temporal sup,2.06
Budweiser_Super_Bowl_LX_Commercial_American_Icons,61,30.5,30,1,L Gyrus temporal inf,2.36
Budweiser_Super_Bowl_LX_Commercial_American_Icons,61,30.5,30,2,R Gyrus rectus,2.27
Budweiser_Super_Bowl_LX_Commercial_American_Icons,61,30.5,30,3,R Sulcus precentral-inf-part,2.14
Budweiser_Super_Bowl_LX_Commercial_American_Icons,61,30.5,30,4,L Sulcus front sup,2.09
Budweiser_Super_Bowl_LX_Commercial_American_Icons,61,30.5,30,5,R Gyrus temporal middle,2.08
Budweiser_Super_Bowl_LX_Commercial_American_Icons,61,30.5,30,6,R Gyrus precentral,2.08
Budweiser_Super_Bowl_LX_Commercial_American_Icons,61,30.5,30,7,R Sulcus precentral-sup-part,2.08
Budweiser_Super_Bowl_LX_Commercial_American_Icons,61,30.5,30,8,R Sulcus temporal sup,2.06
Budweiser_Super_Bowl_LX_Commercial_American_Icons,62,31.0,31,1,L Gyrus temporal inf,2.45
Budweiser_Super_Bowl_LX_Commercial_American_Icons,62,31.0,31,2,R Gyrus rectus,2.4
Budweiser_Super_Bowl_LX_Commercial_American_Icons,62,31.0,31,3,L Sulcus front inf,2.36
Budweiser_Super_Bowl_LX_Commercial_American_Icons,62,31.0,31,4,R Gyrus temporal middle,2.35
Budweiser_Super_Bowl_LX_Commercial_American_Icons,62,31.0,31,5,L Sulcus precentral-inf-part,2.3
Budweiser_Super_Bowl_LX_Commercial_American_Icons,62,31.0,31,6,L Gyrus temp sup-Plan tempo,2.24
Budweiser_Super_Bowl_LX_Commercial_American_Icons,62,31.0,31,7,R Gyrus parietal sup,2.24
Budweiser_Super_Bowl_LX_Commercial_American_Icons,62,31.0,31,8,L Lat Fis-post,2.23
Budweiser_Super_Bowl_LX_Commercial_American_Icons,63,31.5,31,1,L Gyrus temporal inf,2.45
Budweiser_Super_Bowl_LX_Commercial_American_Icons,63,31.5,31,2,R Gyrus rectus,2.4
Budweiser_Super_Bowl_LX_Commercial_American_Icons,63,31.5,31,3,L Sulcus front inf,2.36
Budweiser_Super_Bowl_LX_Commercial_American_Icons,63,31.5,31,4,R Gyrus temporal middle,2.35
Budweiser_Super_Bowl_LX_Commercial_American_Icons,63,31.5,31,5,L Sulcus precentral-inf-part,2.3
Budweiser_Super_Bowl_LX_Commercial_American_Icons,63,31.5,31,6,L Gyrus temp sup-Plan tempo,2.24
Budweiser_Super_Bowl_LX_Commercial_American_Icons,63,31.5,31,7,R Gyrus parietal sup,2.24
Budweiser_Super_Bowl_LX_Commercial_American_Icons,63,31.5,31,8,L Lat Fis-post,2.23
Budweiser_Super_Bowl_LX_Commercial_American_Icons,64,32.0,32,1,L Lat Fis-post,2.39
Budweiser_Super_Bowl_LX_Commercial_American_Icons,64,32.0,32,2,L Gyrus temp sup-Plan tempo,2.39
Budweiser_Super_Bowl_LX_Commercial_American_Icons,64,32.0,32,3,R Gyrus temp sup-Lateral,2.34
Budweiser_Super_Bowl_LX_Commercial_American_Icons,64,32.0,32,4,R Sulcus precentral-inf-part,2.34
Budweiser_Super_Bowl_LX_Commercial_American_Icons,64,32.0,32,5,L Sulcus precentral-sup-part,2.33
Budweiser_Super_Bowl_LX_Commercial_American_Icons,64,32.0,32,6,R Gyrus precentral,2.33
Budweiser_Super_Bowl_LX_Commercial_American_Icons,64,32.0,32,7,L Gyrus precentral,2.32
Budweiser_Super_Bowl_LX_Commercial_American_Icons,64,32.0,32,8,L Sulcus precentral-inf-part,2.3
Budweiser_Super_Bowl_LX_Commercial_American_Icons,65,32.5,32,1,L Lat Fis-post,2.39
Budweiser_Super_Bowl_LX_Commercial_American_Icons,65,32.5,32,2,L Gyrus temp sup-Plan tempo,2.39
Budweiser_Super_Bowl_LX_Commercial_American_Icons,65,32.5,32,3,R Gyrus temp sup-Lateral,2.34
Budweiser_Super_Bowl_LX_Commercial_American_Icons,65,32.5,32,4,R Sulcus precentral-inf-part,2.34
Budweiser_Super_Bowl_LX_Commercial_American_Icons,65,32.5,32,5,L Sulcus precentral-sup-part,2.33
Budweiser_Super_Bowl_LX_Commercial_American_Icons,65,32.5,32,6,R Gyrus precentral,2.33
Budweiser_Super_Bowl_LX_Commercial_American_Icons,65,32.5,32,7,L Gyrus precentral,2.32
Budweiser_Super_Bowl_LX_Commercial_American_Icons,65,32.5,32,8,L Sulcus precentral-inf-part,2.3
Budweiser_Super_Bowl_LX_Commercial_American_Icons,66,33.0,33,1,L Gyrus temp sup-Plan tempo,2.56
Budweiser_Super_Bowl_LX_Commercial_American_Icons,66,33.0,33,2,R Sulcus precentral-inf-part,2.49
Budweiser_Super_Bowl_LX_Commercial_American_Icons,66,33.0,33,3,L Lat Fis-post,2.48
Budweiser_Super_Bowl_LX_Commercial_American_Icons,66,33.0,33,4,R Gyrus pariet inf-Angular,2.47
Budweiser_Super_Bowl_LX_Commercial_American_Icons,66,33.0,33,5,R Gyrus temp sup-Lateral,2.46
Budweiser_Super_Bowl_LX_Commercial_American_Icons,66,33.0,33,6,L Sulcus precentral-sup-part,2.44
Budweiser_Super_Bowl_LX_Commercial_American_Icons,66,33.0,33,7,L Gyrus precentral,2.41
Budweiser_Super_Bowl_LX_Commercial_American_Icons,66,33.0,33,8,L Gyrus front sup,2.41
Budweiser_Super_Bowl_LX_Commercial_American_Icons,67,33.5,33,1,L Gyrus temp sup-Plan tempo,2.56
Budweiser_Super_Bowl_LX_Commercial_American_Icons,67,33.5,33,2,R Sulcus precentral-inf-part,2.49
Budweiser_Super_Bowl_LX_Commercial_American_Icons,67,33.5,33,3,L Lat Fis-post,2.48
Budweiser_Super_Bowl_LX_Commercial_American_Icons,67,33.5,33,4,R Gyrus pariet inf-Angular,2.47
Budweiser_Super_Bowl_LX_Commercial_American_Icons,67,33.5,33,5,R Gyrus temp sup-Lateral,2.46
Budweiser_Super_Bowl_LX_Commercial_American_Icons,67,33.5,33,6,L Sulcus precentral-sup-part,2.44
Budweiser_Super_Bowl_LX_Commercial_American_Icons,67,33.5,33,7,L Gyrus precentral,2.41
Budweiser_Super_Bowl_LX_Commercial_American_Icons,67,33.5,33,8,L Gyrus front sup,2.41
Budweiser_Super_Bowl_LX_Commercial_American_Icons,68,34.0,34,1,L Sulcus circular insula ant,2.5
Budweiser_Super_Bowl_LX_Commercial_American_Icons,68,34.0,34,2,L Gyrus temp sup-Plan tempo,2.47
Budweiser_Super_Bowl_LX_Commercial_American_Icons,68,34.0,34,3,R Gyrus and Sulcus subcentral,2.45
Budweiser_Super_Bowl_LX_Commercial_American_Icons,68,34.0,34,4,R Gyrus temp sup-Lateral,2.41
Budweiser_Super_Bowl_LX_Commercial_American_Icons,68,34.0,34,5,L Gyrus precentral,2.4
Budweiser_Super_Bowl_LX_Commercial_American_Icons,68,34.0,34,6,L Gyrus pariet inf-Supramar,2.39
Budweiser_Super_Bowl_LX_Commercial_American_Icons,68,34.0,34,7,R Sulcus precentral-inf-part,2.38
Budweiser_Super_Bowl_LX_Commercial_American_Icons,68,34.0,34,8,L Lat Fis-post,2.36
Budweiser_Super_Bowl_LX_Commercial_American_Icons,69,34.5,34,1,L Sulcus circular insula ant,2.5
Budweiser_Super_Bowl_LX_Commercial_American_Icons,69,34.5,34,2,L Gyrus temp sup-Plan tempo,2.47
Budweiser_Super_Bowl_LX_Commercial_American_Icons,69,34.5,34,3,R Gyrus and Sulcus subcentral,2.45
Budweiser_Super_Bowl_LX_Commercial_American_Icons,69,34.5,34,4,R Gyrus temp sup-Lateral,2.41
Budweiser_Super_Bowl_LX_Commercial_American_Icons,69,34.5,34,5,L Gyrus precentral,2.4
Budweiser_Super_Bowl_LX_Commercial_American_Icons,69,34.5,34,6,L Gyrus pariet inf-Supramar,2.39
Budweiser_Super_Bowl_LX_Commercial_American_Icons,69,34.5,34,7,R Sulcus precentral-inf-part,2.38
Budweiser_Super_Bowl_LX_Commercial_American_Icons,69,34.5,34,8,L Lat Fis-post,2.36
Budweiser_Super_Bowl_LX_Commercial_American_Icons,70,35.0,35,1,L Sulcus circular insula ant,2.5
Budweiser_Super_Bowl_LX_Commercial_American_Icons,70,35.0,35,2,R Gyrus and Sulcus subcentral,2.41
Budweiser_Super_Bowl_LX_Commercial_American_Icons,70,35.0,35,3,R Gyrus orbital,2.36
Budweiser_Super_Bowl_LX_Commercial_American_Icons,70,35.0,35,4,R Gyrus oc-temp med-Parahip,2.34
Budweiser_Super_Bowl_LX_Commercial_American_Icons,70,35.0,35,5,R Sulcus circular insula sup,2.34
Budweiser_Super_Bowl_LX_Commercial_American_Icons,70,35.0,35,6,R Pole temporal,2.31
Budweiser_Super_Bowl_LX_Commercial_American_Icons,70,35.0,35,7,L Gyrus cuneus,2.31
Budweiser_Super_Bowl_LX_Commercial_American_Icons,70,35.0,35,8,L Sulcus circular insula inf,2.31
Budweiser_Super_Bowl_LX_Commercial_American_Icons,71,35.5,35,1,L Sulcus circular insula ant,2.5
Budweiser_Super_Bowl_LX_Commercial_American_Icons,71,35.5,35,2,R Gyrus and Sulcus subcentral,2.41
Budweiser_Super_Bowl_LX_Commercial_American_Icons,71,35.5,35,3,R Gyrus orbital,2.36
Budweiser_Super_Bowl_LX_Commercial_American_Icons,71,35.5,35,4,R Gyrus oc-temp med-Parahip,2.34
Budweiser_Super_Bowl_LX_Commercial_American_Icons,71,35.5,35,5,R Sulcus circular insula sup,2.34
Budweiser_Super_Bowl_LX_Commercial_American_Icons,71,35.5,35,6,R Pole temporal,2.31
Budweiser_Super_Bowl_LX_Commercial_American_Icons,71,35.5,35,7,L Gyrus cuneus,2.31
Budweiser_Super_Bowl_LX_Commercial_American_Icons,71,35.5,35,8,L Sulcus circular insula inf,2.31
Budweiser_Super_Bowl_LX_Commercial_American_Icons,72,36.0,36,1,L Sulcus circular insula ant,2.42
Budweiser_Super_Bowl_LX_Commercial_American_Icons,72,36.0,36,2,R Gyrus and Sulcus subcentral,2.36
Budweiser_Super_Bowl_LX_Commercial_American_Icons,72,36.0,36,3,R Gyrus cuneus,2.35
Budweiser_Super_Bowl_LX_Commercial_American_Icons,72,36.0,36,4,R Sulcus oc sup and transversal,2.34
Budweiser_Super_Bowl_LX_Commercial_American_Icons,72,36.0,36,5,L Gyrus cuneus,2.33
Budweiser_Super_Bowl_LX_Commercial_American_Icons,72,36.0,36,6,L Gyrus and Sulcus subcentral,2.3
Budweiser_Super_Bowl_LX_Commercial_American_Icons,72,36.0,36,7,L Gyrus oc-temp med-Lingual,2.3
Budweiser_Super_Bowl_LX_Commercial_American_Icons,72,36.0,36,8,R Gyrus oc-temp med-Parahip,2.3
Budweiser_Super_Bowl_LX_Commercial_American_Icons,73,36.5,36,1,L Sulcus circular insula ant,2.42
Budweiser_Super_Bowl_LX_Commercial_American_Icons,73,36.5,36,2,R Gyrus and Sulcus subcentral,2.36
Budweiser_Super_Bowl_LX_Commercial_American_Icons,73,36.5,36,3,R Gyrus cuneus,2.35
Budweiser_Super_Bowl_LX_Commercial_American_Icons,73,36.5,36,4,R Sulcus oc sup and transversal,2.34
Budweiser_Super_Bowl_LX_Commercial_American_Icons,73,36.5,36,5,L Gyrus cuneus,2.33
Budweiser_Super_Bowl_LX_Commercial_American_Icons,73,36.5,36,6,L Gyrus and Sulcus subcentral,2.3
Budweiser_Super_Bowl_LX_Commercial_American_Icons,73,36.5,36,7,L Gyrus oc-temp med-Lingual,2.3
Budweiser_Super_Bowl_LX_Commercial_American_Icons,73,36.5,36,8,R Gyrus oc-temp med-Parahip,2.3
Budweiser_Super_Bowl_LX_Commercial_American_Icons,74,37.0,37,1,R Sulcus orbital med-olfact,2.38
Budweiser_Super_Bowl_LX_Commercial_American_Icons,74,37.0,37,2,R Gyrus and Sulcus subcentral,2.37
Budweiser_Super_Bowl_LX_Commercial_American_Icons,74,37.0,37,3,R Sulcus oc sup and transversal,2.31
Budweiser_Super_Bowl_LX_Commercial_American_Icons,74,37.0,37,4,R Gyrus front sup,2.31
Budweiser_Super_Bowl_LX_Commercial_American_Icons,74,37.0,37,5,L Gyrus cuneus,2.29
Budweiser_Super_Bowl_LX_Commercial_American_Icons,74,37.0,37,6,R Gyrus cuneus,2.29
Budweiser_Super_Bowl_LX_Commercial_American_Icons,74,37.0,37,7,L Pole temporal,2.28
Budweiser_Super_Bowl_LX_Commercial_American_Icons,74,37.0,37,8,R Gyrus occipital sup,2.28
Budweiser_Super_Bowl_LX_Commercial_American_Icons,75,37.5,37,1,R Sulcus orbital med-olfact,2.38
Budweiser_Super_Bowl_LX_Commercial_American_Icons,75,37.5,37,2,R Gyrus and Sulcus subcentral,2.37
Budweiser_Super_Bowl_LX_Commercial_American_Icons,75,37.5,37,3,R Sulcus oc sup and transversal,2.31
Budweiser_Super_Bowl_LX_Commercial_American_Icons,75,37.5,37,4,R Gyrus front sup,2.31
Budweiser_Super_Bowl_LX_Commercial_American_Icons,75,37.5,37,5,L Gyrus cuneus,2.29
Budweiser_Super_Bowl_LX_Commercial_American_Icons,75,37.5,37,6,R Gyrus cuneus,2.29
Budweiser_Super_Bowl_LX_Commercial_American_Icons,75,37.5,37,7,L Pole temporal,2.28
Budweiser_Super_Bowl_LX_Commercial_American_Icons,75,37.5,37,8,R Gyrus occipital sup,2.28
Budweiser_Super_Bowl_LX_Commercial_American_Icons,76,38.0,38,1,R Sulcus orbital med-olfact,2.45
Budweiser_Super_Bowl_LX_Commercial_American_Icons,76,38.0,38,2,R Gyrus temporal inf,2.35
Budweiser_Super_Bowl_LX_Commercial_American_Icons,76,38.0,38,3,R Sulcus temporal inf,2.3
Budweiser_Super_Bowl_LX_Commercial_American_Icons,76,38.0,38,4,L Sulcus temporal inf,2.29
Budweiser_Super_Bowl_LX_Commercial_American_Icons,76,38.0,38,5,L Sulcus orbital lateral,2.28
Budweiser_Super_Bowl_LX_Commercial_American_Icons,76,38.0,38,6,L Sulcus suborbital,2.23
Budweiser_Super_Bowl_LX_Commercial_American_Icons,76,38.0,38,7,L Gyrus and Sulcus cingul-Ant,2.23
Budweiser_Super_Bowl_LX_Commercial_American_Icons,76,38.0,38,8,L Gyrus and Sulcus cingul-Mid-Ant,2.22
Budweiser_Super_Bowl_LX_Commercial_American_Icons,77,38.5,38,1,R Sulcus orbital med-olfact,2.45
Budweiser_Super_Bowl_LX_Commercial_American_Icons,77,38.5,38,2,R Gyrus temporal inf,2.35
Budweiser_Super_Bowl_LX_Commercial_American_Icons,77,38.5,38,3,R Sulcus temporal inf,2.3
Budweiser_Super_Bowl_LX_Commercial_American_Icons,77,38.5,38,4,L Sulcus temporal inf,2.29
Budweiser_Super_Bowl_LX_Commercial_American_Icons,77,38.5,38,5,L Sulcus orbital lateral,2.28
Budweiser_Super_Bowl_LX_Commercial_American_Icons,77,38.5,38,6,L Sulcus suborbital,2.23
Budweiser_Super_Bowl_LX_Commercial_American_Icons,77,38.5,38,7,L Gyrus and Sulcus cingul-Ant,2.23
Budweiser_Super_Bowl_LX_Commercial_American_Icons,77,38.5,38,8,L Gyrus and Sulcus cingul-Mid-Ant,2.22
Budweiser_Super_Bowl_LX_Commercial_American_Icons,78,39.0,39,1,L Gyrus oc-temp med-Parahip,2.42
Budweiser_Super_Bowl_LX_Commercial_American_Icons,78,39.0,39,2,L Gyrus front middle,2.36
Budweiser_Super_Bowl_LX_Commercial_American_Icons,78,39.0,39,3,L Gyrus and Sulcus cingul-Ant,2.33
Budweiser_Super_Bowl_LX_Commercial_American_Icons,78,39.0,39,4,R Gyrus temporal inf,2.3
Budweiser_Super_Bowl_LX_Commercial_American_Icons,78,39.0,39,5,L Sulcus orbital-H Shaped,2.29
Budweiser_Super_Bowl_LX_Commercial_American_Icons,78,39.0,39,6,R Sulcus temporal inf,2.28
Budweiser_Super_Bowl_LX_Commercial_American_Icons,78,39.0,39,7,R Sulcus orbital med-olfact,2.28
Budweiser_Super_Bowl_LX_Commercial_American_Icons,78,39.0,39,8,L Gyrus rectus,2.27
Budweiser_Super_Bowl_LX_Commercial_American_Icons,79,39.5,39,1,L Gyrus oc-temp med-Parahip,2.42
Budweiser_Super_Bowl_LX_Commercial_American_Icons,79,39.5,39,2,L Gyrus front middle,2.36
Budweiser_Super_Bowl_LX_Commercial_American_Icons,79,39.5,39,3,L Gyrus and Sulcus cingul-Ant,2.33
Budweiser_Super_Bowl_LX_Commercial_American_Icons,79,39.5,39,4,R Gyrus temporal inf,2.3
Budweiser_Super_Bowl_LX_Commercial_American_Icons,79,39.5,39,5,L Sulcus orbital-H Shaped,2.29
Budweiser_Super_Bowl_LX_Commercial_American_Icons,79,39.5,39,6,R Sulcus temporal inf,2.28
Budweiser_Super_Bowl_LX_Commercial_American_Icons,79,39.5,39,7,R Sulcus orbital med-olfact,2.28
Budweiser_Super_Bowl_LX_Commercial_American_Icons,79,39.5,39,8,L Gyrus rectus,2.27
Budweiser_Super_Bowl_LX_Commercial_American_Icons,80,40.0,40,1,L Sulcus orbital med-olfact,2.4
Budweiser_Super_Bowl_LX_Commercial_American_Icons,80,40.0,40,2,L Gyrus and Sulcus cingul-Ant,2.34
Budweiser_Super_Bowl_LX_Commercial_American_Icons,80,40.0,40,3,R Sulcus temporal inf,2.24
Budweiser_Super_Bowl_LX_Commercial_American_Icons,80,40.0,40,4,L Gyrus pariet inf-Angular,2.23
Budweiser_Super_Bowl_LX_Commercial_American_Icons,80,40.0,40,5,L Sulcus cingul-Marginalis,2.22
Budweiser_Super_Bowl_LX_Commercial_American_Icons,80,40.0,40,6,R Gyrus rectus,2.22
Budweiser_Super_Bowl_LX_Commercial_American_Icons,80,40.0,40,7,L Gyrus oc-temp med-Parahip,2.21
Budweiser_Super_Bowl_LX_Commercial_American_Icons,80,40.0,40,8,L Sulcus pericallosal,2.21
Budweiser_Super_Bowl_LX_Commercial_American_Icons,81,40.5,40,1,L Sulcus orbital med-olfact,2.4
Budweiser_Super_Bowl_LX_Commercial_American_Icons,81,40.5,40,2,L Gyrus and Sulcus cingul-Ant,2.34
Budweiser_Super_Bowl_LX_Commercial_American_Icons,81,40.5,40,3,R Sulcus temporal inf,2.24
Budweiser_Super_Bowl_LX_Commercial_American_Icons,81,40.5,40,4,L Gyrus pariet inf-Angular,2.23
Budweiser_Super_Bowl_LX_Commercial_American_Icons,81,40.5,40,5,L Sulcus cingul-Marginalis,2.22
Budweiser_Super_Bowl_LX_Commercial_American_Icons,81,40.5,40,6,R Gyrus rectus,2.22
Budweiser_Super_Bowl_LX_Commercial_American_Icons,81,40.5,40,7,L Gyrus oc-temp med-Parahip,2.21
Budweiser_Super_Bowl_LX_Commercial_American_Icons,81,40.5,40,8,L Sulcus pericallosal,2.21
Budweiser_Super_Bowl_LX_Commercial_American_Icons,82,41.0,41,1,L Sulcus pericallosal,2.48
Budweiser_Super_Bowl_LX_Commercial_American_Icons,82,41.0,41,2,L Sulcus orbital med-olfact,2.48
Budweiser_Super_Bowl_LX_Commercial_American_Icons,82,41.0,41,3,R Sulcus temporal inf,2.32
Budweiser_Super_Bowl_LX_Commercial_American_Icons,82,41.0,41,4,L Gyrus and Sulcus cingul-Ant,2.29
Budweiser_Super_Bowl_LX_Commercial_American_Icons,82,41.0,41,5,L Gyrus pariet inf-Angular,2.29
Budweiser_Super_Bowl_LX_Commercial_American_Icons,82,41.0,41,6,L Gyrus cingul-Post-dorsal,2.18
Budweiser_Super_Bowl_LX_Commercial_American_Icons,82,41.0,41,7,L Sulcus cingul-Marginalis,2.13
Budweiser_Super_Bowl_LX_Commercial_American_Icons,82,41.0,41,8,L Sulcus suborbital,2.12
Budweiser_Super_Bowl_LX_Commercial_American_Icons,83,41.5,41,1,L Sulcus pericallosal,2.48
Budweiser_Super_Bowl_LX_Commercial_American_Icons,83,41.5,41,2,L Sulcus orbital med-olfact,2.48
Budweiser_Super_Bowl_LX_Commercial_American_Icons,83,41.5,41,3,R Sulcus temporal inf,2.32
Budweiser_Super_Bowl_LX_Commercial_American_Icons,83,41.5,41,4,L Gyrus and Sulcus cingul-Ant,2.29
Budweiser_Super_Bowl_LX_Commercial_American_Icons,83,41.5,41,5,L Gyrus pariet inf-Angular,2.29
Budweiser_Super_Bowl_LX_Commercial_American_Icons,83,41.5,41,6,L Gyrus cingul-Post-dorsal,2.18
Budweiser_Super_Bowl_LX_Commercial_American_Icons,83,41.5,41,7,L Sulcus cingul-Marginalis,2.13
Budweiser_Super_Bowl_LX_Commercial_American_Icons,83,41.5,41,8,L Sulcus suborbital,2.12
Budweiser_Super_Bowl_LX_Commercial_American_Icons,84,42.0,42,1,L Sulcus pericallosal,2.33
Budweiser_Super_Bowl_LX_Commercial_American_Icons,84,42.0,42,2,L Sulcus orbital med-olfact,2.26
Budweiser_Super_Bowl_LX_Commercial_American_Icons,84,42.0,42,3,L Gyrus cingul-Post-dorsal,2.22
Budweiser_Super_Bowl_LX_Commercial_American_Icons,84,42.0,42,4,L Gyrus and Sulcus cingul-Ant,2.19
Budweiser_Super_Bowl_LX_Commercial_American_Icons,84,42.0,42,5,R Gyrus rectus,2.12
Budweiser_Super_Bowl_LX_Commercial_American_Icons,84,42.0,42,6,L Gyrus temporal middle,2.1
Budweiser_Super_Bowl_LX_Commercial_American_Icons,84,42.0,42,7,R Sulcus temporal inf,2.1
Budweiser_Super_Bowl_LX_Commercial_American_Icons,84,42.0,42,8,L Gyrus pariet inf-Angular,2.09
Budweiser_Super_Bowl_LX_Commercial_American_Icons,85,42.5,42,1,L Sulcus pericallosal,2.33
Budweiser_Super_Bowl_LX_Commercial_American_Icons,85,42.5,42,2,L Sulcus orbital med-olfact,2.26
Budweiser_Super_Bowl_LX_Commercial_American_Icons,85,42.5,42,3,L Gyrus cingul-Post-dorsal,2.22
Budweiser_Super_Bowl_LX_Commercial_American_Icons,85,42.5,42,4,L Gyrus and Sulcus cingul-Ant,2.19
Budweiser_Super_Bowl_LX_Commercial_American_Icons,85,42.5,42,5,R Gyrus rectus,2.12
Budweiser_Super_Bowl_LX_Commercial_American_Icons,85,42.5,42,6,L Gyrus temporal middle,2.1
Budweiser_Super_Bowl_LX_Commercial_American_Icons,85,42.5,42,7,R Sulcus temporal inf,2.1
Budweiser_Super_Bowl_LX_Commercial_American_Icons,85,42.5,42,8,L Gyrus pariet inf-Angular,2.09
Budweiser_Super_Bowl_LX_Commercial_American_Icons,86,43.0,43,1,L Gyrus cingul-Post-dorsal,2.21
Budweiser_Super_Bowl_LX_Commercial_American_Icons,86,43.0,43,2,L Sulcus orbital med-olfact,2.21
Budweiser_Super_Bowl_LX_Commercial_American_Icons,86,43.0,43,3,L Sulcus pericallosal,2.19
Budweiser_Super_Bowl_LX_Commercial_American_Icons,87,43.5,43,1,L Gyrus cingul-Post-dorsal,2.21
Budweiser_Super_Bowl_LX_Commercial_American_Icons,87,43.5,43,2,L Sulcus orbital med-olfact,2.21
Budweiser_Super_Bowl_LX_Commercial_American_Icons,87,43.5,43,3,L Sulcus pericallosal,2.19
Budweiser_Super_Bowl_LX_Commercial_American_Icons,90,45.0,45,1,R Gyrus front sup,2.17
Budweiser_Super_Bowl_LX_Commercial_American_Icons,90,45.0,45,2,R Sulcus collat transv ant,2.15
Budweiser_Super_Bowl_LX_Commercial_American_Icons,90,45.0,45,3,R Gyrus temporal inf,2.06
Budweiser_Super_Bowl_LX_Commercial_American_Icons,90,45.0,45,4,R Gyrus rectus,2.04
Budweiser_Super_Bowl_LX_Commercial_American_Icons,91,45.5,45,1,R Gyrus front sup,2.17
Budweiser_Super_Bowl_LX_Commercial_American_Icons,91,45.5,45,2,R Sulcus collat transv ant,2.15
Budweiser_Super_Bowl_LX_Commercial_American_Icons,91,45.5,45,3,R Gyrus temporal inf,2.06
Budweiser_Super_Bowl_LX_Commercial_American_Icons,91,45.5,45,4,R Gyrus rectus,2.04
Budweiser_Super_Bowl_LX_Commercial_American_Icons,92,46.0,46,1,R Gyrus temporal inf,2.1
Budweiser_Super_Bowl_LX_Commercial_American_Icons,93,46.5,46,1,R Gyrus temporal inf,2.1
Budweiser_Super_Bowl_LX_Commercial_American_Icons,104,52.0,52,1,L Gyrus front sup,2.16
Budweiser_Super_Bowl_LX_Commercial_American_Icons,104,52.0,52,2,L Gyrus orbital,2.12
Budweiser_Super_Bowl_LX_Commercial_American_Icons,104,52.0,52,3,L Gyrus front inf-Orbital,2.12
Budweiser_Super_Bowl_LX_Commercial_American_Icons,104,52.0,52,4,L Gyrus temp sup-Gyrus T transv,2.1
Budweiser_Super_Bowl_LX_Commercial_American_Icons,104,52.0,52,5,L Gyrus front inf-Triangul,2.1
Budweiser_Super_Bowl_LX_Commercial_American_Icons,104,52.0,52,6,R Gyrus temp sup-Plan tempo,2.09
Budweiser_Super_Bowl_LX_Commercial_American_Icons,104,52.0,52,7,L Sulcus front inf,2.08
Budweiser_Super_Bowl_LX_Commercial_American_Icons,104,52.0,52,8,R Sulcus temporal transverse,2.08
Budweiser_Super_Bowl_LX_Commercial_American_Icons,105,52.5,52,1,L Gyrus front sup,2.16
Budweiser_Super_Bowl_LX_Commercial_American_Icons,105,52.5,52,2,L Gyrus orbital,2.12
Budweiser_Super_Bowl_LX_Commercial_American_Icons,105,52.5,52,3,L Gyrus front inf-Orbital,2.12
Budweiser_Super_Bowl_LX_Commercial_American_Icons,105,52.5,52,4,L Gyrus temp sup-Gyrus T transv,2.1
Budweiser_Super_Bowl_LX_Commercial_American_Icons,105,52.5,52,5,L Gyrus front inf-Triangul,2.1
Budweiser_Super_Bowl_LX_Commercial_American_Icons,105,52.5,52,6,R Gyrus temp sup-Plan tempo,2.09
Budweiser_Super_Bowl_LX_Commercial_American_Icons,105,52.5,52,7,L Sulcus front inf,2.08
Budweiser_Super_Bowl_LX_Commercial_American_Icons,105,52.5,52,8,R Sulcus temporal transverse,2.08
Budweiser_Super_Bowl_LX_Commercial_American_Icons,106,53.0,53,1,R Sulcus temporal transverse,2.54
Budweiser_Super_Bowl_LX_Commercial_American_Icons,106,53.0,53,2,L Gyrus temp sup-Gyrus T transv,2.43
Budweiser_Super_Bowl_LX_Commercial_American_Icons,106,53.0,53,3,R Gyrus temp sup-Gyrus T transv,2.41
Budweiser_Super_Bowl_LX_Commercial_American_Icons,106,53.0,53,4,L Gyrus rectus,2.39
Budweiser_Super_Bowl_LX_Commercial_American_Icons,106,53.0,53,5,R Gyrus temp sup-Lateral,2.38
Budweiser_Super_Bowl_LX_Commercial_American_Icons,106,53.0,53,6,L Sulcus precentral-inf-part,2.37
Budweiser_Super_Bowl_LX_Commercial_American_Icons,106,53.0,53,7,R Gyrus temp sup-Plan tempo,2.35
Budweiser_Super_Bowl_LX_Commercial_American_Icons,106,53.0,53,8,L Gyrus temp sup-Plan tempo,2.33
Budweiser_Super_Bowl_LX_Commercial_American_Icons,107,53.5,53,1,R Sulcus temporal transverse,2.54
Budweiser_Super_Bowl_LX_Commercial_American_Icons,107,53.5,53,2,L Gyrus temp sup-Gyrus T transv,2.43
Budweiser_Super_Bowl_LX_Commercial_American_Icons,107,53.5,53,3,R Gyrus temp sup-Gyrus T transv,2.41
Budweiser_Super_Bowl_LX_Commercial_American_Icons,107,53.5,53,4,L Gyrus rectus,2.39
Budweiser_Super_Bowl_LX_Commercial_American_Icons,107,53.5,53,5,R Gyrus temp sup-Lateral,2.38
Budweiser_Super_Bowl_LX_Commercial_American_Icons,107,53.5,53,6,L Sulcus precentral-inf-part,2.37
Budweiser_Super_Bowl_LX_Commercial_American_Icons,107,53.5,53,7,R Gyrus temp sup-Plan tempo,2.35
Budweiser_Super_Bowl_LX_Commercial_American_Icons,107,53.5,53,8,L Gyrus temp sup-Plan tempo,2.33
Budweiser_Super_Bowl_LX_Commercial_American_Icons,108,54.0,54,1,R Gyrus rectus,2.68
Budweiser_Super_Bowl_LX_Commercial_American_Icons,108,54.0,54,2,R Sulcus circular insula ant,2.66
Budweiser_Super_Bowl_LX_Commercial_American_Icons,108,54.0,54,3,R Sulcus temporal transverse,2.6
Budweiser_Super_Bowl_LX_Commercial_American_Icons,108,54.0,54,4,R Gyrus temp sup-Lateral,2.58
Budweiser_Super_Bowl_LX_Commercial_American_Icons,108,54.0,54,5,L Gyrus temp sup-Lateral,2.57
Budweiser_Super_Bowl_LX_Commercial_American_Icons,108,54.0,54,6,L Sulcus precentral-inf-part,2.56
Budweiser_Super_Bowl_LX_Commercial_American_Icons,108,54.0,54,7,L Sulcus temporal sup,2.56
Budweiser_Super_Bowl_LX_Commercial_American_Icons,108,54.0,54,8,L Sulcus suborbital,2.54
Budweiser_Super_Bowl_LX_Commercial_American_Icons,109,54.5,54,1,R Gyrus rectus,2.68
Budweiser_Super_Bowl_LX_Commercial_American_Icons,109,54.5,54,2,R Sulcus circular insula ant,2.66
Budweiser_Super_Bowl_LX_Commercial_American_Icons,109,54.5,54,3,R Sulcus temporal transverse,2.6
Budweiser_Super_Bowl_LX_Commercial_American_Icons,109,54.5,54,4,R Gyrus temp sup-Lateral,2.58
Budweiser_Super_Bowl_LX_Commercial_American_Icons,109,54.5,54,5,L Gyrus temp sup-Lateral,2.57
Budweiser_Super_Bowl_LX_Commercial_American_Icons,109,54.5,54,6,L Sulcus precentral-inf-part,2.56
Budweiser_Super_Bowl_LX_Commercial_American_Icons,109,54.5,54,7,L Sulcus temporal sup,2.56
Budweiser_Super_Bowl_LX_Commercial_American_Icons,109,54.5,54,8,L Sulcus suborbital,2.54
Budweiser_Super_Bowl_LX_Commercial_American_Icons,110,55.0,55,1,R Gyrus rectus,2.83
Budweiser_Super_Bowl_LX_Commercial_American_Icons,110,55.0,55,2,L Sulcus temporal sup,2.69
Budweiser_Super_Bowl_LX_Commercial_American_Icons,110,55.0,55,3,L Gyrus temp sup-Lateral,2.65
Budweiser_Super_Bowl_LX_Commercial_American_Icons,110,55.0,55,4,L Gyrus temporal middle,2.64
Budweiser_Super_Bowl_LX_Commercial_American_Icons,110,55.0,55,5,R Gyrus temp sup-Lateral,2.63
Budweiser_Super_Bowl_LX_Commercial_American_Icons,110,55.0,55,6,R Sulcus circular insula ant,2.62
Budweiser_Super_Bowl_LX_Commercial_American_Icons,110,55.0,55,7,R Sulcus temporal sup,2.62
Budweiser_Super_Bowl_LX_Commercial_American_Icons,110,55.0,55,8,R Gyrus temporal middle,2.6
Budweiser_Super_Bowl_LX_Commercial_American_Icons,111,55.5,55,1,R Gyrus rectus,2.83
Budweiser_Super_Bowl_LX_Commercial_American_Icons,111,55.5,55,2,L Sulcus temporal sup,2.69
Budweiser_Super_Bowl_LX_Commercial_American_Icons,111,55.5,55,3,L Gyrus temp sup-Lateral,2.65
Budweiser_Super_Bowl_LX_Commercial_American_Icons,111,55.5,55,4,L Gyrus temporal middle,2.64
Budweiser_Super_Bowl_LX_Commercial_American_Icons,111,55.5,55,5,R Gyrus temp sup-Lateral,2.63
Budweiser_Super_Bowl_LX_Commercial_American_Icons,111,55.5,55,6,R Sulcus circular insula ant,2.62
Budweiser_Super_Bowl_LX_Commercial_American_Icons,111,55.5,55,7,R Sulcus temporal sup,2.62
Budweiser_Super_Bowl_LX_Commercial_American_Icons,111,55.5,55,8,R Gyrus temporal middle,2.6
Budweiser_Super_Bowl_LX_Commercial_American_Icons,112,56.0,56,1,L Sulcus temporal sup,2.57
Budweiser_Super_Bowl_LX_Commercial_American_Icons,112,56.0,56,2,R Gyrus temporal inf,2.53
Budweiser_Super_Bowl_LX_Commercial_American_Icons,112,56.0,56,3,L Gyrus temp sup-Lateral,2.51
Budweiser_Super_Bowl_LX_Commercial_American_Icons,112,56.0,56,4,R Sulcus temporal sup,2.49
Budweiser_Super_Bowl_LX_Commercial_American_Icons,112,56.0,56,5,L Gyrus temporal middle,2.49
Budweiser_Super_Bowl_LX_Commercial_American_Icons,112,56.0,56,6,R Gyrus temporal middle,2.47
Budweiser_Super_Bowl_LX_Commercial_American_Icons,112,56.0,56,7,L Sulcus orbital med-olfact,2.47
Budweiser_Super_Bowl_LX_Commercial_American_Icons,112,56.0,56,8,L Sulcus subparietal,2.47
Budweiser_Super_Bowl_LX_Commercial_American_Icons,113,56.5,56,1,L Sulcus temporal sup,2.57
Budweiser_Super_Bowl_LX_Commercial_American_Icons,113,56.5,56,2,R Gyrus temporal inf,2.53
Budweiser_Super_Bowl_LX_Commercial_American_Icons,113,56.5,56,3,L Gyrus temp sup-Lateral,2.51
Budweiser_Super_Bowl_LX_Commercial_American_Icons,113,56.5,56,4,R Sulcus temporal sup,2.49
Budweiser_Super_Bowl_LX_Commercial_American_Icons,113,56.5,56,5,L Gyrus temporal middle,2.49
Budweiser_Super_Bowl_LX_Commercial_American_Icons,113,56.5,56,6,R Gyrus temporal middle,2.47
Budweiser_Super_Bowl_LX_Commercial_American_Icons,113,56.5,56,7,L Sulcus orbital med-olfact,2.47
Budweiser_Super_Bowl_LX_Commercial_American_Icons,113,56.5,56,8,L Sulcus subparietal,2.47
Budweiser_Super_Bowl_LX_Commercial_American_Icons,114,57.0,57,1,R Gyrus and Sulcus subcentral,2.63
Budweiser_Super_Bowl_LX_Commercial_American_Icons,114,57.0,57,2,R Sulcus orbital-H Shaped,2.63
Budweiser_Super_Bowl_LX_Commercial_American_Icons,114,57.0,57,3,R Gyrus postcentral,2.62
Budweiser_Super_Bowl_LX_Commercial_American_Icons,114,57.0,57,4,L Gyrus and Sulcus subcentral,2.55
Budweiser_Super_Bowl_LX_Commercial_American_Icons,114,57.0,57,5,R Gyrus and Sulcus cingul-Mid-Post,2.54
Budweiser_Super_Bowl_LX_Commercial_American_Icons,114,57.0,57,6,R Gyrus pariet inf-Supramar,2.54
Budweiser_Super_Bowl_LX_Commercial_American_Icons,114,57.0,57,7,R Sulcus central,2.54
Budweiser_Super_Bowl_LX_Commercial_American_Icons,114,57.0,57,8,R Sulcus precentral-sup-part,2.52
Budweiser_Super_Bowl_LX_Commercial_American_Icons,115,57.5,57,1,R Gyrus and Sulcus subcentral,2.63
Budweiser_Super_Bowl_LX_Commercial_American_Icons,115,57.5,57,2,R Sulcus orbital-H Shaped,2.63
Budweiser_Super_Bowl_LX_Commercial_American_Icons,115,57.5,57,3,R Gyrus postcentral,2.62
Budweiser_Super_Bowl_LX_Commercial_American_Icons,115,57.5,57,4,L Gyrus and Sulcus subcentral,2.55
Budweiser_Super_Bowl_LX_Commercial_American_Icons,115,57.5,57,5,R Gyrus and Sulcus cingul-Mid-Post,2.54
Budweiser_Super_Bowl_LX_Commercial_American_Icons,115,57.5,57,6,R Gyrus pariet inf-Supramar,2.54
Budweiser_Super_Bowl_LX_Commercial_American_Icons,115,57.5,57,7,R Sulcus central,2.54
Budweiser_Super_Bowl_LX_Commercial_American_Icons,115,57.5,57,8,R Sulcus precentral-sup-part,2.52
Budweiser_Super_Bowl_LX_Commercial_American_Icons,116,58.0,58,1,L Sulcus pericallosal,3.68
Budweiser_Super_Bowl_LX_Commercial_American_Icons,116,58.0,58,2,R Sulcus pericallosal,3.58
Budweiser_Super_Bowl_LX_Commercial_American_Icons,116,58.0,58,3,L Sulcus circular insula ant,3.58
Budweiser_Super_Bowl_LX_Commercial_American_Icons,116,58.0,58,4,R Gyrus insular short,3.53
Budweiser_Super_Bowl_LX_Commercial_American_Icons,116,58.0,58,5,R Sulcus circular insula sup,3.47
Budweiser_Super_Bowl_LX_Commercial_American_Icons,116,58.0,58,6,R Gyrus and Sulcus frontomargin,3.45
Budweiser_Super_Bowl_LX_Commercial_American_Icons,116,58.0,58,7,R Gyrus front inf-Opercular,3.44
Budweiser_Super_Bowl_LX_Commercial_American_Icons,116,58.0,58,8,R Gyrus and Sulcus cingul-Mid-Ant,3.42
Budweiser_Super_Bowl_LX_Commercial_American_Icons,117,58.5,58,1,L Sulcus pericallosal,3.68
Budweiser_Super_Bowl_LX_Commercial_American_Icons,117,58.5,58,2,R Sulcus pericallosal,3.58
Budweiser_Super_Bowl_LX_Commercial_American_Icons,117,58.5,58,3,L Sulcus circular insula ant,3.58
Budweiser_Super_Bowl_LX_Commercial_American_Icons,117,58.5,58,4,R Gyrus insular short,3.53
Budweiser_Super_Bowl_LX_Commercial_American_Icons,117,58.5,58,5,R Sulcus circular insula sup,3.47
Budweiser_Super_Bowl_LX_Commercial_American_Icons,117,58.5,58,6,R Gyrus and Sulcus frontomargin,3.45
Budweiser_Super_Bowl_LX_Commercial_American_Icons,117,58.5,58,7,R Gyrus front inf-Opercular,3.44
Budweiser_Super_Bowl_LX_Commercial_American_Icons,117,58.5,58,8,R Gyrus and Sulcus cingul-Mid-Ant,3.42
Budweiser_Super_Bowl_LX_Commercial_American_Icons,118,59.0,59,1,L Sulcus pericallosal,3.53
Budweiser_Super_Bowl_LX_Commercial_American_Icons,118,59.0,59,2,R Gyrus insular short,3.45
Budweiser_Super_Bowl_LX_Commercial_American_Icons,118,59.0,59,3,R Sulcus pericallosal,3.41
Budweiser_Super_Bowl_LX_Commercial_American_Icons,118,59.0,59,4,L Sulcus circular insula ant,3.41
Budweiser_Super_Bowl_LX_Commercial_American_Icons,118,59.0,59,5,R Gyrus front inf-Opercular,3.33
Budweiser_Super_Bowl_LX_Commercial_American_Icons,118,59.0,59,6,R Sulcus circular insula sup,3.32
Budweiser_Super_Bowl_LX_Commercial_American_Icons,118,59.0,59,7,R Gyrus and Sulcus frontomargin,3.3
Budweiser_Super_Bowl_LX_Commercial_American_Icons,118,59.0,59,8,R Gyrus and Sulcus cingul-Mid-Ant,3.27
Budweiser_Super_Bowl_LX_Commercial_American_Icons,119,59.5,59,1,L Sulcus pericallosal,3.53
Budweiser_Super_Bowl_LX_Commercial_American_Icons,119,59.5,59,2,R Gyrus insular short,3.45
Budweiser_Super_Bowl_LX_Commercial_American_Icons,119,59.5,59,3,R Sulcus pericallosal,3.41
Budweiser_Super_Bowl_LX_Commercial_American_Icons,119,59.5,59,4,L Sulcus circular insula ant,3.41
Budweiser_Super_Bowl_LX_Commercial_American_Icons,119,59.5,59,5,R Gyrus front inf-Opercular,3.33
Budweiser_Super_Bowl_LX_Commercial_American_Icons,119,59.5,59,6,R Sulcus circular insula sup,3.32
Budweiser_Super_Bowl_LX_Commercial_American_Icons,119,59.5,59,7,R Gyrus and Sulcus frontomargin,3.3
Budweiser_Super_Bowl_LX_Commercial_American_Icons,119,59.5,59,8,R Gyrus and Sulcus cingul-Mid-Ant,3.27
Budweiser_Super_Bowl_LX_Commercial_American_Icons,120,60.0,60,1,L Sulcus pericallosal,3.18
Budweiser_Super_Bowl_LX_Commercial_American_Icons,120,60.0,60,2,R Sulcus pericallosal,3.08
Budweiser_Super_Bowl_LX_Commercial_American_Icons,120,60.0,60,3,R Gyrus insular short,3.04
Budweiser_Super_Bowl_LX_Commercial_American_Icons,120,60.0,60,4,R Gyrus and Sulcus frontomargin,2.99
Budweiser_Super_Bowl_LX_Commercial_American_Icons,120,60.0,60,5,R Sulcus circular insula sup,2.99
Budweiser_Super_Bowl_LX_Commercial_American_Icons,120,60.0,60,6,L Gyrus insular short,2.96
Budweiser_Super_Bowl_LX_Commercial_American_Icons,120,60.0,60,7,L Sulcus circular insula ant,2.94
Budweiser_Super_Bowl_LX_Commercial_American_Icons,120,60.0,60,8,R Gyrus front inf-Opercular,2.92
Considering_What_Paris_2024_Paralympic_Games,0,0.0,0,1,L Sulcus orbital-H Shaped,2.64
Considering_What_Paris_2024_Paralympic_Games,0,0.0,0,2,R Sulcus suborbital,2.54
Considering_What_Paris_2024_Paralympic_Games,0,0.0,0,3,L Gyrus orbital,2.37
Considering_What_Paris_2024_Paralympic_Games,0,0.0,0,4,R Gyrus temporal inf,2.35
Considering_What_Paris_2024_Paralympic_Games,0,0.0,0,5,L Sulcus temporal inf,2.31
Considering_What_Paris_2024_Paralympic_Games,0,0.0,0,6,L Gyrus temporal inf,2.22
Considering_What_Paris_2024_Paralympic_Games,0,0.0,0,7,L Gyrus and Sulcus cingul-Ant,2.19
Considering_What_Paris_2024_Paralympic_Games,0,0.0,0,8,R Gyrus precentral,2.14
Considering_What_Paris_2024_Paralympic_Games,1,0.5,1,1,L Gyrus temporal inf,2.87
Considering_What_Paris_2024_Paralympic_Games,1,0.5,1,2,R Sulcus suborbital,2.74
Considering_What_Paris_2024_Paralympic_Games,1,0.5,1,3,L Sulcus orbital med-olfact,2.56
Considering_What_Paris_2024_Paralympic_Games,1,0.5,1,4,L Sulcus orbital-H Shaped,2.48
Considering_What_Paris_2024_Paralympic_Games,1,0.5,1,5,R Gyrus oc-temp med-Parahip,2.45
Considering_What_Paris_2024_Paralympic_Games,1,0.5,1,6,L Gyrus orbital,2.4
Considering_What_Paris_2024_Paralympic_Games,1,0.5,1,7,R Gyrus subcallosal,2.37
Considering_What_Paris_2024_Paralympic_Games,1,0.5,1,8,R Gyrus temporal inf,2.36
Considering_What_Paris_2024_Paralympic_Games,2,1.0,2,1,L Gyrus temporal inf,3.35
Considering_What_Paris_2024_Paralympic_Games,2,1.0,2,2,R Sulcus suborbital,2.81
Considering_What_Paris_2024_Paralympic_Games,2,1.0,2,3,R Sulcus oc-temp med and Lingual,2.78
Considering_What_Paris_2024_Paralympic_Games,2,1.0,2,4,L Gyrus orbital,2.77
Considering_What_Paris_2024_Paralympic_Games,2,1.0,2,5,R Gyrus temporal inf,2.66
Considering_What_Paris_2024_Paralympic_Games,2,1.0,2,6,R Sulcus temporal inf,2.64
Considering_What_Paris_2024_Paralympic_Games,2,1.0,2,7,L Sulcus precentral-sup-part,2.63
Considering_What_Paris_2024_Paralympic_Games,2,1.0,2,8,L Sulcus orbital-H Shaped,2.61
Considering_What_Paris_2024_Paralympic_Games,3,1.5,2,1,L Gyrus temporal inf,3.35
Considering_What_Paris_2024_Paralympic_Games,3,1.5,2,2,R Sulcus suborbital,2.81
Considering_What_Paris_2024_Paralympic_Games,3,1.5,2,3,R Sulcus oc-temp med and Lingual,2.78
Considering_What_Paris_2024_Paralympic_Games,3,1.5,2,4,L Gyrus orbital,2.77
Considering_What_Paris_2024_Paralympic_Games,3,1.5,2,5,R Gyrus temporal inf,2.66
Considering_What_Paris_2024_Paralympic_Games,3,1.5,2,6,R Sulcus temporal inf,2.64
Considering_What_Paris_2024_Paralympic_Games,3,1.5,2,7,L Sulcus precentral-sup-part,2.63
Considering_What_Paris_2024_Paralympic_Games,3,1.5,2,8,L Sulcus orbital-H Shaped,2.61
Considering_What_Paris_2024_Paralympic_Games,4,2.0,3,1,L Gyrus temporal inf,3.12
Considering_What_Paris_2024_Paralympic_Games,4,2.0,3,2,R Gyrus oc-temp med-Parahip,2.7
Considering_What_Paris_2024_Paralympic_Games,4,2.0,3,3,L Gyrus and Sulcus transv frontopol,2.66
Considering_What_Paris_2024_Paralympic_Games,4,2.0,3,4,R Gyrus subcallosal,2.63
Considering_What_Paris_2024_Paralympic_Games,4,2.0,3,5,L Sulcus orbital med-olfact,2.61
Considering_What_Paris_2024_Paralympic_Games,4,2.0,3,6,L Gyrus oc-temp med-Parahip,2.56
Considering_What_Paris_2024_Paralympic_Games,4,2.0,3,7,R Sulcus oc-temp med and Lingual,2.53
Considering_What_Paris_2024_Paralympic_Games,4,2.0,3,8,R Gyrus temporal inf,2.5
Considering_What_Paris_2024_Paralympic_Games,5,2.5,4,1,L Gyrus temporal inf,2.93
Considering_What_Paris_2024_Paralympic_Games,5,2.5,4,2,R Gyrus oc-temp med-Parahip,2.73
Considering_What_Paris_2024_Paralympic_Games,5,2.5,4,3,L Gyrus and Sulcus transv frontopol,2.63
Considering_What_Paris_2024_Paralympic_Games,5,2.5,4,4,R Gyrus temporal inf,2.54
Considering_What_Paris_2024_Paralympic_Games,5,2.5,4,5,L Sulcus orbital med-olfact,2.51
Considering_What_Paris_2024_Paralympic_Games,5,2.5,4,6,R Sulcus oc-temp med and Lingual,2.48
Considering_What_Paris_2024_Paralympic_Games,5,2.5,4,7,R Sulcus temporal inf,2.44
Considering_What_Paris_2024_Paralympic_Games,5,2.5,4,8,L Gyrus and Sulcus cingul-Ant,2.41
Considering_What_Paris_2024_Paralympic_Games,6,3.0,5,1,L Gyrus orbital,2.88
Considering_What_Paris_2024_Paralympic_Games,6,3.0,5,2,R Gyrus oc-temp med-Parahip,2.81
Considering_What_Paris_2024_Paralympic_Games,6,3.0,5,3,L Sulcus orbital med-olfact,2.78
Considering_What_Paris_2024_Paralympic_Games,6,3.0,5,4,L Gyrus temporal inf,2.7
Considering_What_Paris_2024_Paralympic_Games,6,3.0,5,5,L Gyrus and Sulcus transv frontopol,2.66
Considering_What_Paris_2024_Paralympic_Games,6,3.0,5,6,R Sulcus oc-temp med and Lingual,2.48
Considering_What_Paris_2024_Paralympic_Games,6,3.0,5,7,L Gyrus oc-temp med-Parahip,2.48
Considering_What_Paris_2024_Paralympic_Games,6,3.0,5,8,R Sulcus central,2.45
Considering_What_Paris_2024_Paralympic_Games,7,3.5,6,1,L Gyrus orbital,2.87
Considering_What_Paris_2024_Paralympic_Games,7,3.5,6,2,R Gyrus oc-temp med-Parahip,2.64
Considering_What_Paris_2024_Paralympic_Games,7,3.5,6,3,L Sulcus orbital med-olfact,2.54
Considering_What_Paris_2024_Paralympic_Games,7,3.5,6,4,L Gyrus and Sulcus transv frontopol,2.53
Considering_What_Paris_2024_Paralympic_Games,7,3.5,6,5,R Sulcus oc-temp med and Lingual,2.46
Considering_What_Paris_2024_Paralympic_Games,7,3.5,6,6,L Gyrus temporal inf,2.46
Considering_What_Paris_2024_Paralympic_Games,7,3.5,6,7,L Sulcus collat transv ant,2.38
Considering_What_Paris_2024_Paralympic_Games,7,3.5,6,8,R Sulcus central,2.37
Considering_What_Paris_2024_Paralympic_Games,8,4.0,6,1,L Gyrus orbital,2.87
Considering_What_Paris_2024_Paralympic_Games,8,4.0,6,2,R Gyrus oc-temp med-Parahip,2.64
Considering_What_Paris_2024_Paralympic_Games,8,4.0,6,3,L Sulcus orbital med-olfact,2.54
Considering_What_Paris_2024_Paralympic_Games,8,4.0,6,4,L Gyrus and Sulcus transv frontopol,2.53
Considering_What_Paris_2024_Paralympic_Games,8,4.0,6,5,R Sulcus oc-temp med and Lingual,2.46
Considering_What_Paris_2024_Paralympic_Games,8,4.0,6,6,L Gyrus temporal inf,2.46
Considering_What_Paris_2024_Paralympic_Games,8,4.0,6,7,L Sulcus collat transv ant,2.38
Considering_What_Paris_2024_Paralympic_Games,8,4.0,6,8,R Sulcus central,2.37
Considering_What_Paris_2024_Paralympic_Games,9,4.5,7,1,L Sulcus collat transv ant,2.63
Considering_What_Paris_2024_Paralympic_Games,9,4.5,7,2,R Sulcus oc-temp med and Lingual,2.61
Considering_What_Paris_2024_Paralympic_Games,9,4.5,7,3,L Gyrus orbital,2.56
Considering_What_Paris_2024_Paralympic_Games,9,4.5,7,4,R Gyrus oc-temp med-Parahip,2.51
Considering_What_Paris_2024_Paralympic_Games,9,4.5,7,5,R Sulcus central,2.49
Considering_What_Paris_2024_Paralympic_Games,9,4.5,7,6,R Sulcus subparietal,2.39
Considering_What_Paris_2024_Paralympic_Games,9,4.5,7,7,L Gyrus and Sulcus transv frontopol,2.37
Considering_What_Paris_2024_Paralympic_Games,9,4.5,7,8,R Sulcus suborbital,2.36
Considering_What_Paris_2024_Paralympic_Games,10,5.0,8,1,R Sulcus oc-temp med and Lingual,2.76
Considering_What_Paris_2024_Paralympic_Games,10,5.0,8,2,R Sulcus suborbital,2.65
Considering_What_Paris_2024_Paralympic_Games,10,5.0,8,3,R Sulcus subparietal,2.63
Considering_What_Paris_2024_Paralympic_Games,10,5.0,8,4,R Gyrus oc-temp med-Parahip,2.63
Considering_What_Paris_2024_Paralympic_Games,10,5.0,8,5,L Gyrus rectus,2.54
Considering_What_Paris_2024_Paralympic_Games,10,5.0,8,6,L Sulcus temporal inf,2.51
Considering_What_Paris_2024_Paralympic_Games,10,5.0,8,7,R Gyrus and Sulcus transv frontopol,2.51
Considering_What_Paris_2024_Paralympic_Games,10,5.0,8,8,R Gyrus temporal inf,2.44
Considering_What_Paris_2024_Paralympic_Games,11,5.5,9,1,R Sulcus oc-temp med and Lingual,2.8
Considering_What_Paris_2024_Paralympic_Games,11,5.5,9,2,R Sulcus subparietal,2.78
Considering_What_Paris_2024_Paralympic_Games,11,5.5,9,3,R Gyrus and Sulcus transv frontopol,2.6
Considering_What_Paris_2024_Paralympic_Games,11,5.5,9,4,R Gyrus oc-temp med-Parahip,2.6
Considering_What_Paris_2024_Paralympic_Games,11,5.5,9,5,L Sulcus temporal inf,2.57
Considering_What_Paris_2024_Paralympic_Games,11,5.5,9,6,R Gyrus temporal inf,2.55
Considering_What_Paris_2024_Paralympic_Games,11,5.5,9,7,R Sulcus suborbital,2.52
Considering_What_Paris_2024_Paralympic_Games,11,5.5,9,8,L Gyrus and Sulcus subcentral,2.5
Considering_What_Paris_2024_Paralympic_Games,12,6.0,10,1,R Sulcus subparietal,2.87
Considering_What_Paris_2024_Paralympic_Games,12,6.0,10,2,L Gyrus and Sulcus transv frontopol,2.6
Considering_What_Paris_2024_Paralympic_Games,12,6.0,10,3,R Sulcus temporal sup,2.59
Considering_What_Paris_2024_Paralympic_Games,12,6.0,10,4,R Gyrus temporal inf,2.57
Considering_What_Paris_2024_Paralympic_Games,12,6.0,10,5,R Gyrus and Sulcus transv frontopol,2.56
Considering_What_Paris_2024_Paralympic_Games,12,6.0,10,6,L Gyrus and Sulcus subcentral,2.55
Considering_What_Paris_2024_Paralympic_Games,12,6.0,10,7,R Sulcus front inf,2.55
Considering_What_Paris_2024_Paralympic_Games,12,6.0,10,8,L Gyrus precuneus,2.54
Considering_What_Paris_2024_Paralympic_Games,13,6.5,11,1,R Sulcus subparietal,2.88
Considering_What_Paris_2024_Paralympic_Games,13,6.5,11,2,R Sulcus temporal sup,2.6
Considering_What_Paris_2024_Paralympic_Games,13,6.5,11,3,L Gyrus cingul-Post-ventral,2.6
Considering_What_Paris_2024_Paralympic_Games,13,6.5,11,4,R Sulcus suborbital,2.55
Considering_What_Paris_2024_Paralympic_Games,13,6.5,11,5,L Gyrus and Sulcus transv frontopol,2.54
Considering_What_Paris_2024_Paralympic_Games,13,6.5,11,6,L Gyrus precuneus,2.54
Considering_What_Paris_2024_Paralympic_Games,13,6.5,11,7,R Sulcus front inf,2.54
Considering_What_Paris_2024_Paralympic_Games,13,6.5,11,8,R Gyrus temporal inf,2.54
Considering_What_Paris_2024_Paralympic_Games,14,7.0,11,1,R Sulcus subparietal,2.88
Considering_What_Paris_2024_Paralympic_Games,14,7.0,11,2,R Sulcus temporal sup,2.6
Considering_What_Paris_2024_Paralympic_Games,14,7.0,11,3,L Gyrus cingul-Post-ventral,2.6
Considering_What_Paris_2024_Paralympic_Games,14,7.0,11,4,R Sulcus suborbital,2.55
Considering_What_Paris_2024_Paralympic_Games,14,7.0,11,5,L Gyrus and Sulcus transv frontopol,2.54
Considering_What_Paris_2024_Paralympic_Games,14,7.0,11,6,L Gyrus precuneus,2.54
Considering_What_Paris_2024_Paralympic_Games,14,7.0,11,7,R Sulcus front inf,2.54
Considering_What_Paris_2024_Paralympic_Games,14,7.0,11,8,R Gyrus temporal inf,2.54
Considering_What_Paris_2024_Paralympic_Games,15,7.5,12,1,R Sulcus subparietal,2.78
Considering_What_Paris_2024_Paralympic_Games,15,7.5,12,2,L Gyrus cingul-Post-ventral,2.63
Considering_What_Paris_2024_Paralympic_Games,15,7.5,12,3,R Sulcus temporal sup,2.55
Considering_What_Paris_2024_Paralympic_Games,15,7.5,12,4,R Gyrus temporal inf,2.51
Considering_What_Paris_2024_Paralympic_Games,15,7.5,12,5,R Sulcus suborbital,2.51
Considering_What_Paris_2024_Paralympic_Games,15,7.5,12,6,L Gyrus subcallosal,2.51
Considering_What_Paris_2024_Paralympic_Games,15,7.5,12,7,R Sulcus front inf,2.49
Considering_What_Paris_2024_Paralympic_Games,15,7.5,12,8,L Gyrus precuneus,2.47
Considering_What_Paris_2024_Paralympic_Games,16,8.0,13,1,R Sulcus subparietal,2.6
Considering_What_Paris_2024_Paralympic_Games,16,8.0,13,2,L Gyrus cingul-Post-ventral,2.58
Considering_What_Paris_2024_Paralympic_Games,16,8.0,13,3,L Gyrus subcallosal,2.56
Considering_What_Paris_2024_Paralympic_Games,16,8.0,13,4,R Sulcus temporal sup,2.47
Considering_What_Paris_2024_Paralympic_Games,16,8.0,13,5,R Gyrus temporal inf,2.46
Considering_What_Paris_2024_Paralympic_Games,16,8.0,13,6,R Sulcus suborbital,2.46
Considering_What_Paris_2024_Paralympic_Games,16,8.0,13,7,R Sulcus front inf,2.43
Considering_What_Paris_2024_Paralympic_Games,16,8.0,13,8,L Gyrus rectus,2.4
Considering_What_Paris_2024_Paralympic_Games,17,8.5,14,1,L Gyrus subcallosal,2.58
Considering_What_Paris_2024_Paralympic_Games,17,8.5,14,2,R Sulcus orbital lateral,2.4
Considering_What_Paris_2024_Paralympic_Games,17,8.5,14,3,R Gyrus temporal inf,2.39
Considering_What_Paris_2024_Paralympic_Games,17,8.5,14,4,L Gyrus cingul-Post-ventral,2.39
Considering_What_Paris_2024_Paralympic_Games,17,8.5,14,5,L Gyrus rectus,2.37
Considering_What_Paris_2024_Paralympic_Games,17,8.5,14,6,L Gyrus temporal inf,2.36
Considering_What_Paris_2024_Paralympic_Games,17,8.5,14,7,L Gyrus oc-temp med-Parahip,2.35
Considering_What_Paris_2024_Paralympic_Games,17,8.5,14,8,R Gyrus front middle,2.34
Considering_What_Paris_2024_Paralympic_Games,18,9.0,15,1,L Sulcus temporal inf,2.55
Considering_What_Paris_2024_Paralympic_Games,18,9.0,15,2,L Gyrus subcallosal,2.51
Considering_What_Paris_2024_Paralympic_Games,18,9.0,15,3,R Sulcus orbital lateral,2.41
Considering_What_Paris_2024_Paralympic_Games,18,9.0,15,4,R Sulcus orbital med-olfact,2.32
Considering_What_Paris_2024_Paralympic_Games,18,9.0,15,5,R Gyrus rectus,2.29
Considering_What_Paris_2024_Paralympic_Games,18,9.0,15,6,R Sulcus suborbital,2.27
Considering_What_Paris_2024_Paralympic_Games,18,9.0,15,7,L Gyrus oc-temp med-Parahip,2.27
Considering_What_Paris_2024_Paralympic_Games,18,9.0,15,8,L Gyrus and Sulcus frontomargin,2.27
Considering_What_Paris_2024_Paralympic_Games,19,9.5,15,1,L Sulcus temporal inf,2.55
Considering_What_Paris_2024_Paralympic_Games,19,9.5,15,2,L Gyrus subcallosal,2.51
Considering_What_Paris_2024_Paralympic_Games,19,9.5,15,3,R Sulcus orbital lateral,2.41
Considering_What_Paris_2024_Paralympic_Games,19,9.5,15,4,R Sulcus orbital med-olfact,2.32
Considering_What_Paris_2024_Paralympic_Games,19,9.5,15,5,R Gyrus rectus,2.29
Considering_What_Paris_2024_Paralympic_Games,19,9.5,15,6,R Sulcus suborbital,2.27
Considering_What_Paris_2024_Paralympic_Games,19,9.5,15,7,L Gyrus oc-temp med-Parahip,2.27
Considering_What_Paris_2024_Paralympic_Games,19,9.5,15,8,L Gyrus and Sulcus frontomargin,2.27
Considering_What_Paris_2024_Paralympic_Games,20,10.0,16,1,L Gyrus subcallosal,2.41
Considering_What_Paris_2024_Paralympic_Games,20,10.0,16,2,R Sulcus orbital lateral,2.32
Considering_What_Paris_2024_Paralympic_Games,20,10.0,16,3,R Gyrus rectus,2.3
Considering_What_Paris_2024_Paralympic_Games,20,10.0,16,4,R Gyrus and Sulcus subcentral,2.29
Considering_What_Paris_2024_Paralympic_Games,20,10.0,16,5,L Sulcus temporal inf,2.28
Considering_What_Paris_2024_Paralympic_Games,20,10.0,16,6,R Gyrus and Sulcus frontomargin,2.24
Considering_What_Paris_2024_Paralympic_Games,20,10.0,16,7,L Sulcus oc-temp med and Lingual,2.22
Considering_What_Paris_2024_Paralympic_Games,20,10.0,16,8,R Gyrus front middle,2.21
Considering_What_Paris_2024_Paralympic_Games,21,10.5,17,1,R Gyrus and Sulcus subcentral,2.29
Considering_What_Paris_2024_Paralympic_Games,21,10.5,17,2,R Lat Fis-ant-Horizont,2.27
Considering_What_Paris_2024_Paralympic_Games,21,10.5,17,3,R Sulcus orbital lateral,2.27
Considering_What_Paris_2024_Paralympic_Games,21,10.5,17,4,L Gyrus orbital,2.25
Considering_What_Paris_2024_Paralympic_Games,21,10.5,17,5,L Gyrus subcallosal,2.24
Considering_What_Paris_2024_Paralympic_Games,21,10.5,17,6,R Gyrus rectus,2.23
Considering_What_Paris_2024_Paralympic_Games,21,10.5,17,7,R Lat Fis-ant-Vertical,2.21
Considering_What_Paris_2024_Paralympic_Games,21,10.5,17,8,R Gyrus front inf-Triangul,2.17
Considering_What_Paris_2024_Paralympic_Games,22,11.0,18,1,R Gyrus and Sulcus frontomargin,2.4
Considering_What_Paris_2024_Paralympic_Games,22,11.0,18,2,R Gyrus and Sulcus subcentral,2.21
Considering_What_Paris_2024_Paralympic_Games,22,11.0,18,3,L Gyrus orbital,2.2
Considering_What_Paris_2024_Paralympic_Games,22,11.0,18,4,R Sulcus orbital lateral,2.19
Considering_What_Paris_2024_Paralympic_Games,22,11.0,18,5,R Gyrus front inf-Triangul,2.19
Considering_What_Paris_2024_Paralympic_Games,22,11.0,18,6,R Lat Fis-ant-Horizont,2.17
Considering_What_Paris_2024_Paralympic_Games,22,11.0,18,7,R Lat Fis-ant-Vertical,2.16
Considering_What_Paris_2024_Paralympic_Games,22,11.0,18,8,R Gyrus temporal middle,2.15
Considering_What_Paris_2024_Paralympic_Games,23,11.5,19,1,R Gyrus front inf-Triangul,2.23
Considering_What_Paris_2024_Paralympic_Games,23,11.5,19,2,R Gyrus pariet inf-Angular,2.22
Considering_What_Paris_2024_Paralympic_Games,23,11.5,19,3,R Gyrus front inf-Orbital,2.21
Considering_What_Paris_2024_Paralympic_Games,23,11.5,19,4,L Lat Fis-post,2.15
Considering_What_Paris_2024_Paralympic_Games,23,11.5,19,5,L Gyrus precentral,2.15
Considering_What_Paris_2024_Paralympic_Games,23,11.5,19,6,L Gyrus temporal middle,2.15
Considering_What_Paris_2024_Paralympic_Games,23,11.5,19,7,R Sulcus orbital lateral,2.15
Considering_What_Paris_2024_Paralympic_Games,23,11.5,19,8,R Sulcus precentral-inf-part,2.14
Considering_What_Paris_2024_Paralympic_Games,24,12.0,19,1,R Gyrus front inf-Triangul,2.23
Considering_What_Paris_2024_Paralympic_Games,24,12.0,19,2,R Gyrus pariet inf-Angular,2.22
Considering_What_Paris_2024_Paralympic_Games,24,12.0,19,3,R Gyrus front inf-Orbital,2.21
Considering_What_Paris_2024_Paralympic_Games,24,12.0,19,4,L Lat Fis-post,2.15
Considering_What_Paris_2024_Paralympic_Games,24,12.0,19,5,L Gyrus precentral,2.15
Considering_What_Paris_2024_Paralympic_Games,24,12.0,19,6,L Gyrus temporal middle,2.15
Considering_What_Paris_2024_Paralympic_Games,24,12.0,19,7,R Sulcus orbital lateral,2.15
Considering_What_Paris_2024_Paralympic_Games,24,12.0,19,8,R Sulcus precentral-inf-part,2.14
Considering_What_Paris_2024_Paralympic_Games,25,12.5,20,1,L Sulcus temporal transverse,2.45
Considering_What_Paris_2024_Paralympic_Games,25,12.5,20,2,L Lat Fis-post,2.43
Considering_What_Paris_2024_Paralympic_Games,25,12.5,20,3,L Gyrus front inf-Opercular,2.42
Considering_What_Paris_2024_Paralympic_Games,25,12.5,20,4,R Gyrus pariet inf-Angular,2.39
Considering_What_Paris_2024_Paralympic_Games,25,12.5,20,5,R Sulcus temporal transverse,2.38
Considering_What_Paris_2024_Paralympic_Games,25,12.5,20,6,L Gyrus temp sup-Plan tempo,2.38
Considering_What_Paris_2024_Paralympic_Games,25,12.5,20,7,L Gyrus temporal middle,2.33
Considering_What_Paris_2024_Paralympic_Games,25,12.5,20,8,R Gyrus front inf-Triangul,2.29
Considering_What_Paris_2024_Paralympic_Games,26,13.0,21,1,L Sulcus temporal transverse,2.7
Considering_What_Paris_2024_Paralympic_Games,26,13.0,21,2,L Gyrus temp sup-Plan tempo,2.67
Considering_What_Paris_2024_Paralympic_Games,26,13.0,21,3,L Lat Fis-post,2.67
Considering_What_Paris_2024_Paralympic_Games,26,13.0,21,4,R Sulcus temporal transverse,2.67
Considering_What_Paris_2024_Paralympic_Games,26,13.0,21,5,L Gyrus temp sup-Gyrus T transv,2.52
Considering_What_Paris_2024_Paralympic_Games,26,13.0,21,6,R Gyrus pariet inf-Angular,2.51
Considering_What_Paris_2024_Paralympic_Games,26,13.0,21,7,R Gyrus temp sup-Plan tempo,2.49
Considering_What_Paris_2024_Paralympic_Games,26,13.0,21,8,L Gyrus temporal middle,2.47
Considering_What_Paris_2024_Paralympic_Games,27,13.5,22,1,L Gyrus temp sup-Plan tempo,2.84
Considering_What_Paris_2024_Paralympic_Games,27,13.5,22,2,L Lat Fis-post,2.81
Considering_What_Paris_2024_Paralympic_Games,27,13.5,22,3,L Sulcus temporal transverse,2.74
Considering_What_Paris_2024_Paralympic_Games,27,13.5,22,4,R Sulcus temporal transverse,2.69
Considering_What_Paris_2024_Paralympic_Games,27,13.5,22,5,R Gyrus temp sup-Plan tempo,2.68
Considering_What_Paris_2024_Paralympic_Games,27,13.5,22,6,R Gyrus pariet inf-Angular,2.6
Considering_What_Paris_2024_Paralympic_Games,27,13.5,22,7,R Gyrus temp sup-Gyrus T transv,2.53
Considering_What_Paris_2024_Paralympic_Games,27,13.5,22,8,L Gyrus temporal middle,2.53
Considering_What_Paris_2024_Paralympic_Games,28,14.0,23,1,L Gyrus temp sup-Plan tempo,2.93
Considering_What_Paris_2024_Paralympic_Games,28,14.0,23,2,L Lat Fis-post,2.82
Considering_What_Paris_2024_Paralympic_Games,28,14.0,23,3,R Gyrus temp sup-Plan tempo,2.81
Considering_What_Paris_2024_Paralympic_Games,28,14.0,23,4,L Sulcus precentral-sup-part,2.78
Considering_What_Paris_2024_Paralympic_Games,28,14.0,23,5,L Gyrus pariet inf-Supramar,2.69
Considering_What_Paris_2024_Paralympic_Games,28,14.0,23,6,L Sulcus temporal transverse,2.67
Considering_What_Paris_2024_Paralympic_Games,28,14.0,23,7,R Gyrus pariet inf-Supramar,2.66
Considering_What_Paris_2024_Paralympic_Games,28,14.0,23,8,R Lat Fis-post,2.64
Considering_What_Paris_2024_Paralympic_Games,29,14.5,24,1,L Sulcus precentral-sup-part,2.92
Considering_What_Paris_2024_Paralympic_Games,29,14.5,24,2,L Sulcus postcentral,2.83
Considering_What_Paris_2024_Paralympic_Games,29,14.5,24,3,L Gyrus pariet inf-Supramar,2.83
Considering_What_Paris_2024_Paralympic_Games,29,14.5,24,4,R Gyrus pariet inf-Supramar,2.82
Considering_What_Paris_2024_Paralympic_Games,29,14.5,24,5,L Gyrus temp sup-Plan tempo,2.79
Considering_What_Paris_2024_Paralympic_Games,29,14.5,24,6,R Sulcus precentral-sup-part,2.77
Considering_What_Paris_2024_Paralympic_Games,29,14.5,24,7,R Gyrus temp sup-Plan tempo,2.76
Considering_What_Paris_2024_Paralympic_Games,29,14.5,24,8,R Lat Fis-post,2.71
Considering_What_Paris_2024_Paralympic_Games,30,15.0,24,1,L Sulcus precentral-sup-part,2.92
Considering_What_Paris_2024_Paralympic_Games,30,15.0,24,2,L Sulcus postcentral,2.83
Considering_What_Paris_2024_Paralympic_Games,30,15.0,24,3,L Gyrus pariet inf-Supramar,2.83
Considering_What_Paris_2024_Paralympic_Games,30,15.0,24,4,R Gyrus pariet inf-Supramar,2.82
Considering_What_Paris_2024_Paralympic_Games,30,15.0,24,5,L Gyrus temp sup-Plan tempo,2.79
Considering_What_Paris_2024_Paralympic_Games,30,15.0,24,6,R Sulcus precentral-sup-part,2.77
Considering_What_Paris_2024_Paralympic_Games,30,15.0,24,7,R Gyrus temp sup-Plan tempo,2.76
Considering_What_Paris_2024_Paralympic_Games,30,15.0,24,8,R Lat Fis-post,2.71
Considering_What_Paris_2024_Paralympic_Games,31,15.5,25,1,L Sulcus precentral-sup-part,3.03
Considering_What_Paris_2024_Paralympic_Games,31,15.5,25,2,L Sulcus postcentral,3.03
Considering_What_Paris_2024_Paralympic_Games,31,15.5,25,3,L Gyrus pariet inf-Supramar,2.94
Considering_What_Paris_2024_Paralympic_Games,31,15.5,25,4,R Gyrus pariet inf-Supramar,2.93
Considering_What_Paris_2024_Paralympic_Games,31,15.5,25,5,L Sulcus circular insula sup,2.92
Considering_What_Paris_2024_Paralympic_Games,31,15.5,25,6,R Sulcus precentral-sup-part,2.89
Considering_What_Paris_2024_Paralympic_Games,31,15.5,25,7,R Sulcus postcentral,2.87
Considering_What_Paris_2024_Paralympic_Games,31,15.5,25,8,R Gyrus parietal sup,2.83
Considering_What_Paris_2024_Paralympic_Games,32,16.0,26,1,L Sulcus postcentral,3.17
Considering_What_Paris_2024_Paralympic_Games,32,16.0,26,2,L Sulcus precentral-sup-part,3.11
Considering_What_Paris_2024_Paralympic_Games,32,16.0,26,3,L Sulcus circular insula sup,3.09
Considering_What_Paris_2024_Paralympic_Games,32,16.0,26,4,L Gyrus pariet inf-Supramar,3.02
Considering_What_Paris_2024_Paralympic_Games,32,16.0,26,5,R Gyrus pariet inf-Supramar,3.0
Considering_What_Paris_2024_Paralympic_Games,32,16.0,26,6,R Sulcus postcentral,2.98
Considering_What_Paris_2024_Paralympic_Games,32,16.0,26,7,R Sulcus precentral-sup-part,2.97
Considering_What_Paris_2024_Paralympic_Games,32,16.0,26,8,R Gyrus parietal sup,2.94
Considering_What_Paris_2024_Paralympic_Games,33,16.5,27,1,L Sulcus postcentral,3.12
Considering_What_Paris_2024_Paralympic_Games,33,16.5,27,2,L Sulcus circular insula sup,3.09
Considering_What_Paris_2024_Paralympic_Games,33,16.5,27,3,L Sulcus precentral-sup-part,3.0
Considering_What_Paris_2024_Paralympic_Games,33,16.5,27,4,L Gyrus pariet inf-Supramar,2.97
Considering_What_Paris_2024_Paralympic_Games,33,16.5,27,5,R Gyrus pariet inf-Supramar,2.93
Considering_What_Paris_2024_Paralympic_Games,33,16.5,27,6,R Sulcus postcentral,2.93
Considering_What_Paris_2024_Paralympic_Games,33,16.5,27,7,R Gyrus parietal sup,2.89
Considering_What_Paris_2024_Paralympic_Games,33,16.5,27,8,R Sulcus precentral-sup-part,2.86
Considering_What_Paris_2024_Paralympic_Games,34,17.0,28,1,L Sulcus postcentral,3.01
Considering_What_Paris_2024_Paralympic_Games,34,17.0,28,2,L Sulcus circular insula sup,2.93
Considering_What_Paris_2024_Paralympic_Games,34,17.0,28,3,L Gyrus pariet inf-Supramar,2.82
Considering_What_Paris_2024_Paralympic_Games,34,17.0,28,4,L Sulcus precentral-sup-part,2.82
Considering_What_Paris_2024_Paralympic_Games,34,17.0,28,5,R Sulcus postcentral,2.82
Considering_What_Paris_2024_Paralympic_Games,34,17.0,28,6,R Sulcus interm prim-Jensen,2.79
Considering_What_Paris_2024_Paralympic_Games,34,17.0,28,7,R Gyrus pariet inf-Supramar,2.79
Considering_What_Paris_2024_Paralympic_Games,34,17.0,28,8,R Gyrus parietal sup,2.78
Considering_What_Paris_2024_Paralympic_Games,35,17.5,28,1,L Sulcus postcentral,3.01
Considering_What_Paris_2024_Paralympic_Games,35,17.5,28,2,L Sulcus circular insula sup,2.93
Considering_What_Paris_2024_Paralympic_Games,35,17.5,28,3,L Gyrus pariet inf-Supramar,2.82
Considering_What_Paris_2024_Paralympic_Games,35,17.5,28,4,L Sulcus precentral-sup-part,2.82
Considering_What_Paris_2024_Paralympic_Games,35,17.5,28,5,R Sulcus postcentral,2.82
Considering_What_Paris_2024_Paralympic_Games,35,17.5,28,6,R Sulcus interm prim-Jensen,2.79
Considering_What_Paris_2024_Paralympic_Games,35,17.5,28,7,R Gyrus pariet inf-Supramar,2.79
Considering_What_Paris_2024_Paralympic_Games,35,17.5,28,8,R Gyrus parietal sup,2.78
Considering_What_Paris_2024_Paralympic_Games,36,18.0,29,1,L Sulcus postcentral,2.79
Considering_What_Paris_2024_Paralympic_Games,36,18.0,29,2,L Sulcus circular insula sup,2.74
Considering_What_Paris_2024_Paralympic_Games,36,18.0,29,3,L Gyrus pariet inf-Supramar,2.64
Considering_What_Paris_2024_Paralympic_Games,36,18.0,29,4,L Gyrus precentral,2.63
Considering_What_Paris_2024_Paralympic_Games,36,18.0,29,5,R Sulcus postcentral,2.62
Considering_What_Paris_2024_Paralympic_Games,36,18.0,29,6,R Sulcus interm prim-Jensen,2.59
Considering_What_Paris_2024_Paralympic_Games,36,18.0,29,7,L Sulcus precentral-sup-part,2.58
Considering_What_Paris_2024_Paralympic_Games,36,18.0,29,8,R Sulcus circular insula sup,2.58
Considering_What_Paris_2024_Paralympic_Games,37,18.5,30,1,L Sulcus postcentral,2.55
Considering_What_Paris_2024_Paralympic_Games,37,18.5,30,2,L Gyrus precentral,2.5
Considering_What_Paris_2024_Paralympic_Games,37,18.5,30,3,L Sulcus circular insula sup,2.46
Considering_What_Paris_2024_Paralympic_Games,37,18.5,30,4,R Sulcus circular insula sup,2.46
Considering_What_Paris_2024_Paralympic_Games,37,18.5,30,5,L Gyrus pariet inf-Supramar,2.44
Considering_What_Paris_2024_Paralympic_Games,37,18.5,30,6,R Sulcus postcentral,2.39
Considering_What_Paris_2024_Paralympic_Games,37,18.5,30,7,R Sulcus interm prim-Jensen,2.39
Considering_What_Paris_2024_Paralympic_Games,37,18.5,30,8,L Gyrus and Sulcus subcentral,2.38
Considering_What_Paris_2024_Paralympic_Games,38,19.0,31,1,L Gyrus precentral,2.32
Considering_What_Paris_2024_Paralympic_Games,38,19.0,31,2,L Gyrus temporal middle,2.29
Considering_What_Paris_2024_Paralympic_Games,38,19.0,31,3,L Gyrus front middle,2.28
Considering_What_Paris_2024_Paralympic_Games,38,19.0,31,4,L Sulcus postcentral,2.27
Considering_What_Paris_2024_Paralympic_Games,38,19.0,31,5,R Sulcus circular insula sup,2.27
Considering_What_Paris_2024_Paralympic_Games,38,19.0,31,6,L Gyrus front inf-Triangul,2.26
Considering_What_Paris_2024_Paralympic_Games,38,19.0,31,7,L Sulcus front inf,2.26
Considering_What_Paris_2024_Paralympic_Games,38,19.0,31,8,L Gyrus temporal inf,2.24
Considering_What_Paris_2024_Paralympic_Games,39,19.5,32,1,R Sulcus orbital med-olfact,2.27
Considering_What_Paris_2024_Paralympic_Games,39,19.5,32,2,L Gyrus temporal middle,2.26
Considering_What_Paris_2024_Paralympic_Games,39,19.5,32,3,L Gyrus front middle,2.24
Considering_What_Paris_2024_Paralympic_Games,39,19.5,32,4,L Sulcus front inf,2.23
Considering_What_Paris_2024_Paralympic_Games,39,19.5,32,5,L Gyrus temporal inf,2.2
Considering_What_Paris_2024_Paralympic_Games,39,19.5,32,6,L Pole temporal,2.19
Considering_What_Paris_2024_Paralympic_Games,39,19.5,32,7,L Gyrus rectus,2.19
Considering_What_Paris_2024_Paralympic_Games,39,19.5,32,8,R Gyrus rectus,2.18
Considering_What_Paris_2024_Paralympic_Games,40,20.0,32,1,R Sulcus orbital med-olfact,2.27
Considering_What_Paris_2024_Paralympic_Games,40,20.0,32,2,L Gyrus temporal middle,2.26
Considering_What_Paris_2024_Paralympic_Games,40,20.0,32,3,L Gyrus front middle,2.24
Considering_What_Paris_2024_Paralympic_Games,40,20.0,32,4,L Sulcus front inf,2.23
Considering_What_Paris_2024_Paralympic_Games,40,20.0,32,5,L Gyrus temporal inf,2.2
Considering_What_Paris_2024_Paralympic_Games,40,20.0,32,6,L Pole temporal,2.19
Considering_What_Paris_2024_Paralympic_Games,40,20.0,32,7,L Gyrus rectus,2.19
Considering_What_Paris_2024_Paralympic_Games,40,20.0,32,8,R Gyrus rectus,2.18
Considering_What_Paris_2024_Paralympic_Games,41,20.5,33,1,R Gyrus rectus,2.25
Considering_What_Paris_2024_Paralympic_Games,41,20.5,33,2,L Sulcus intrapariet and P trans,2.21
Considering_What_Paris_2024_Paralympic_Games,41,20.5,33,3,L Gyrus temp sup-Plan polar,2.21
Considering_What_Paris_2024_Paralympic_Games,41,20.5,33,4,L Pole temporal,2.2
Considering_What_Paris_2024_Paralympic_Games,41,20.5,33,5,L Gyrus rectus,2.2
Considering_What_Paris_2024_Paralympic_Games,41,20.5,33,6,L Gyrus front middle,2.19
Considering_What_Paris_2024_Paralympic_Games,41,20.5,33,7,L Gyrus temporal middle,2.17
Considering_What_Paris_2024_Paralympic_Games,41,20.5,33,8,L Gyrus orbital,2.17
Considering_What_Paris_2024_Paralympic_Games,42,21.0,34,1,L Gyrus and Sulcus subcentral,2.41
Considering_What_Paris_2024_Paralympic_Games,42,21.0,34,2,R Gyrus rectus,2.23
Considering_What_Paris_2024_Paralympic_Games,42,21.0,34,3,L Sulcus orbital lateral,2.23
Considering_What_Paris_2024_Paralympic_Games,42,21.0,34,4,L Sulcus temporal sup,2.2
Considering_What_Paris_2024_Paralympic_Games,42,21.0,34,5,L Gyrus rectus,2.19
Considering_What_Paris_2024_Paralympic_Games,42,21.0,34,6,L Gyrus orbital,2.19
Considering_What_Paris_2024_Paralympic_Games,42,21.0,34,7,L Pole temporal,2.18
Considering_What_Paris_2024_Paralympic_Games,42,21.0,34,8,L Gyrus pariet inf-Angular,2.16
Considering_What_Paris_2024_Paralympic_Games,43,21.5,35,1,R Gyrus temporal inf,2.25
Considering_What_Paris_2024_Paralympic_Games,43,21.5,35,2,L Sulcus orbital lateral,2.2
Considering_What_Paris_2024_Paralympic_Games,43,21.5,35,3,R Gyrus postcentral,2.17
Considering_What_Paris_2024_Paralympic_Games,43,21.5,35,4,L Sulcus orbital-H Shaped,2.17
Considering_What_Paris_2024_Paralympic_Games,43,21.5,35,5,L Gyrus pariet inf-Angular,2.17
Considering_What_Paris_2024_Paralympic_Games,43,21.5,35,6,L Gyrus and Sulcus subcentral,2.16
Considering_What_Paris_2024_Paralympic_Games,43,21.5,35,7,L Sulcus temporal sup,2.16
Considering_What_Paris_2024_Paralympic_Games,43,21.5,35,8,R Gyrus rectus,2.14
Considering_What_Paris_2024_Paralympic_Games,44,22.0,36,1,R Gyrus orbital,2.55
Considering_What_Paris_2024_Paralympic_Games,44,22.0,36,2,R Gyrus temporal inf,2.18
Considering_What_Paris_2024_Paralympic_Games,44,22.0,36,3,R Gyrus rectus,2.17
Considering_What_Paris_2024_Paralympic_Games,44,22.0,36,4,L Gyrus and Sulcus subcentral,2.13
Considering_What_Paris_2024_Paralympic_Games,44,22.0,36,5,L Sulcus suborbital,2.1
Considering_What_Paris_2024_Paralympic_Games,44,22.0,36,6,L Sulcus orbital-H Shaped,2.08
Considering_What_Paris_2024_Paralympic_Games,44,22.0,36,7,L Gyrus pariet inf-Angular,2.06
Considering_What_Paris_2024_Paralympic_Games,44,22.0,36,8,L Sulcus temporal sup,2.06
Considering_What_Paris_2024_Paralympic_Games,45,22.5,36,1,R Gyrus orbital,2.55
Considering_What_Paris_2024_Paralympic_Games,45,22.5,36,2,R Gyrus temporal inf,2.18
Considering_What_Paris_2024_Paralympic_Games,45,22.5,36,3,R Gyrus rectus,2.17
Considering_What_Paris_2024_Paralympic_Games,45,22.5,36,4,L Gyrus and Sulcus subcentral,2.13
Considering_What_Paris_2024_Paralympic_Games,45,22.5,36,5,L Sulcus suborbital,2.1
Considering_What_Paris_2024_Paralympic_Games,45,22.5,36,6,L Sulcus orbital-H Shaped,2.08
Considering_What_Paris_2024_Paralympic_Games,45,22.5,36,7,L Gyrus pariet inf-Angular,2.06
Considering_What_Paris_2024_Paralympic_Games,45,22.5,36,8,L Sulcus temporal sup,2.06
Considering_What_Paris_2024_Paralympic_Games,46,23.0,37,1,R Gyrus orbital,2.71
Considering_What_Paris_2024_Paralympic_Games,46,23.0,37,2,R Gyrus rectus,2.19
Considering_What_Paris_2024_Paralympic_Games,46,23.0,37,3,L Gyrus and Sulcus paracentral,2.08
Considering_What_Paris_2024_Paralympic_Games,46,23.0,37,4,L Gyrus temporal inf,2.07
Considering_What_Paris_2024_Paralympic_Games,46,23.0,37,5,L Gyrus and Sulcus subcentral,2.07
Considering_What_Paris_2024_Paralympic_Games,46,23.0,37,6,L Gyrus pariet inf-Angular,2.05
Considering_What_Paris_2024_Paralympic_Games,46,23.0,37,7,L Gyrus front middle,2.05
Considering_What_Paris_2024_Paralympic_Games,46,23.0,37,8,L Sulcus central,2.03
Considering_What_Paris_2024_Paralympic_Games,47,23.5,38,1,R Gyrus orbital,2.83
Considering_What_Paris_2024_Paralympic_Games,47,23.5,38,2,R Gyrus rectus,2.17
Considering_What_Paris_2024_Paralympic_Games,47,23.5,38,3,L Gyrus temporal inf,2.1
Considering_What_Paris_2024_Paralympic_Games,47,23.5,38,4,L Gyrus and Sulcus paracentral,2.08
Considering_What_Paris_2024_Paralympic_Games,47,23.5,38,5,R Gyrus precentral,2.08
Considering_What_Paris_2024_Paralympic_Games,47,23.5,38,6,L Sulcus central,2.06
Considering_What_Paris_2024_Paralympic_Games,47,23.5,38,7,L Gyrus front middle,2.04
Considering_What_Paris_2024_Paralympic_Games,47,23.5,38,8,L Sulcus parieto occipital,2.04
Considering_What_Paris_2024_Paralympic_Games,48,24.0,39,1,R Gyrus orbital,2.88
Considering_What_Paris_2024_Paralympic_Games,48,24.0,39,2,R Gyrus rectus,2.16
Considering_What_Paris_2024_Paralympic_Games,48,24.0,39,3,L Sulcus parieto occipital,2.1
Considering_What_Paris_2024_Paralympic_Games,48,24.0,39,4,L Gyrus temporal inf,2.09
Considering_What_Paris_2024_Paralympic_Games,48,24.0,39,5,L Gyrus and Sulcus paracentral,2.09
Considering_What_Paris_2024_Paralympic_Games,48,24.0,39,6,L Sulcus cingul-Marginalis,2.07
Considering_What_Paris_2024_Paralympic_Games,48,24.0,39,7,L Gyrus cuneus,2.05
Considering_What_Paris_2024_Paralympic_Games,48,24.0,39,8,L Gyrus front middle,2.05
Considering_What_Paris_2024_Paralympic_Games,49,24.5,40,1,R Gyrus orbital,2.95
Considering_What_Paris_2024_Paralympic_Games,49,24.5,40,2,L Sulcus cingul-Marginalis,2.26
Considering_What_Paris_2024_Paralympic_Games,49,24.5,40,3,L Sulcus parieto occipital,2.23
Considering_What_Paris_2024_Paralympic_Games,49,24.5,40,4,R Gyrus cuneus,2.17
Considering_What_Paris_2024_Paralympic_Games,49,24.5,40,5,R Gyrus parietal sup,2.17
Considering_What_Paris_2024_Paralympic_Games,49,24.5,40,6,R Sulcus parieto occipital,2.17
Considering_What_Paris_2024_Paralympic_Games,49,24.5,40,7,L Gyrus cuneus,2.16
Considering_What_Paris_2024_Paralympic_Games,49,24.5,40,8,L Gyrus and Sulcus paracentral,2.14
Considering_What_Paris_2024_Paralympic_Games,50,25.0,41,1,R Gyrus orbital,2.87
Considering_What_Paris_2024_Paralympic_Games,50,25.0,41,2,L Sulcus parieto occipital,2.32
Considering_What_Paris_2024_Paralympic_Games,50,25.0,41,3,L Sulcus cingul-Marginalis,2.29
Considering_What_Paris_2024_Paralympic_Games,50,25.0,41,4,R Sulcus parieto occipital,2.27
Considering_What_Paris_2024_Paralympic_Games,50,25.0,41,5,R Gyrus cuneus,2.27
Considering_What_Paris_2024_Paralympic_Games,50,25.0,41,6,L Gyrus cuneus,2.21
Considering_What_Paris_2024_Paralympic_Games,50,25.0,41,7,R Sulcus orbital-H Shaped,2.18
Considering_What_Paris_2024_Paralympic_Games,50,25.0,41,8,L Gyrus occipital sup,2.17
Considering_What_Paris_2024_Paralympic_Games,51,25.5,41,1,R Gyrus orbital,2.87
Considering_What_Paris_2024_Paralympic_Games,51,25.5,41,2,L Sulcus parieto occipital,2.32
Considering_What_Paris_2024_Paralympic_Games,51,25.5,41,3,L Sulcus cingul-Marginalis,2.29
Considering_What_Paris_2024_Paralympic_Games,51,25.5,41,4,R Sulcus parieto occipital,2.27
Considering_What_Paris_2024_Paralympic_Games,51,25.5,41,5,R Gyrus cuneus,2.27
Considering_What_Paris_2024_Paralympic_Games,51,25.5,41,6,L Gyrus cuneus,2.21
Considering_What_Paris_2024_Paralympic_Games,51,25.5,41,7,R Sulcus orbital-H Shaped,2.18
Considering_What_Paris_2024_Paralympic_Games,51,25.5,41,8,L Gyrus occipital sup,2.17
Considering_What_Paris_2024_Paralympic_Games,52,26.0,42,1,R Gyrus orbital,2.85
Considering_What_Paris_2024_Paralympic_Games,52,26.0,42,2,L Sulcus parieto occipital,2.35
Considering_What_Paris_2024_Paralympic_Games,52,26.0,42,3,R Sulcus parieto occipital,2.32
Considering_What_Paris_2024_Paralympic_Games,52,26.0,42,4,R Gyrus cuneus,2.3
Considering_What_Paris_2024_Paralympic_Games,52,26.0,42,5,R Sulcus orbital-H Shaped,2.29
Considering_What_Paris_2024_Paralympic_Games,52,26.0,42,6,L Sulcus cingul-Marginalis,2.28
Considering_What_Paris_2024_Paralympic_Games,52,26.0,42,7,L Gyrus cuneus,2.22
Considering_What_Paris_2024_Paralympic_Games,52,26.0,42,8,L Gyrus occipital sup,2.19
Considering_What_Paris_2024_Paralympic_Games,53,26.5,43,1,R Gyrus orbital,2.64
Considering_What_Paris_2024_Paralympic_Games,53,26.5,43,2,R Sulcus orbital-H Shaped,2.38
Considering_What_Paris_2024_Paralympic_Games,53,26.5,43,3,L Sulcus parieto occipital,2.28
Considering_What_Paris_2024_Paralympic_Games,53,26.5,43,4,R Gyrus cuneus,2.28
Considering_What_Paris_2024_Paralympic_Games,53,26.5,43,5,R Sulcus parieto occipital,2.24
Considering_What_Paris_2024_Paralympic_Games,53,26.5,43,6,L Gyrus cuneus,2.2
Considering_What_Paris_2024_Paralympic_Games,53,26.5,43,7,L Sulcus cingul-Marginalis,2.2
Considering_What_Paris_2024_Paralympic_Games,53,26.5,43,8,L Gyrus and Sulcus subcentral,2.19
Considering_What_Paris_2024_Paralympic_Games,54,27.0,44,1,R Gyrus orbital,2.4
Considering_What_Paris_2024_Paralympic_Games,54,27.0,44,2,R Sulcus orbital-H Shaped,2.27
Considering_What_Paris_2024_Paralympic_Games,54,27.0,44,3,R Gyrus cuneus,2.19
Considering_What_Paris_2024_Paralympic_Games,54,27.0,44,4,L Sulcus parieto occipital,2.19
Considering_What_Paris_2024_Paralympic_Games,54,27.0,44,5,R Gyrus postcentral,2.17
Considering_What_Paris_2024_Paralympic_Games,54,27.0,44,6,L Gyrus and Sulcus subcentral,2.16
Considering_What_Paris_2024_Paralympic_Games,54,27.0,44,7,R Gyrus oc-temp med-Parahip,2.15
Considering_What_Paris_2024_Paralympic_Games,54,27.0,44,8,R Sulcus front sup,2.14
Considering_What_Paris_2024_Paralympic_Games,55,27.5,45,1,R Gyrus postcentral,2.38
Considering_What_Paris_2024_Paralympic_Games,55,27.5,45,2,L Sulcus orbital lateral,2.21
Considering_What_Paris_2024_Paralympic_Games,55,27.5,45,3,L Gyrus and Sulcus subcentral,2.19
Considering_What_Paris_2024_Paralympic_Games,55,27.5,45,4,R Sulcus front sup,2.16
Considering_What_Paris_2024_Paralympic_Games,55,27.5,45,5,L Sulcus temporal inf,2.14
Considering_What_Paris_2024_Paralympic_Games,55,27.5,45,6,L Sulcus parieto occipital,2.14
Considering_What_Paris_2024_Paralympic_Games,55,27.5,45,7,R Gyrus oc-temp med-Parahip,2.13
Considering_What_Paris_2024_Paralympic_Games,55,27.5,45,8,L Gyrus precuneus,2.13
Considering_What_Paris_2024_Paralympic_Games,56,28.0,45,1,R Gyrus postcentral,2.38
Considering_What_Paris_2024_Paralympic_Games,56,28.0,45,2,L Sulcus orbital lateral,2.21
Considering_What_Paris_2024_Paralympic_Games,56,28.0,45,3,L Gyrus and Sulcus subcentral,2.19
Considering_What_Paris_2024_Paralympic_Games,56,28.0,45,4,R Sulcus front sup,2.16
Considering_What_Paris_2024_Paralympic_Games,56,28.0,45,5,L Sulcus temporal inf,2.14
Considering_What_Paris_2024_Paralympic_Games,56,28.0,45,6,L Sulcus parieto occipital,2.14
Considering_What_Paris_2024_Paralympic_Games,56,28.0,45,7,R Gyrus oc-temp med-Parahip,2.13
Considering_What_Paris_2024_Paralympic_Games,56,28.0,45,8,L Gyrus precuneus,2.13
Considering_What_Paris_2024_Paralympic_Games,57,28.5,46,1,R Gyrus postcentral,2.3
Considering_What_Paris_2024_Paralympic_Games,57,28.5,46,2,L Gyrus subcallosal,2.26
Considering_What_Paris_2024_Paralympic_Games,57,28.5,46,3,L Sulcus temporal inf,2.21
Considering_What_Paris_2024_Paralympic_Games,57,28.5,46,4,L Sulcus orbital lateral,2.2
Considering_What_Paris_2024_Paralympic_Games,57,28.5,46,5,L Sulcus orbital-H Shaped,2.17
Considering_What_Paris_2024_Paralympic_Games,57,28.5,46,6,L Gyrus and Sulcus subcentral,2.16
Considering_What_Paris_2024_Paralympic_Games,57,28.5,46,7,L Gyrus and Sulcus paracentral,2.14
Considering_What_Paris_2024_Paralympic_Games,57,28.5,46,8,R Gyrus and Sulcus paracentral,2.12
Considering_What_Paris_2024_Paralympic_Games,58,29.0,47,1,L Gyrus subcallosal,2.35
Considering_What_Paris_2024_Paralympic_Games,58,29.0,47,2,L Sulcus temporal inf,2.3
Considering_What_Paris_2024_Paralympic_Games,58,29.0,47,3,L Sulcus orbital-H Shaped,2.22
Considering_What_Paris_2024_Paralympic_Games,58,29.0,47,4,L Sulcus orbital lateral,2.19
Considering_What_Paris_2024_Paralympic_Games,58,29.0,47,5,L Gyrus and Sulcus paracentral,2.14
Considering_What_Paris_2024_Paralympic_Games,58,29.0,47,6,L Sulcus orbital med-olfact,2.13
Considering_What_Paris_2024_Paralympic_Games,58,29.0,47,7,R Sulcus circular insula sup,2.08
Considering_What_Paris_2024_Paralympic_Games,58,29.0,47,8,R Gyrus and Sulcus paracentral,2.08
Considering_What_Paris_2024_Paralympic_Games,59,29.5,48,1,L Sulcus orbital lateral,2.29
Considering_What_Paris_2024_Paralympic_Games,59,29.5,48,2,L Sulcus temporal inf,2.28
Considering_What_Paris_2024_Paralympic_Games,59,29.5,48,3,L Sulcus orbital-H Shaped,2.24
Considering_What_Paris_2024_Paralympic_Games,59,29.5,48,4,R Gyrus temporal inf,2.22
Considering_What_Paris_2024_Paralympic_Games,59,29.5,48,5,R Gyrus orbital,2.11
Considering_What_Paris_2024_Paralympic_Games,59,29.5,48,6,R Sulcus orbital med-olfact,2.1
Considering_What_Paris_2024_Paralympic_Games,59,29.5,48,7,L Gyrus subcallosal,2.1
Considering_What_Paris_2024_Paralympic_Games,59,29.5,48,8,R Sulcus orbital-H Shaped,2.1
Considering_What_Paris_2024_Paralympic_Games,60,30.0,49,1,L Sulcus orbital-H Shaped,2.27
Considering_What_Paris_2024_Paralympic_Games,60,30.0,49,2,R Gyrus orbital,2.23
Considering_What_Paris_2024_Paralympic_Games,60,30.0,49,3,R Gyrus temporal inf,2.16
Considering_What_Paris_2024_Paralympic_Games,60,30.0,49,4,L Sulcus temporal inf,2.16
Considering_What_Paris_2024_Paralympic_Games,60,30.0,49,5,L Sulcus orbital med-olfact,2.06
Considering_What_Paris_2024_Paralympic_Games,60,30.0,49,6,R Sulcus orbital-H Shaped,2.02
Considering_What_Paris_2024_Paralympic_Games,60,30.0,49,7,R Sulcus orbital med-olfact,2.01
Considering_What_Paris_2024_Paralympic_Games,60,30.0,49,8,L Gyrus orbital,2.01
Considering_What_Paris_2024_Paralympic_Games,61,30.5,49,1,L Sulcus orbital-H Shaped,2.27
Considering_What_Paris_2024_Paralympic_Games,61,30.5,49,2,R Gyrus orbital,2.23
Considering_What_Paris_2024_Paralympic_Games,61,30.5,49,3,R Gyrus temporal inf,2.16
Considering_What_Paris_2024_Paralympic_Games,61,30.5,49,4,L Sulcus temporal inf,2.16
Considering_What_Paris_2024_Paralympic_Games,61,30.5,49,5,L Sulcus orbital med-olfact,2.06
Considering_What_Paris_2024_Paralympic_Games,61,30.5,49,6,R Sulcus orbital-H Shaped,2.02
Considering_What_Paris_2024_Paralympic_Games,61,30.5,49,7,R Sulcus orbital med-olfact,2.01
Considering_What_Paris_2024_Paralympic_Games,61,30.5,49,8,L Gyrus orbital,2.01
Considering_What_Paris_2024_Paralympic_Games,62,31.0,50,1,R Gyrus temporal inf,2.25
Considering_What_Paris_2024_Paralympic_Games,62,31.0,50,2,R Gyrus orbital,2.2
Considering_What_Paris_2024_Paralympic_Games,62,31.0,50,3,L Sulcus orbital-H Shaped,2.09
Considering_What_Paris_2024_Paralympic_Games,62,31.0,50,4,R Sulcus orbital-H Shaped,2.03
Considering_What_Paris_2024_Paralympic_Games,62,31.0,50,5,L Gyrus orbital,2.01
Considering_What_Paris_2024_Paralympic_Games,62,31.0,50,6,R Sulcus orbital med-olfact,1.99
Considering_What_Paris_2024_Paralympic_Games,62,31.0,50,7,L Sulcus orbital med-olfact,1.99
Considering_What_Paris_2024_Paralympic_Games,62,31.0,50,8,L Sulcus temporal inf,1.98
Considering_What_Paris_2024_Paralympic_Games,63,31.5,51,1,R Gyrus orbital,2.21
Considering_What_Paris_2024_Paralympic_Games,63,31.5,51,2,R Gyrus temporal inf,2.07
Considering_What_Paris_2024_Paralympic_Games,63,31.5,51,3,L Sulcus orbital-H Shaped,1.98
Considering_What_Paris_2024_Paralympic_Games,63,31.5,51,4,L Gyrus rectus,1.94
Considering_What_Paris_2024_Paralympic_Games,63,31.5,51,5,R Sulcus orbital med-olfact,1.94
Considering_What_Paris_2024_Paralympic_Games,63,31.5,51,6,L Gyrus orbital,1.93
Considering_What_Paris_2024_Paralympic_Games,63,31.5,51,7,L Sulcus orbital med-olfact,1.91
Considering_What_Paris_2024_Paralympic_Games,63,31.5,51,8,L Gyrus temporal inf,1.9
Considering_What_Paris_2024_Paralympic_Games,64,32.0,52,1,R Gyrus orbital,2.24
Considering_What_Paris_2024_Paralympic_Games,64,32.0,52,2,L Gyrus rectus,2.0
Considering_What_Paris_2024_Paralympic_Games,64,32.0,52,3,L Sulcus orbital-H Shaped,1.94
Considering_What_Paris_2024_Paralympic_Games,64,32.0,52,4,L Gyrus orbital,1.94
Considering_What_Paris_2024_Paralympic_Games,64,32.0,52,5,R Pole temporal,1.93
Considering_What_Paris_2024_Paralympic_Games,64,32.0,52,6,L Sulcus orbital med-olfact,1.91
Considering_What_Paris_2024_Paralympic_Games,64,32.0,52,7,R Gyrus oc-temp med-Parahip,1.91
Considering_What_Paris_2024_Paralympic_Games,65,32.5,53,1,R Gyrus oc-temp med-Parahip,2.22
Considering_What_Paris_2024_Paralympic_Games,65,32.5,53,2,R Gyrus orbital,2.22
Considering_What_Paris_2024_Paralympic_Games,65,32.5,53,3,L Gyrus orbital,2.14
Considering_What_Paris_2024_Paralympic_Games,65,32.5,53,4,L Sulcus orbital med-olfact,2.05
Considering_What_Paris_2024_Paralympic_Games,65,32.5,53,5,R Sulcus orbital med-olfact,1.98
Considering_What_Paris_2024_Paralympic_Games,65,32.5,53,6,L Gyrus rectus,1.93
Considering_What_Paris_2024_Paralympic_Games,65,32.5,53,7,R Pole temporal,1.91
Considering_What_Paris_2024_Paralympic_Games,65,32.5,53,8,L Sulcus orbital-H Shaped,1.89
Considering_What_Paris_2024_Paralympic_Games,66,33.0,53,1,R Gyrus oc-temp med-Parahip,2.22
Considering_What_Paris_2024_Paralympic_Games,66,33.0,53,2,R Gyrus orbital,2.22
Considering_What_Paris_2024_Paralympic_Games,66,33.0,53,3,L Gyrus orbital,2.14
Considering_What_Paris_2024_Paralympic_Games,66,33.0,53,4,L Sulcus orbital med-olfact,2.05
Considering_What_Paris_2024_Paralympic_Games,66,33.0,53,5,R Sulcus orbital med-olfact,1.98
Considering_What_Paris_2024_Paralympic_Games,66,33.0,53,6,L Gyrus rectus,1.93
Considering_What_Paris_2024_Paralympic_Games,66,33.0,53,7,R Pole temporal,1.91
Considering_What_Paris_2024_Paralympic_Games,66,33.0,53,8,L Sulcus orbital-H Shaped,1.89
Considering_What_Paris_2024_Paralympic_Games,67,33.5,54,1,L Gyrus orbital,2.19
Considering_What_Paris_2024_Paralympic_Games,67,33.5,54,2,R Gyrus oc-temp med-Parahip,2.12
Considering_What_Paris_2024_Paralympic_Games,67,33.5,54,3,R Gyrus orbital,2.07
Considering_What_Paris_2024_Paralympic_Games,67,33.5,54,4,R Sulcus orbital med-olfact,2.01
Considering_What_Paris_2024_Paralympic_Games,67,33.5,54,5,L Sulcus orbital med-olfact,1.97
Considering_What_Paris_2024_Paralympic_Games,67,33.5,54,6,R Pole temporal,1.95
Considering_What_Paris_2024_Paralympic_Games,67,33.5,54,7,R Gyrus subcallosal,1.88
Considering_What_Paris_2024_Paralympic_Games,68,34.0,55,1,L Sulcus pericallosal,2.2
Considering_What_Paris_2024_Paralympic_Games,68,34.0,55,2,L Gyrus rectus,2.15
Considering_What_Paris_2024_Paralympic_Games,68,34.0,55,3,R Sulcus orbital med-olfact,2.14
Considering_What_Paris_2024_Paralympic_Games,68,34.0,55,4,L Sulcus orbital med-olfact,2.1
Considering_What_Paris_2024_Paralympic_Games,68,34.0,55,5,R Gyrus oc-temp med-Parahip,2.09
Considering_What_Paris_2024_Paralympic_Games,68,34.0,55,6,L Gyrus orbital,2.07
Considering_What_Paris_2024_Paralympic_Games,68,34.0,55,7,R Gyrus orbital,2.04
Considering_What_Paris_2024_Paralympic_Games,68,34.0,55,8,R Gyrus temp sup-Plan polar,2.04
Considering_What_Paris_2024_Paralympic_Games,69,34.5,56,1,L Gyrus rectus,2.5
Considering_What_Paris_2024_Paralympic_Games,69,34.5,56,2,L Sulcus pericallosal,2.26
Considering_What_Paris_2024_Paralympic_Games,69,34.5,56,3,R Sulcus orbital med-olfact,2.24
Considering_What_Paris_2024_Paralympic_Games,69,34.5,56,4,L Gyrus orbital,2.19
Considering_What_Paris_2024_Paralympic_Games,69,34.5,56,5,L Sulcus orbital med-olfact,2.19
Considering_What_Paris_2024_Paralympic_Games,69,34.5,56,6,R Gyrus postcentral,2.12
Considering_What_Paris_2024_Paralympic_Games,69,34.5,56,7,L Gyrus front sup,2.1
Considering_What_Paris_2024_Paralympic_Games,69,34.5,56,8,R Gyrus and Sulcus cingul-Ant,2.08
Considering_What_Paris_2024_Paralympic_Games,70,35.0,57,1,R Gyrus postcentral,2.35
Considering_What_Paris_2024_Paralympic_Games,70,35.0,57,2,L Gyrus orbital,2.32
Considering_What_Paris_2024_Paralympic_Games,70,35.0,57,3,R Sulcus orbital med-olfact,2.28
Considering_What_Paris_2024_Paralympic_Games,70,35.0,57,4,L Sulcus orbital med-olfact,2.18
Considering_What_Paris_2024_Paralympic_Games,70,35.0,57,5,L Gyrus front sup,2.18
Considering_What_Paris_2024_Paralympic_Games,70,35.0,57,6,R Gyrus and Sulcus cingul-Ant,2.17
Considering_What_Paris_2024_Paralympic_Games,70,35.0,57,7,L Gyrus rectus,2.15
Considering_What_Paris_2024_Paralympic_Games,70,35.0,57,8,R Gyrus rectus,2.12
Considering_What_Paris_2024_Paralympic_Games,71,35.5,58,1,R Gyrus postcentral,2.49
Considering_What_Paris_2024_Paralympic_Games,71,35.5,58,2,L Gyrus orbital,2.4
Considering_What_Paris_2024_Paralympic_Games,71,35.5,58,3,L Sulcus orbital med-olfact,2.29
Considering_What_Paris_2024_Paralympic_Games,71,35.5,58,4,L Gyrus front sup,2.27
Considering_What_Paris_2024_Paralympic_Games,71,35.5,58,5,L Gyrus rectus,2.26
Considering_What_Paris_2024_Paralympic_Games,71,35.5,58,6,R Sulcus orbital med-olfact,2.23
Considering_What_Paris_2024_Paralympic_Games,71,35.5,58,7,R Gyrus rectus,2.23
Considering_What_Paris_2024_Paralympic_Games,71,35.5,58,8,L Gyrus subcallosal,2.22
Considering_What_Paris_2024_Paralympic_Games,72,36.0,58,1,R Gyrus postcentral,2.49
Considering_What_Paris_2024_Paralympic_Games,72,36.0,58,2,L Gyrus orbital,2.4
Considering_What_Paris_2024_Paralympic_Games,72,36.0,58,3,L Sulcus orbital med-olfact,2.29
Considering_What_Paris_2024_Paralympic_Games,72,36.0,58,4,L Gyrus front sup,2.27
Considering_What_Paris_2024_Paralympic_Games,72,36.0,58,5,L Gyrus rectus,2.26
Considering_What_Paris_2024_Paralympic_Games,72,36.0,58,6,R Sulcus orbital med-olfact,2.23
Considering_What_Paris_2024_Paralympic_Games,72,36.0,58,7,R Gyrus rectus,2.23
Considering_What_Paris_2024_Paralympic_Games,72,36.0,58,8,L Gyrus subcallosal,2.22
Considering_What_Paris_2024_Paralympic_Games,73,36.5,59,1,R Gyrus postcentral,2.52
Considering_What_Paris_2024_Paralympic_Games,73,36.5,59,2,L Sulcus orbital med-olfact,2.33
Considering_What_Paris_2024_Paralympic_Games,73,36.5,59,3,L Gyrus rectus,2.31
Considering_What_Paris_2024_Paralympic_Games,73,36.5,59,4,L Gyrus orbital,2.3
Considering_What_Paris_2024_Paralympic_Games,73,36.5,59,5,L Gyrus front sup,2.29
Considering_What_Paris_2024_Paralympic_Games,73,36.5,59,6,L Gyrus subcallosal,2.29
Considering_What_Paris_2024_Paralympic_Games,73,36.5,59,7,R Gyrus and Sulcus cingul-Ant,2.27
Considering_What_Paris_2024_Paralympic_Games,73,36.5,59,8,R Sulcus orbital med-olfact,2.26
Considering_What_Paris_2024_Paralympic_Games,74,37.0,60,1,L Gyrus rectus,2.47
Considering_What_Paris_2024_Paralympic_Games,74,37.0,60,2,R Gyrus postcentral,2.36
Considering_What_Paris_2024_Paralympic_Games,74,37.0,60,3,L Sulcus orbital med-olfact,2.24
Considering_What_Paris_2024_Paralympic_Games,74,37.0,60,4,L Gyrus front sup,2.2
Considering_What_Paris_2024_Paralympic_Games,74,37.0,60,5,R Sulcus orbital med-olfact,2.16
Considering_What_Paris_2024_Paralympic_Games,74,37.0,60,6,R Gyrus and Sulcus cingul-Ant,2.11
Considering_What_Paris_2024_Paralympic_Games,74,37.0,60,7,R Sulcus central,2.07
Considering_What_Paris_2024_Paralympic_Games,74,37.0,60,8,L Gyrus orbital,2.02
Considering_What_Paris_2024_Paralympic_Games,75,37.5,61,1,L Gyrus rectus,2.07
Considering_What_Paris_2024_Paralympic_Games,75,37.5,61,2,R Sulcus orbital med-olfact,2.03
Considering_What_Paris_2024_Paralympic_Games,75,37.5,61,3,L Sulcus orbital med-olfact,1.97
Considering_What_Paris_2024_Paralympic_Games,75,37.5,61,4,R Gyrus subcallosal,1.93
Considering_What_Paris_2024_Paralympic_Games,75,37.5,61,5,L Gyrus front sup,1.91
Considering_What_Paris_2024_Paralympic_Games,75,37.5,61,6,R Sulcus central,1.89
Considering_What_Paris_2024_Paralympic_Games,75,37.5,61,7,R Gyrus and Sulcus cingul-Ant,1.89
Considering_What_Paris_2024_Paralympic_Games,75,37.5,61,8,R Gyrus postcentral,1.89
Considering_What_Paris_2024_Paralympic_Games,76,38.0,62,1,R Sulcus orbital med-olfact,2.11
Considering_What_Paris_2024_Paralympic_Games,77,38.5,62,1,R Sulcus orbital med-olfact,2.11
Considering_What_Paris_2024_Paralympic_Games,78,39.0,63,1,R Sulcus orbital med-olfact,1.9
Considering_What_Paris_2024_Paralympic_Games,80,40.0,65,1,R Gyrus cuneus,2.07
Considering_What_Paris_2024_Paralympic_Games,81,40.5,66,1,L Gyrus postcentral,2.11
Considering_What_Paris_2024_Paralympic_Games,81,40.5,66,2,R Gyrus subcallosal,2.06
Considering_What_Paris_2024_Paralympic_Games,81,40.5,66,3,R Gyrus cuneus,2.04
Considering_What_Paris_2024_Paralympic_Games,81,40.5,66,4,L Gyrus oc-temp med-Parahip,2.01
Considering_What_Paris_2024_Paralympic_Games,81,40.5,66,5,R Gyrus precuneus,1.97
Considering_What_Paris_2024_Paralympic_Games,81,40.5,66,6,L Gyrus cuneus,1.95
Considering_What_Paris_2024_Paralympic_Games,81,40.5,66,7,L Sulcus central,1.91
Considering_What_Paris_2024_Paralympic_Games,82,41.0,66,1,L Gyrus postcentral,2.11
Considering_What_Paris_2024_Paralympic_Games,82,41.0,66,2,R Gyrus subcallosal,2.06
Considering_What_Paris_2024_Paralympic_Games,82,41.0,66,3,R Gyrus cuneus,2.04
Considering_What_Paris_2024_Paralympic_Games,82,41.0,66,4,L Gyrus oc-temp med-Parahip,2.01
Considering_What_Paris_2024_Paralympic_Games,82,41.0,66,5,R Gyrus precuneus,1.97
Considering_What_Paris_2024_Paralympic_Games,82,41.0,66,6,L Gyrus cuneus,1.95
Considering_What_Paris_2024_Paralympic_Games,82,41.0,66,7,L Sulcus central,1.91
Considering_What_Paris_2024_Paralympic_Games,83,41.5,67,1,L Gyrus pariet inf-Angular,2.19
Considering_What_Paris_2024_Paralympic_Games,83,41.5,67,2,L Gyrus postcentral,2.17
Considering_What_Paris_2024_Paralympic_Games,83,41.5,67,3,R Gyrus rectus,2.16
Considering_What_Paris_2024_Paralympic_Games,83,41.5,67,4,R Gyrus subcallosal,2.13
Considering_What_Paris_2024_Paralympic_Games,83,41.5,67,5,R Gyrus pariet inf-Angular,2.05
Considering_What_Paris_2024_Paralympic_Games,83,41.5,67,6,L Gyrus oc-temp med-Parahip,2.05
Considering_What_Paris_2024_Paralympic_Games,83,41.5,67,7,R Gyrus and Sulcus cingul-Ant,2.04
Considering_What_Paris_2024_Paralympic_Games,83,41.5,67,8,L Gyrus front middle,2.03
Considering_What_Paris_2024_Paralympic_Games,84,42.0,68,1,R Gyrus rectus,2.32
Considering_What_Paris_2024_Paralympic_Games,84,42.0,68,2,L Gyrus front middle,2.21
Considering_What_Paris_2024_Paralympic_Games,84,42.0,68,3,L Gyrus pariet inf-Angular,2.15
Considering_What_Paris_2024_Paralympic_Games,84,42.0,68,4,L Sulcus suborbital,2.14
Considering_What_Paris_2024_Paralympic_Games,84,42.0,68,5,L Gyrus oc-temp med-Parahip,2.13
Considering_What_Paris_2024_Paralympic_Games,84,42.0,68,6,R Gyrus and Sulcus cingul-Ant,2.12
Considering_What_Paris_2024_Paralympic_Games,84,42.0,68,7,R Gyrus pariet inf-Angular,2.1
Considering_What_Paris_2024_Paralympic_Games,84,42.0,68,8,R Gyrus subcallosal,2.08
Considering_What_Paris_2024_Paralympic_Games,85,42.5,69,1,R Gyrus rectus,2.42
Considering_What_Paris_2024_Paralympic_Games,85,42.5,69,2,L Sulcus suborbital,2.24
Considering_What_Paris_2024_Paralympic_Games,85,42.5,69,3,L Gyrus front middle,2.19
Considering_What_Paris_2024_Paralympic_Games,85,42.5,69,4,L Gyrus pariet inf-Angular,2.18
Considering_What_Paris_2024_Paralympic_Games,85,42.5,69,5,L Gyrus and Sulcus cingul-Ant,2.11
Considering_What_Paris_2024_Paralympic_Games,85,42.5,69,6,R Gyrus pariet inf-Angular,2.1
Considering_What_Paris_2024_Paralympic_Games,85,42.5,69,7,R Gyrus and Sulcus cingul-Ant,2.09
Considering_What_Paris_2024_Paralympic_Games,85,42.5,69,8,R Gyrus subcallosal,2.05
Considering_What_Paris_2024_Paralympic_Games,86,43.0,70,1,R Gyrus rectus,2.29
Considering_What_Paris_2024_Paralympic_Games,86,43.0,70,2,R Gyrus and Sulcus cingul-Ant,2.21
Considering_What_Paris_2024_Paralympic_Games,86,43.0,70,3,L Gyrus pariet inf-Angular,2.19
Considering_What_Paris_2024_Paralympic_Games,86,43.0,70,4,L Gyrus front middle,2.13
Considering_What_Paris_2024_Paralympic_Games,86,43.0,70,5,L Gyrus and Sulcus cingul-Ant,2.03
Considering_What_Paris_2024_Paralympic_Games,86,43.0,70,6,R Gyrus pariet inf-Angular,2.02
Considering_What_Paris_2024_Paralympic_Games,86,43.0,70,7,L Sulcus temporal inf,2.0
Considering_What_Paris_2024_Paralympic_Games,86,43.0,70,8,R Sulcus front sup,1.95
Considering_What_Paris_2024_Paralympic_Games,87,43.5,71,1,R Gyrus and Sulcus cingul-Ant,2.36
Considering_What_Paris_2024_Paralympic_Games,87,43.5,71,2,R Gyrus rectus,2.02
Considering_What_Paris_2024_Paralympic_Games,87,43.5,71,3,L Gyrus pariet inf-Angular,1.88
Considering_What_Paris_2024_Paralympic_Games,88,44.0,71,1,R Gyrus and Sulcus cingul-Ant,2.36
Considering_What_Paris_2024_Paralympic_Games,88,44.0,71,2,R Gyrus rectus,2.02
Considering_What_Paris_2024_Paralympic_Games,88,44.0,71,3,L Gyrus pariet inf-Angular,1.88
Considering_What_Paris_2024_Paralympic_Games,89,44.5,72,1,R Gyrus and Sulcus cingul-Ant,2.36
Considering_What_Paris_2024_Paralympic_Games,90,45.0,73,1,R Gyrus and Sulcus cingul-Ant,2.26
Considering_What_Paris_2024_Paralympic_Games,90,45.0,73,2,R Gyrus rectus,2.12
Considering_What_Paris_2024_Paralympic_Games,91,45.5,74,1,R Gyrus rectus,2.34
Considering_What_Paris_2024_Paralympic_Games,91,45.5,74,2,R Gyrus and Sulcus cingul-Ant,2.21
Considering_What_Paris_2024_Paralympic_Games,91,45.5,74,3,L Gyrus orbital,1.99
Considering_What_Paris_2024_Paralympic_Games,92,46.0,75,1,R Gyrus rectus,2.48
Considering_What_Paris_2024_Paralympic_Games,92,46.0,75,2,R Gyrus and Sulcus cingul-Ant,2.18
Considering_What_Paris_2024_Paralympic_Games,92,46.0,75,3,L Gyrus orbital,2.1
Considering_What_Paris_2024_Paralympic_Games,93,46.5,75,1,R Gyrus rectus,2.48
Considering_What_Paris_2024_Paralympic_Games,93,46.5,75,2,R Gyrus and Sulcus cingul-Ant,2.18
Considering_What_Paris_2024_Paralympic_Games,93,46.5,75,3,L Gyrus orbital,2.1
Considering_What_Paris_2024_Paralympic_Games,94,47.0,76,1,R Gyrus rectus,2.49
Considering_What_Paris_2024_Paralympic_Games,94,47.0,76,2,L Gyrus orbital,2.16
Considering_What_Paris_2024_Paralympic_Games,94,47.0,76,3,R Gyrus and Sulcus cingul-Ant,2.06
Considering_What_Paris_2024_Paralympic_Games,94,47.0,76,4,L Sulcus orbital-H Shaped,1.92
Considering_What_Paris_2024_Paralympic_Games,94,47.0,76,5,R Sulcus orbital med-olfact,1.88
Considering_What_Paris_2024_Paralympic_Games,95,47.5,77,1,R Gyrus rectus,2.36
Considering_What_Paris_2024_Paralympic_Games,95,47.5,77,2,L Gyrus orbital,2.15
Considering_What_Paris_2024_Paralympic_Games,95,47.5,77,3,L Sulcus orbital-H Shaped,2.06
Considering_What_Paris_2024_Paralympic_Games,95,47.5,77,4,L Sulcus orbital med-olfact,1.92
Considering_What_Paris_2024_Paralympic_Games,95,47.5,77,5,R Sulcus temporal inf,1.89
Considering_What_Paris_2024_Paralympic_Games,95,47.5,77,6,R Gyrus temporal inf,1.88
Considering_What_Paris_2024_Paralympic_Games,95,47.5,77,7,L Gyrus front sup,1.88
Considering_What_Paris_2024_Paralympic_Games,96,48.0,78,1,L Gyrus orbital,2.07
Considering_What_Paris_2024_Paralympic_Games,96,48.0,78,2,R Gyrus rectus,2.02
Considering_What_Paris_2024_Paralympic_Games,96,48.0,78,3,L Sulcus orbital-H Shaped,1.98
Considering_What_Paris_2024_Paralympic_Games,96,48.0,78,4,R Sulcus temporal inf,1.96
Considering_What_Paris_2024_Paralympic_Games,96,48.0,78,5,L Sulcus orbital med-olfact,1.91
Considering_What_Paris_2024_Paralympic_Games,96,48.0,78,6,R Gyrus temporal inf,1.91
Considering_What_Paris_2024_Paralympic_Games,97,48.5,79,1,R Gyrus rectus,2.13
Considering_What_Paris_2024_Paralympic_Games,97,48.5,79,2,L Gyrus orbital,1.94
Considering_What_Paris_2024_Paralympic_Games,97,48.5,79,3,L Sulcus suborbital,1.94
Considering_What_Paris_2024_Paralympic_Games,97,48.5,79,4,R Sulcus temporal inf,1.93
Considering_What_Paris_2024_Paralympic_Games,97,48.5,79,5,R Gyrus temporal inf,1.91
Considering_What_Paris_2024_Paralympic_Games,98,49.0,79,1,R Gyrus rectus,2.13
Considering_What_Paris_2024_Paralympic_Games,98,49.0,79,2,L Gyrus orbital,1.94
Considering_What_Paris_2024_Paralympic_Games,98,49.0,79,3,L Sulcus suborbital,1.94
Considering_What_Paris_2024_Paralympic_Games,98,49.0,79,4,R Sulcus temporal inf,1.93
Considering_What_Paris_2024_Paralympic_Games,98,49.0,79,5,R Gyrus temporal inf,1.91
Considering_What_Paris_2024_Paralympic_Games,99,49.5,80,1,L Gyrus orbital,2.03
Considering_What_Paris_2024_Paralympic_Games,99,49.5,80,2,R Gyrus rectus,1.96
Considering_What_Paris_2024_Paralympic_Games,99,49.5,80,3,R Gyrus temporal inf,1.88
Considering_What_Paris_2024_Paralympic_Games,100,50.0,81,1,L Gyrus temporal inf,2.04
Considering_What_Paris_2024_Paralympic_Games,100,50.0,81,2,L Gyrus orbital,1.94
Considering_What_Paris_2024_Paralympic_Games,100,50.0,81,3,R Gyrus temporal inf,1.94
Considering_What_Paris_2024_Paralympic_Games,101,50.5,82,1,L Gyrus temporal inf,2.19
Considering_What_Paris_2024_Paralympic_Games,102,51.0,83,1,L Gyrus temporal inf,2.4
Considering_What_Paris_2024_Paralympic_Games,102,51.0,83,2,R Pole temporal,2.03
Considering_What_Paris_2024_Paralympic_Games,103,51.5,83,1,L Gyrus temporal inf,2.4
Considering_What_Paris_2024_Paralympic_Games,103,51.5,83,2,R Pole temporal,2.03
Considering_What_Paris_2024_Paralympic_Games,104,52.0,84,1,L Gyrus temporal inf,2.69
Considering_What_Paris_2024_Paralympic_Games,104,52.0,84,2,R Pole temporal,2.0
Considering_What_Paris_2024_Paralympic_Games,105,52.5,85,1,L Gyrus temporal inf,2.76
Considering_What_Paris_2024_Paralympic_Games,106,53.0,86,1,L Gyrus temporal inf,2.64
Considering_What_Paris_2024_Paralympic_Games,106,53.0,86,2,L Gyrus orbital,2.28
Considering_What_Paris_2024_Paralympic_Games,106,53.0,86,3,R Gyrus orbital,1.88
Considering_What_Paris_2024_Paralympic_Games,107,53.5,87,1,L Gyrus orbital,2.74
Considering_What_Paris_2024_Paralympic_Games,107,53.5,87,2,L Gyrus temporal inf,2.39
Considering_What_Paris_2024_Paralympic_Games,107,53.5,87,3,R Gyrus orbital,2.27
Considering_What_Paris_2024_Paralympic_Games,107,53.5,87,4,L Sulcus central,2.12
Considering_What_Paris_2024_Paralympic_Games,107,53.5,87,5,L Gyrus postcentral,1.89
Considering_What_Paris_2024_Paralympic_Games,108,54.0,88,1,L Gyrus orbital,2.95
Considering_What_Paris_2024_Paralympic_Games,108,54.0,88,2,R Gyrus orbital,2.41
Considering_What_Paris_2024_Paralympic_Games,108,54.0,88,3,L Gyrus and Sulcus paracentral,2.22
Considering_What_Paris_2024_Paralympic_Games,108,54.0,88,4,L Gyrus and Sulcus subcentral,2.11
Considering_What_Paris_2024_Paralympic_Games,108,54.0,88,5,L Gyrus postcentral,2.11
Considering_What_Paris_2024_Paralympic_Games,108,54.0,88,6,L Sulcus central,2.1
Considering_What_Paris_2024_Paralympic_Games,108,54.0,88,7,L Gyrus temporal inf,1.99
Considering_What_Paris_2024_Paralympic_Games,108,54.0,88,8,L Sulcus circular insula sup,1.98
Considering_What_Paris_2024_Paralympic_Games,109,54.5,88,1,L Gyrus orbital,2.95
Considering_What_Paris_2024_Paralympic_Games,109,54.5,88,2,R Gyrus orbital,2.41
Considering_What_Paris_2024_Paralympic_Games,109,54.5,88,3,L Gyrus and Sulcus paracentral,2.22
Considering_What_Paris_2024_Paralympic_Games,109,54.5,88,4,L Gyrus and Sulcus subcentral,2.11
Considering_What_Paris_2024_Paralympic_Games,109,54.5,88,5,L Gyrus postcentral,2.11
Considering_What_Paris_2024_Paralympic_Games,109,54.5,88,6,L Sulcus central,2.1
Considering_What_Paris_2024_Paralympic_Games,109,54.5,88,7,L Gyrus temporal inf,1.99
Considering_What_Paris_2024_Paralympic_Games,109,54.5,88,8,L Sulcus circular insula sup,1.98
Considering_What_Paris_2024_Paralympic_Games,110,55.0,89,1,L Gyrus orbital,2.84
Considering_What_Paris_2024_Paralympic_Games,110,55.0,89,2,L Gyrus and Sulcus paracentral,2.68
Considering_What_Paris_2024_Paralympic_Games,110,55.0,89,3,R Gyrus orbital,2.49
Considering_What_Paris_2024_Paralympic_Games,110,55.0,89,4,R Gyrus and Sulcus paracentral,2.33
Considering_What_Paris_2024_Paralympic_Games,110,55.0,89,5,L Sulcus central,2.25
Considering_What_Paris_2024_Paralympic_Games,110,55.0,89,6,L Gyrus and Sulcus subcentral,2.2
Considering_What_Paris_2024_Paralympic_Games,110,55.0,89,7,R Gyrus temporal inf,2.18
Considering_What_Paris_2024_Paralympic_Games,110,55.0,89,8,L Gyrus postcentral,2.15
Considering_What_Paris_2024_Paralympic_Games,111,55.5,90,1,L Gyrus orbital,2.7
Considering_What_Paris_2024_Paralympic_Games,111,55.5,90,2,L Gyrus and Sulcus paracentral,2.7
Considering_What_Paris_2024_Paralympic_Games,111,55.5,90,3,R Gyrus and Sulcus paracentral,2.52
Considering_What_Paris_2024_Paralympic_Games,111,55.5,90,4,R Gyrus temporal inf,2.39
Considering_What_Paris_2024_Paralympic_Games,111,55.5,90,5,R Gyrus orbital,2.37
Considering_What_Paris_2024_Paralympic_Games,111,55.5,90,6,L Sulcus central,2.25
Considering_What_Paris_2024_Paralympic_Games,111,55.5,90,7,L Gyrus and Sulcus subcentral,2.2
Considering_What_Paris_2024_Paralympic_Games,111,55.5,90,8,R Sulcus central,2.15
Considering_What_Paris_2024_Paralympic_Games,112,56.0,91,1,L Gyrus and Sulcus paracentral,2.53
Considering_What_Paris_2024_Paralympic_Games,112,56.0,91,2,R Gyrus temporal inf,2.33
Considering_What_Paris_2024_Paralympic_Games,112,56.0,91,3,R Gyrus and Sulcus paracentral,2.32
Considering_What_Paris_2024_Paralympic_Games,112,56.0,91,4,L Sulcus central,2.2
Considering_What_Paris_2024_Paralympic_Games,112,56.0,91,5,R Sulcus central,2.17
Considering_What_Paris_2024_Paralympic_Games,112,56.0,91,6,R Gyrus postcentral,2.13
Considering_What_Paris_2024_Paralympic_Games,112,56.0,91,7,R Gyrus orbital,2.12
Considering_What_Paris_2024_Paralympic_Games,112,56.0,91,8,L Gyrus postcentral,2.11
Considering_What_Paris_2024_Paralympic_Games,113,56.5,92,1,R Gyrus and Sulcus paracentral,2.25
Considering_What_Paris_2024_Paralympic_Games,113,56.5,92,2,R Gyrus temporal inf,2.21
Considering_What_Paris_2024_Paralympic_Games,113,56.5,92,3,L Sulcus central,2.17
Considering_What_Paris_2024_Paralympic_Games,113,56.5,92,4,R Sulcus central,2.12
Considering_What_Paris_2024_Paralympic_Games,113,56.5,92,5,L Gyrus and Sulcus paracentral,2.11
Considering_What_Paris_2024_Paralympic_Games,113,56.5,92,6,R Gyrus postcentral,2.08
Considering_What_Paris_2024_Paralympic_Games,113,56.5,92,7,L Sulcus orbital med-olfact,1.98
Considering_What_Paris_2024_Paralympic_Games,113,56.5,92,8,L Gyrus rectus,1.96
Considering_What_Paris_2024_Paralympic_Games,114,57.0,92,1,R Gyrus and Sulcus paracentral,2.25
Considering_What_Paris_2024_Paralympic_Games,114,57.0,92,2,R Gyrus temporal inf,2.21
Considering_What_Paris_2024_Paralympic_Games,114,57.0,92,3,L Sulcus central,2.17
Considering_What_Paris_2024_Paralympic_Games,114,57.0,92,4,R Sulcus central,2.12
Considering_What_Paris_2024_Paralympic_Games,114,57.0,92,5,L Gyrus and Sulcus paracentral,2.11
Considering_What_Paris_2024_Paralympic_Games,114,57.0,92,6,R Gyrus postcentral,2.08
Considering_What_Paris_2024_Paralympic_Games,114,57.0,92,7,L Sulcus orbital med-olfact,1.98
Considering_What_Paris_2024_Paralympic_Games,114,57.0,92,8,L Gyrus rectus,1.96
Considering_What_Paris_2024_Paralympic_Games,115,57.5,93,1,R Gyrus and Sulcus paracentral,2.21
Considering_What_Paris_2024_Paralympic_Games,115,57.5,93,2,L Gyrus rectus,2.2
Considering_What_Paris_2024_Paralympic_Games,115,57.5,93,3,R Sulcus central,2.1
Considering_What_Paris_2024_Paralympic_Games,115,57.5,93,4,L Sulcus central,2.02
Considering_What_Paris_2024_Paralympic_Games,115,57.5,93,5,R Gyrus postcentral,1.96
Considering_What_Paris_2024_Paralympic_Games,115,57.5,93,6,R Gyrus temporal inf,1.96
Considering_What_Paris_2024_Paralympic_Games,115,57.5,93,7,L Sulcus orbital med-olfact,1.91
Considering_What_Paris_2024_Paralympic_Games,116,58.0,94,1,L Gyrus rectus,2.31
Considering_What_Paris_2024_Paralympic_Games,116,58.0,94,2,R Sulcus central,2.07
Considering_What_Paris_2024_Paralympic_Games,117,58.5,95,1,L Gyrus rectus,2.28
Considering_What_Paris_2024_Paralympic_Games,118,59.0,96,1,L Gyrus rectus,2.23
Considering_What_Paris_2024_Paralympic_Games,118,59.0,96,2,L Gyrus orbital,1.91
Considering_What_Paris_2024_Paralympic_Games,119,59.5,96,1,L Gyrus rectus,2.23
Considering_What_Paris_2024_Paralympic_Games,119,59.5,96,2,L Gyrus orbital,1.91
Considering_What_Paris_2024_Paralympic_Games,120,60.0,97,1,L Gyrus rectus,2.13
Considering_What_Paris_2024_Paralympic_Games,120,60.0,97,2,L Sulcus orbital med-olfact,1.95
Considering_What_Paris_2024_Paralympic_Games,120,60.0,97,3,L Gyrus orbital,1.91
Considering_What_Paris_2024_Paralympic_Games,125,62.5,101,1,R Gyrus subcallosal,2.01
Considering_What_Paris_2024_Paralympic_Games,125,62.5,101,2,L Sulcus oc-temp med and Lingual,1.97
Considering_What_Paris_2024_Paralympic_Games,125,62.5,101,3,L Gyrus oc-temp med-Parahip,1.95
Considering_What_Paris_2024_Paralympic_Games,125,62.5,101,4,R Gyrus oc-temp med-Parahip,1.94
Considering_What_Paris_2024_Paralympic_Games,125,62.5,101,5,R Sulcus oc-temp med and Lingual,1.93
Considering_What_Paris_2024_Paralympic_Games,125,62.5,101,6,R Gyrus oc-temp med-Lingual,1.9
Considering_What_Paris_2024_Paralympic_Games,125,62.5,101,7,R Sulcus parieto occipital,1.9
Considering_What_Paris_2024_Paralympic_Games,126,63.0,102,1,R Gyrus subcallosal,2.18
Considering_What_Paris_2024_Paralympic_Games,126,63.0,102,2,L Gyrus and Sulcus transv frontopol,2.18
Considering_What_Paris_2024_Paralympic_Games,126,63.0,102,3,R Gyrus oc-temp med-Lingual,2.05
Considering_What_Paris_2024_Paralympic_Games,126,63.0,102,4,L Gyrus oc-temp med-Parahip,2.02
Considering_What_Paris_2024_Paralympic_Games,126,63.0,102,5,L Sulcus collat transv ant,2.01
Considering_What_Paris_2024_Paralympic_Games,126,63.0,102,6,L Sulcus oc-temp med and Lingual,2.0
Considering_What_Paris_2024_Paralympic_Games,126,63.0,102,7,R Sulcus oc-temp med and Lingual,1.99
Considering_What_Paris_2024_Paralympic_Games,126,63.0,102,8,L Gyrus oc-temp lat-fusifor,1.99
Considering_What_Paris_2024_Paralympic_Games,127,63.5,103,1,L Gyrus and Sulcus transv frontopol,2.15
Considering_What_Paris_2024_Paralympic_Games,127,63.5,103,2,L Sulcus collat transv ant,2.1
Considering_What_Paris_2024_Paralympic_Games,127,63.5,103,3,R Gyrus subcallosal,1.94
Considering_What_Paris_2024_Paralympic_Games,127,63.5,103,4,L Gyrus front sup,1.89
Considering_What_Paris_2024_Paralympic_Games,128,64.0,104,1,L Gyrus and Sulcus transv frontopol,2.02
Considering_What_Paris_2024_Paralympic_Games,128,64.0,104,2,R Gyrus subcallosal,1.92
Considering_What_Paris_2024_Paralympic_Games,129,64.5,105,1,R Gyrus temporal inf,1.99
Considering_What_Paris_2024_Paralympic_Games,129,64.5,105,2,L Gyrus temporal middle,1.91
Considering_What_Paris_2024_Paralympic_Games,129,64.5,105,3,L Gyrus and Sulcus transv frontopol,1.89
Considering_What_Paris_2024_Paralympic_Games,130,65.0,105,1,R Gyrus temporal inf,1.99
Considering_What_Paris_2024_Paralympic_Games,130,65.0,105,2,L Gyrus temporal middle,1.91
Considering_What_Paris_2024_Paralympic_Games,130,65.0,105,3,L Gyrus and Sulcus transv frontopol,1.89
Considering_What_Paris_2024_Paralympic_Games,131,65.5,106,1,R Gyrus temporal inf,2.62
Considering_What_Paris_2024_Paralympic_Games,131,65.5,106,2,L Gyrus temporal middle,1.92
Considering_What_Paris_2024_Paralympic_Games,131,65.5,106,3,R Gyrus orbital,1.9
Considering_What_Paris_2024_Paralympic_Games,131,65.5,106,4,L Gyrus and Sulcus transv frontopol,1.89
Considering_What_Paris_2024_Paralympic_Games,131,65.5,106,5,R Gyrus oc-temp med-Parahip,1.89
Considering_What_Paris_2024_Paralympic_Games,132,66.0,107,1,R Gyrus temporal inf,2.72
Considering_What_Paris_2024_Paralympic_Games,132,66.0,107,2,R Gyrus orbital,2.01
Considering_What_Paris_2024_Paralympic_Games,132,66.0,107,3,R Gyrus oc-temp med-Parahip,1.95
Considering_What_Paris_2024_Paralympic_Games,132,66.0,107,4,L Gyrus temporal middle,1.91
Considering_What_Paris_2024_Paralympic_Games,133,66.5,108,1,R Gyrus temporal inf,2.63
Considering_What_Paris_2024_Paralympic_Games,133,66.5,108,2,R Gyrus oc-temp med-Parahip,1.98
Considering_What_Paris_2024_Paralympic_Games,133,66.5,108,3,R Gyrus orbital,1.95
Considering_What_Paris_2024_Paralympic_Games,134,67.0,109,1,R Gyrus temporal inf,2.09
Considering_What_Paris_2024_Paralympic_Games,134,67.0,109,2,R Gyrus oc-temp med-Parahip,1.95
Considering_What_Paris_2024_Paralympic_Games,134,67.0,109,3,R Pole temporal,1.9
Considering_What_Paris_2024_Paralympic_Games,134,67.0,109,4,R Sulcus orbital-H Shaped,1.89
Considering_What_Paris_2024_Paralympic_Games,135,67.5,109,1,R Gyrus temporal inf,2.09
Considering_What_Paris_2024_Paralympic_Games,135,67.5,109,2,R Gyrus oc-temp med-Parahip,1.95
Considering_What_Paris_2024_Paralympic_Games,135,67.5,109,3,R Pole temporal,1.9
Considering_What_Paris_2024_Paralympic_Games,135,67.5,109,4,R Sulcus orbital-H Shaped,1.89
Considering_What_Paris_2024_Paralympic_Games,136,68.0,110,1,R Gyrus oc-temp med-Parahip,2.09
Considering_What_Paris_2024_Paralympic_Games,136,68.0,110,2,R Gyrus temporal inf,2.09
Considering_What_Paris_2024_Paralympic_Games,136,68.0,110,3,L Sulcus front sup,2.08
Considering_What_Paris_2024_Paralympic_Games,136,68.0,110,4,R Sulcus orbital-H Shaped,2.05
Considering_What_Paris_2024_Paralympic_Games,136,68.0,110,5,L Gyrus and Sulcus transv frontopol,2.01
Considering_What_Paris_2024_Paralympic_Games,136,68.0,110,6,R Gyrus oc-temp lat-fusifor,1.92
Considering_What_Paris_2024_Paralympic_Games,136,68.0,110,7,L Gyrus orbital,1.9
Considering_What_Paris_2024_Paralympic_Games,137,68.5,111,1,R Gyrus temporal inf,2.15
Considering_What_Paris_2024_Paralympic_Games,137,68.5,111,2,R Gyrus oc-temp med-Parahip,2.13
Considering_What_Paris_2024_Paralympic_Games,137,68.5,111,3,R Sulcus orbital-H Shaped,2.06
Considering_What_Paris_2024_Paralympic_Games,137,68.5,111,4,L Gyrus and Sulcus transv frontopol,2.04
Considering_What_Paris_2024_Paralympic_Games,137,68.5,111,5,L Sulcus front sup,2.04
Considering_What_Paris_2024_Paralympic_Games,137,68.5,111,6,L Gyrus oc-temp med-Parahip,2.02
Considering_What_Paris_2024_Paralympic_Games,137,68.5,111,7,R Gyrus oc-temp lat-fusifor,2.0
Considering_What_Paris_2024_Paralympic_Games,137,68.5,111,8,L Gyrus orbital,1.96
Considering_What_Paris_2024_Paralympic_Games,138,69.0,112,1,L Gyrus and Sulcus transv frontopol,2.14
Considering_What_Paris_2024_Paralympic_Games,138,69.0,112,2,R Gyrus oc-temp med-Parahip,2.14
Considering_What_Paris_2024_Paralympic_Games,138,69.0,112,3,R Gyrus temporal inf,2.1
Considering_What_Paris_2024_Paralympic_Games,138,69.0,112,4,L Gyrus orbital,2.03
Considering_What_Paris_2024_Paralympic_Games,138,69.0,112,5,R Sulcus cingul-Marginalis,2.03
Considering_What_Paris_2024_Paralympic_Games,138,69.0,112,6,R Sulcus orbital-H Shaped,2.02
Considering_What_Paris_2024_Paralympic_Games,138,69.0,112,7,L Sulcus front sup,2.01
Considering_What_Paris_2024_Paralympic_Games,138,69.0,112,8,L Sulcus oc-temp med and Lingual,1.99
Considering_What_Paris_2024_Paralympic_Games,139,69.5,113,1,L Gyrus and Sulcus transv frontopol,2.19
Considering_What_Paris_2024_Paralympic_Games,139,69.5,113,2,L Sulcus front sup,2.16
Considering_What_Paris_2024_Paralympic_Games,139,69.5,113,3,R Gyrus rectus,2.11
Considering_What_Paris_2024_Paralympic_Games,139,69.5,113,4,R Gyrus oc-temp med-Parahip,2.06
Considering_What_Paris_2024_Paralympic_Games,139,69.5,113,5,R Gyrus oc-temp lat-fusifor,2.06
Considering_What_Paris_2024_Paralympic_Games,139,69.5,113,6,R Gyrus temporal inf,2.02
Considering_What_Paris_2024_Paralympic_Games,139,69.5,113,7,L Gyrus orbital,2.0
Considering_What_Paris_2024_Paralympic_Games,139,69.5,113,8,L Gyrus oc-temp med-Parahip,1.99
Considering_What_Paris_2024_Paralympic_Games,140,70.0,113,1,L Gyrus and Sulcus transv frontopol,2.19
Considering_What_Paris_2024_Paralympic_Games,140,70.0,113,2,L Sulcus front sup,2.16
Considering_What_Paris_2024_Paralympic_Games,140,70.0,113,3,R Gyrus rectus,2.11
Considering_What_Paris_2024_Paralympic_Games,140,70.0,113,4,R Gyrus oc-temp med-Parahip,2.06
Considering_What_Paris_2024_Paralympic_Games,140,70.0,113,5,R Gyrus oc-temp lat-fusifor,2.06
Considering_What_Paris_2024_Paralympic_Games,140,70.0,113,6,R Gyrus temporal inf,2.02
Considering_What_Paris_2024_Paralympic_Games,140,70.0,113,7,L Gyrus orbital,2.0
Considering_What_Paris_2024_Paralympic_Games,140,70.0,113,8,L Gyrus oc-temp med-Parahip,1.99
Considering_What_Paris_2024_Paralympic_Games,141,70.5,114,1,L Gyrus and Sulcus transv frontopol,2.26
Considering_What_Paris_2024_Paralympic_Games,141,70.5,114,2,R Gyrus rectus,2.08
Considering_What_Paris_2024_Paralympic_Games,141,70.5,114,3,R Gyrus temporal inf,2.04
Considering_What_Paris_2024_Paralympic_Games,141,70.5,114,4,R Gyrus orbital,2.04
Considering_What_Paris_2024_Paralympic_Games,141,70.5,114,5,R Gyrus oc-temp lat-fusifor,2.04
Considering_What_Paris_2024_Paralympic_Games,141,70.5,114,6,R Gyrus oc-temp med-Parahip,2.01
Considering_What_Paris_2024_Paralympic_Games,141,70.5,114,7,L Gyrus oc-temp med-Parahip,2.0
Considering_What_Paris_2024_Paralympic_Games,141,70.5,114,8,R Gyrus subcallosal,1.99
Considering_What_Paris_2024_Paralympic_Games,142,71.0,115,1,L Gyrus and Sulcus transv frontopol,2.28
Considering_What_Paris_2024_Paralympic_Games,142,71.0,115,2,R Gyrus subcallosal,2.18
Considering_What_Paris_2024_Paralympic_Games,142,71.0,115,3,R Gyrus rectus,2.06
Considering_What_Paris_2024_Paralympic_Games,142,71.0,115,4,R Gyrus temporal inf,2.03
Considering_What_Paris_2024_Paralympic_Games,142,71.0,115,5,L Gyrus oc-temp med-Parahip,2.03
Considering_What_Paris_2024_Paralympic_Games,142,71.0,115,6,R Gyrus orbital,2.02
Considering_What_Paris_2024_Paralympic_Games,142,71.0,115,7,R Gyrus oc-temp lat-fusifor,1.88
Considering_What_Paris_2024_Paralympic_Games,143,71.5,116,1,L Gyrus and Sulcus transv frontopol,2.34
Considering_What_Paris_2024_Paralympic_Games,143,71.5,116,2,R Gyrus subcallosal,2.18
Considering_What_Paris_2024_Paralympic_Games,143,71.5,116,3,R Gyrus rectus,2.06
Considering_What_Paris_2024_Paralympic_Games,143,71.5,116,4,R Gyrus temporal inf,1.94
Considering_What_Paris_2024_Paralympic_Games,143,71.5,116,5,R Gyrus orbital,1.89
Considering_What_Paris_2024_Paralympic_Games,144,72.0,117,1,L Gyrus and Sulcus transv frontopol,2.27
Considering_What_Paris_2024_Paralympic_Games,144,72.0,117,2,R Gyrus subcallosal,2.19
Considering_What_Paris_2024_Paralympic_Games,144,72.0,117,3,R Gyrus orbital,1.92
Considering_What_Paris_2024_Paralympic_Games,144,72.0,117,4,R Gyrus temporal inf,1.88
Considering_What_Paris_2024_Paralympic_Games,145,72.5,118,1,R Gyrus subcallosal,2.23
Considering_What_Paris_2024_Paralympic_Games,145,72.5,118,2,L Gyrus and Sulcus transv frontopol,2.13
Considering_What_Paris_2024_Paralympic_Games,145,72.5,118,3,R Gyrus orbital,2.11
Considering_What_Paris_2024_Paralympic_Games,145,72.5,118,4,R Gyrus temporal inf,1.98
Considering_What_Paris_2024_Paralympic_Games,146,73.0,118,1,R Gyrus subcallosal,2.23
Considering_What_Paris_2024_Paralympic_Games,146,73.0,118,2,L Gyrus and Sulcus transv frontopol,2.13
Considering_What_Paris_2024_Paralympic_Games,146,73.0,118,3,R Gyrus orbital,2.11
Considering_What_Paris_2024_Paralympic_Games,146,73.0,118,4,R Gyrus temporal inf,1.98
Considering_What_Paris_2024_Paralympic_Games,147,73.5,119,1,R Gyrus temporal inf,2.14
Considering_What_Paris_2024_Paralympic_Games,147,73.5,119,2,R Gyrus orbital,2.13
Considering_What_Paris_2024_Paralympic_Games,147,73.5,119,3,R Gyrus subcallosal,2.06
Considering_What_Paris_2024_Paralympic_Games,147,73.5,119,4,L Gyrus rectus,1.95
Considering_What_Paris_2024_Paralympic_Games,147,73.5,119,5,R Sulcus orbital med-olfact,1.91
Considering_What_Paris_2024_Paralympic_Games,147,73.5,119,6,L Gyrus and Sulcus transv frontopol,1.89
Considering_What_Paris_2024_Paralympic_Games,148,74.0,120,1,R Gyrus subcallosal,2.55
Considering_What_Paris_2024_Paralympic_Games,148,74.0,120,2,R Sulcus orbital med-olfact,2.15
Considering_What_Paris_2024_Paralympic_Games,148,74.0,120,3,R Gyrus temporal inf,2.09
Considering_What_Paris_2024_Paralympic_Games,148,74.0,120,4,R Gyrus oc-temp med-Lingual,2.08
Considering_What_Paris_2024_Paralympic_Games,148,74.0,120,5,L Gyrus rectus,2.06
Considering_What_Paris_2024_Paralympic_Games,148,74.0,120,6,R Gyrus and Sulcus transv frontopol,2.06
Considering_What_Paris_2024_Paralympic_Games,148,74.0,120,7,L Sulcus calcarine,2.0
Considering_What_Paris_2024_Paralympic_Games,148,74.0,120,8,R Gyrus cuneus,1.98
Considering_What_Paris_2024_Paralympic_Games,149,74.5,121,1,R Gyrus subcallosal,2.76
Considering_What_Paris_2024_Paralympic_Games,149,74.5,121,2,L Lat Fis-post,2.31
Considering_What_Paris_2024_Paralympic_Games,149,74.5,121,3,R Sulcus calcarine,2.25
Considering_What_Paris_2024_Paralympic_Games,149,74.5,121,4,R Gyrus cuneus,2.23
Considering_What_Paris_2024_Paralympic_Games,149,74.5,121,5,L Gyrus and Sulcus frontomargin,2.23
Considering_What_Paris_2024_Paralympic_Games,149,74.5,121,6,L Sulcus calcarine,2.22
Considering_What_Paris_2024_Paralympic_Games,149,74.5,121,7,R Gyrus oc-temp med-Lingual,2.22
Considering_What_Paris_2024_Paralympic_Games,149,74.5,121,8,R Gyrus Ins lg and Sulcus cent ins,2.21
Considering_What_Paris_2024_Paralympic_Games,150,75.0,122,1,R Gyrus oc-temp med-Lingual,2.69
Considering_What_Paris_2024_Paralympic_Games,150,75.0,122,2,L Sulcus calcarine,2.69
Considering_What_Paris_2024_Paralympic_Games,150,75.0,122,3,R Gyrus cuneus,2.68
Considering_What_Paris_2024_Paralympic_Games,150,75.0,122,4,L Gyrus cuneus,2.68
Considering_What_Paris_2024_Paralympic_Games,150,75.0,122,5,R Sulcus calcarine,2.67
Considering_What_Paris_2024_Paralympic_Games,150,75.0,122,6,L Lat Fis-post,2.67
Considering_What_Paris_2024_Paralympic_Games,150,75.0,122,7,R Gyrus subcallosal,2.65
Considering_What_Paris_2024_Paralympic_Games,150,75.0,122,8,R Sulcus parieto occipital,2.58
Considering_What_Paris_2024_Paralympic_Games,151,75.5,122,1,R Gyrus oc-temp med-Lingual,2.69
Considering_What_Paris_2024_Paralympic_Games,151,75.5,122,2,L Sulcus calcarine,2.69
Considering_What_Paris_2024_Paralympic_Games,151,75.5,122,3,R Gyrus cuneus,2.68
Considering_What_Paris_2024_Paralympic_Games,151,75.5,122,4,L Gyrus cuneus,2.68
Considering_What_Paris_2024_Paralympic_Games,151,75.5,122,5,R Sulcus calcarine,2.67
Considering_What_Paris_2024_Paralympic_Games,151,75.5,122,6,L Lat Fis-post,2.67
Considering_What_Paris_2024_Paralympic_Games,151,75.5,122,7,R Gyrus subcallosal,2.65
Considering_What_Paris_2024_Paralympic_Games,151,75.5,122,8,R Sulcus parieto occipital,2.58
Considering_What_Paris_2024_Paralympic_Games,152,76.0,123,1,R Gyrus cuneus,3.25
Considering_What_Paris_2024_Paralympic_Games,152,76.0,123,2,L Gyrus cuneus,3.19
Considering_What_Paris_2024_Paralympic_Games,152,76.0,123,3,R Gyrus oc-temp med-Lingual,3.08
Considering_What_Paris_2024_Paralympic_Games,152,76.0,123,4,L Sulcus calcarine,3.03
Considering_What_Paris_2024_Paralympic_Games,152,76.0,123,5,R Sulcus calcarine,2.96
Considering_What_Paris_2024_Paralympic_Games,152,76.0,123,6,R Gyrus insular short,2.78
Considering_What_Paris_2024_Paralympic_Games,152,76.0,123,7,R Sulcus parieto occipital,2.78
Considering_What_Paris_2024_Paralympic_Games,152,76.0,123,8,R Sulcus circular insula ant,2.77
Considering_What_Paris_2024_Paralympic_Games,153,76.5,124,1,R Gyrus cuneus,3.46
Considering_What_Paris_2024_Paralympic_Games,153,76.5,124,2,L Gyrus cuneus,3.37
Considering_What_Paris_2024_Paralympic_Games,153,76.5,124,3,R Gyrus oc-temp med-Lingual,3.08
Considering_What_Paris_2024_Paralympic_Games,153,76.5,124,4,R Sulcus circular insula sup,3.03
Considering_What_Paris_2024_Paralympic_Games,153,76.5,124,5,L Sulcus calcarine,3.02
Considering_What_Paris_2024_Paralympic_Games,153,76.5,124,6,R Gyrus insular short,3.02
Considering_What_Paris_2024_Paralympic_Games,153,76.5,124,7,L Sulcus circular insula sup,2.97
Considering_What_Paris_2024_Paralympic_Games,153,76.5,124,8,R Gyrus front inf-Opercular,2.95
Considering_What_Paris_2024_Paralympic_Games,154,77.0,125,1,R Gyrus cuneus,3.31
Considering_What_Paris_2024_Paralympic_Games,154,77.0,125,2,L Gyrus cuneus,3.16
Considering_What_Paris_2024_Paralympic_Games,154,77.0,125,3,R Sulcus circular insula sup,3.09
Considering_What_Paris_2024_Paralympic_Games,154,77.0,125,4,R Gyrus front inf-Opercular,3.03
Considering_What_Paris_2024_Paralympic_Games,154,77.0,125,5,R Gyrus insular short,3.01
Considering_What_Paris_2024_Paralympic_Games,154,77.0,125,6,L Sulcus circular insula sup,3.0
Considering_What_Paris_2024_Paralympic_Games,154,77.0,125,7,R Gyrus and Sulcus subcentral,2.95
Considering_What_Paris_2024_Paralympic_Games,154,77.0,125,8,L Gyrus front inf-Opercular,2.93
Considering_What_Paris_2024_Paralympic_Games,155,77.5,126,1,R Gyrus cuneus,2.96
Considering_What_Paris_2024_Paralympic_Games,155,77.5,126,2,R Sulcus circular insula sup,2.87
Considering_What_Paris_2024_Paralympic_Games,155,77.5,126,3,R Gyrus front inf-Opercular,2.85
Considering_What_Paris_2024_Paralympic_Games,155,77.5,126,4,L Gyrus cuneus,2.8
Considering_What_Paris_2024_Paralympic_Games,155,77.5,126,5,L Sulcus circular insula sup,2.77
Considering_What_Paris_2024_Paralympic_Games,155,77.5,126,6,R Lat Fis-ant-Vertical,2.76
Considering_What_Paris_2024_Paralympic_Games,155,77.5,126,7,L Gyrus front inf-Opercular,2.75
Considering_What_Paris_2024_Paralympic_Games,155,77.5,126,8,R Gyrus insular short,2.75
Considering_What_Paris_2024_Paralympic_Games,156,78.0,126,1,R Gyrus cuneus,2.96
Considering_What_Paris_2024_Paralympic_Games,156,78.0,126,2,R Sulcus circular insula sup,2.87
Considering_What_Paris_2024_Paralympic_Games,156,78.0,126,3,R Gyrus front inf-Opercular,2.85
Considering_What_Paris_2024_Paralympic_Games,156,78.0,126,4,L Gyrus cuneus,2.8
Considering_What_Paris_2024_Paralympic_Games,156,78.0,126,5,L Sulcus circular insula sup,2.77
Considering_What_Paris_2024_Paralympic_Games,156,78.0,126,6,R Lat Fis-ant-Vertical,2.76
Considering_What_Paris_2024_Paralympic_Games,156,78.0,126,7,L Gyrus front inf-Opercular,2.75
Considering_What_Paris_2024_Paralympic_Games,156,78.0,126,8,R Gyrus insular short,2.75
Considering_What_Paris_2024_Paralympic_Games,157,78.5,127,1,L Gyrus temporal inf,2.68
Considering_What_Paris_2024_Paralympic_Games,157,78.5,127,2,R Lat Fis-ant-Vertical,2.66
Considering_What_Paris_2024_Paralympic_Games,157,78.5,127,3,R Sulcus circular insula sup,2.64
Considering_What_Paris_2024_Paralympic_Games,157,78.5,127,4,R Gyrus front inf-Opercular,2.62
Considering_What_Paris_2024_Paralympic_Games,157,78.5,127,5,R Gyrus and Sulcus frontomargin,2.6
Considering_What_Paris_2024_Paralympic_Games,157,78.5,127,6,R Gyrus cuneus,2.59
Considering_What_Paris_2024_Paralympic_Games,157,78.5,127,7,L Sulcus circular insula sup,2.56
Considering_What_Paris_2024_Paralympic_Games,157,78.5,127,8,L Gyrus front inf-Opercular,2.56
Considering_What_Paris_2024_Paralympic_Games,158,79.0,128,1,R Lat Fis-ant-Vertical,2.56
Considering_What_Paris_2024_Paralympic_Games,158,79.0,128,2,R Gyrus and Sulcus frontomargin,2.45
Considering_What_Paris_2024_Paralympic_Games,158,79.0,128,3,R Gyrus Ins lg and Sulcus cent ins,2.43
Considering_What_Paris_2024_Paralympic_Games,158,79.0,128,4,R Sulcus circular insula sup,2.42
Considering_What_Paris_2024_Paralympic_Games,158,79.0,128,5,L Lat Fis-ant-Vertical,2.42
Considering_What_Paris_2024_Paralympic_Games,158,79.0,128,6,R Gyrus insular short,2.39
Considering_What_Paris_2024_Paralympic_Games,158,79.0,128,7,R Sulcus front middle,2.39
Considering_What_Paris_2024_Paralympic_Games,158,79.0,128,8,L Sulcus circular insula sup,2.39
Considering_What_Paris_2024_Paralympic_Games,159,79.5,129,1,R Lat Fis-ant-Vertical,2.42
Considering_What_Paris_2024_Paralympic_Games,159,79.5,129,2,L Lat Fis-ant-Horizont,2.36
Considering_What_Paris_2024_Paralympic_Games,159,79.5,129,3,R Sulcus circular insula inf,2.34
Considering_What_Paris_2024_Paralympic_Games,159,79.5,129,4,L Lat Fis-post,2.33
Considering_What_Paris_2024_Paralympic_Games,159,79.5,129,5,L Sulcus orbital lateral,2.33
Considering_What_Paris_2024_Paralympic_Games,159,79.5,129,6,R Gyrus and Sulcus frontomargin,2.32
Considering_What_Paris_2024_Paralympic_Games,159,79.5,129,7,L Lat Fis-ant-Vertical,2.32
Considering_What_Paris_2024_Paralympic_Games,159,79.5,129,8,R Gyrus and Sulcus cingul-Mid-Ant,2.29
Considering_What_Paris_2024_Paralympic_Games,160,80.0,130,1,L Lat Fis-post,2.54
Considering_What_Paris_2024_Paralympic_Games,160,80.0,130,2,L Sulcus orbital lateral,2.42
Considering_What_Paris_2024_Paralympic_Games,160,80.0,130,3,R Sulcus circular insula inf,2.41
Considering_What_Paris_2024_Paralympic_Games,160,80.0,130,4,R Lat Fis-ant-Vertical,2.37
Considering_What_Paris_2024_Paralympic_Games,160,80.0,130,5,R Gyrus and Sulcus frontomargin,2.3
Considering_What_Paris_2024_Paralympic_Games,160,80.0,130,6,L Gyrus and Sulcus cingul-Mid-Ant,2.3
Considering_What_Paris_2024_Paralympic_Games,160,80.0,130,7,L Lat Fis-ant-Horizont,2.29
Considering_What_Paris_2024_Paralympic_Games,160,80.0,130,8,R Gyrus rectus,2.28
Considering_What_Paris_2024_Paralympic_Games,161,80.5,130,1,L Lat Fis-post,2.54
Considering_What_Paris_2024_Paralympic_Games,161,80.5,130,2,L Sulcus orbital lateral,2.42
Considering_What_Paris_2024_Paralympic_Games,161,80.5,130,3,R Sulcus circular insula inf,2.41
Considering_What_Paris_2024_Paralympic_Games,161,80.5,130,4,R Lat Fis-ant-Vertical,2.37
Considering_What_Paris_2024_Paralympic_Games,161,80.5,130,5,R Gyrus and Sulcus frontomargin,2.3
Considering_What_Paris_2024_Paralympic_Games,161,80.5,130,6,L Gyrus and Sulcus cingul-Mid-Ant,2.3
Considering_What_Paris_2024_Paralympic_Games,161,80.5,130,7,L Lat Fis-ant-Horizont,2.29
Considering_What_Paris_2024_Paralympic_Games,161,80.5,130,8,R Gyrus rectus,2.28
Considering_What_Paris_2024_Paralympic_Games,162,81.0,131,1,L Sulcus orbital lateral,2.52
Considering_What_Paris_2024_Paralympic_Games,162,81.0,131,2,R Sulcus circular insula inf,2.41
Considering_What_Paris_2024_Paralympic_Games,162,81.0,131,3,R Lat Fis-ant-Vertical,2.41
Considering_What_Paris_2024_Paralympic_Games,162,81.0,131,4,R Gyrus rectus,2.37
Considering_What_Paris_2024_Paralympic_Games,162,81.0,131,5,L Gyrus and Sulcus cingul-Mid-Ant,2.37
Considering_What_Paris_2024_Paralympic_Games,162,81.0,131,6,L Sulcus front middle,2.35
Considering_What_Paris_2024_Paralympic_Games,162,81.0,131,7,R Gyrus and Sulcus frontomargin,2.34
Considering_What_Paris_2024_Paralympic_Games,162,81.0,131,8,L Sulcus circular insula sup,2.32
Considering_What_Paris_2024_Paralympic_Games,163,81.5,132,1,L Sulcus orbital lateral,2.72
Considering_What_Paris_2024_Paralympic_Games,163,81.5,132,2,L Sulcus front middle,2.52
Considering_What_Paris_2024_Paralympic_Games,163,81.5,132,3,L Sulcus circular insula sup,2.5
Considering_What_Paris_2024_Paralympic_Games,163,81.5,132,4,R Lat Fis-ant-Vertical,2.5
Considering_What_Paris_2024_Paralympic_Games,163,81.5,132,5,R Gyrus rectus,2.49
Considering_What_Paris_2024_Paralympic_Games,163,81.5,132,6,R Gyrus and Sulcus frontomargin,2.49
Considering_What_Paris_2024_Paralympic_Games,163,81.5,132,7,L Gyrus and Sulcus frontomargin,2.48
Considering_What_Paris_2024_Paralympic_Games,163,81.5,132,8,L Gyrus and Sulcus cingul-Ant,2.47
Considering_What_Paris_2024_Paralympic_Games,164,82.0,133,1,L Sulcus circular insula sup,2.76
Considering_What_Paris_2024_Paralympic_Games,164,82.0,133,2,R Lat Fis-ant-Vertical,2.73
Considering_What_Paris_2024_Paralympic_Games,164,82.0,133,3,L Sulcus front middle,2.73
Considering_What_Paris_2024_Paralympic_Games,164,82.0,133,4,L Gyrus and Sulcus cingul-Ant,2.69
Considering_What_Paris_2024_Paralympic_Games,164,82.0,133,5,R Sulcus front middle,2.68
Considering_What_Paris_2024_Paralympic_Games,164,82.0,133,6,R Gyrus and Sulcus frontomargin,2.66
Considering_What_Paris_2024_Paralympic_Games,164,82.0,133,7,R Sulcus circular insula sup,2.65
Considering_What_Paris_2024_Paralympic_Games,164,82.0,133,8,L Gyrus and Sulcus frontomargin,2.64
Considering_What_Paris_2024_Paralympic_Games,165,82.5,134,1,L Sulcus circular insula sup,2.97
Considering_What_Paris_2024_Paralympic_Games,165,82.5,134,2,R Lat Fis-ant-Vertical,2.93
Considering_What_Paris_2024_Paralympic_Games,165,82.5,134,3,R Sulcus front middle,2.92
Considering_What_Paris_2024_Paralympic_Games,165,82.5,134,4,L Sulcus front middle,2.91
Considering_What_Paris_2024_Paralympic_Games,165,82.5,134,5,R Sulcus circular insula sup,2.89
Considering_What_Paris_2024_Paralympic_Games,165,82.5,134,6,R Gyrus and Sulcus frontomargin,2.86
Considering_What_Paris_2024_Paralympic_Games,165,82.5,134,7,L Lat Fis-ant-Vertical,2.85
Considering_What_Paris_2024_Paralympic_Games,165,82.5,134,8,R Gyrus and Sulcus subcentral,2.83
Considering_What_Paris_2024_Paralympic_Games,166,83.0,135,1,L Sulcus circular insula sup,3.03
Considering_What_Paris_2024_Paralympic_Games,166,83.0,135,2,R Lat Fis-ant-Vertical,2.99
Considering_What_Paris_2024_Paralympic_Games,166,83.0,135,3,R Sulcus circular insula sup,2.99
Considering_What_Paris_2024_Paralympic_Games,166,83.0,135,4,R Sulcus front middle,2.98
Considering_What_Paris_2024_Paralympic_Games,166,83.0,135,5,L Lat Fis-ant-Vertical,2.95
Considering_What_Paris_2024_Paralympic_Games,166,83.0,135,6,L Sulcus front middle,2.94
Considering_What_Paris_2024_Paralympic_Games,166,83.0,135,7,R Gyrus and Sulcus frontomargin,2.93
Considering_What_Paris_2024_Paralympic_Games,166,83.0,135,8,R Gyrus and Sulcus subcentral,2.89
Considering_What_Paris_2024_Paralympic_Games,167,83.5,135,1,L Sulcus circular insula sup,3.03
Considering_What_Paris_2024_Paralympic_Games,167,83.5,135,2,R Lat Fis-ant-Vertical,2.99
Considering_What_Paris_2024_Paralympic_Games,167,83.5,135,3,R Sulcus circular insula sup,2.99
Considering_What_Paris_2024_Paralympic_Games,167,83.5,135,4,R Sulcus front middle,2.98
Considering_What_Paris_2024_Paralympic_Games,167,83.5,135,5,L Lat Fis-ant-Vertical,2.95
Considering_What_Paris_2024_Paralympic_Games,167,83.5,135,6,L Sulcus front middle,2.94
Considering_What_Paris_2024_Paralympic_Games,167,83.5,135,7,R Gyrus and Sulcus frontomargin,2.93
Considering_What_Paris_2024_Paralympic_Games,167,83.5,135,8,R Gyrus and Sulcus subcentral,2.89
Considering_What_Paris_2024_Paralympic_Games,168,84.0,136,1,R Sulcus circular insula sup,2.91
Considering_What_Paris_2024_Paralympic_Games,168,84.0,136,2,L Sulcus circular insula sup,2.9
Considering_What_Paris_2024_Paralympic_Games,168,84.0,136,3,R Sulcus front middle,2.9
Considering_What_Paris_2024_Paralympic_Games,168,84.0,136,4,R Lat Fis-ant-Vertical,2.9
Considering_What_Paris_2024_Paralympic_Games,168,84.0,136,5,L Lat Fis-ant-Vertical,2.88
Considering_What_Paris_2024_Paralympic_Games,168,84.0,136,6,R Gyrus rectus,2.88
Considering_What_Paris_2024_Paralympic_Games,168,84.0,136,7,L Sulcus front middle,2.87
Considering_What_Paris_2024_Paralympic_Games,168,84.0,136,8,R Gyrus and Sulcus frontomargin,2.87
Considering_What_Paris_2024_Paralympic_Games,169,84.5,137,1,R Gyrus rectus,2.66
Considering_What_Paris_2024_Paralympic_Games,169,84.5,137,2,R Gyrus and Sulcus frontomargin,2.62
Considering_What_Paris_2024_Paralympic_Games,169,84.5,137,3,R Gyrus and Sulcus transv frontopol,2.58
Considering_What_Paris_2024_Paralympic_Games,169,84.5,137,4,R Lat Fis-ant-Vertical,2.58
Considering_What_Paris_2024_Paralympic_Games,169,84.5,137,5,R Sulcus circular insula sup,2.55
Considering_What_Paris_2024_Paralympic_Games,169,84.5,137,6,L Gyrus and Sulcus transv frontopol,2.55
Considering_What_Paris_2024_Paralympic_Games,169,84.5,137,7,L Gyrus orbital,2.54
Considering_What_Paris_2024_Paralympic_Games,169,84.5,137,8,L Sulcus front middle,2.51
Considering_What_Paris_2024_Paralympic_Games,170,85.0,138,1,L Gyrus temporal inf,2.44
Considering_What_Paris_2024_Paralympic_Games,170,85.0,138,2,R Gyrus temporal inf,2.37
Considering_What_Paris_2024_Paralympic_Games,170,85.0,138,3,R Lat Fis-ant-Vertical,2.37
Considering_What_Paris_2024_Paralympic_Games,170,85.0,138,4,R Sulcus pericallosal,2.37
Considering_What_Paris_2024_Paralympic_Games,170,85.0,138,5,R Sulcus circular insula inf,2.35
Considering_What_Paris_2024_Paralympic_Games,170,85.0,138,6,R Sulcus front inf,2.33
Considering_What_Paris_2024_Paralympic_Games,170,85.0,138,7,L Gyrus and Sulcus transv frontopol,2.32
Considering_What_Paris_2024_Paralympic_Games,170,85.0,138,8,R Gyrus parietal sup,2.31
Considering_What_Paris_2024_Paralympic_Games,171,85.5,139,1,R Gyrus temporal inf,2.26
Considering_What_Paris_2024_Paralympic_Games,171,85.5,139,2,R Lat Fis-ant-Vertical,2.23
Considering_What_Paris_2024_Paralympic_Games,171,85.5,139,3,R Lat Fis-ant-Horizont,2.17
Considering_What_Paris_2024_Paralympic_Games,171,85.5,139,4,R Gyrus front inf-Opercular,2.15
Considering_What_Paris_2024_Paralympic_Games,171,85.5,139,5,R Gyrus orbital,2.13
Considering_What_Paris_2024_Paralympic_Games,171,85.5,139,6,R Gyrus pariet inf-Supramar,2.13
Considering_What_Paris_2024_Paralympic_Games,171,85.5,139,7,R Sulcus pericallosal,2.12
Considering_What_Paris_2024_Paralympic_Games,171,85.5,139,8,L Gyrus temporal inf,2.12
Considering_What_Paris_2024_Paralympic_Games,172,86.0,139,1,R Gyrus temporal inf,2.26
Considering_What_Paris_2024_Paralympic_Games,172,86.0,139,2,R Lat Fis-ant-Vertical,2.23
Considering_What_Paris_2024_Paralympic_Games,172,86.0,139,3,R Lat Fis-ant-Horizont,2.17
Considering_What_Paris_2024_Paralympic_Games,172,86.0,139,4,R Gyrus front inf-Opercular,2.15
Considering_What_Paris_2024_Paralympic_Games,172,86.0,139,5,R Gyrus orbital,2.13
Considering_What_Paris_2024_Paralympic_Games,172,86.0,139,6,R Gyrus pariet inf-Supramar,2.13
Considering_What_Paris_2024_Paralympic_Games,172,86.0,139,7,R Sulcus pericallosal,2.12
Considering_What_Paris_2024_Paralympic_Games,172,86.0,139,8,L Gyrus temporal inf,2.12
Considering_What_Paris_2024_Paralympic_Games,173,86.5,140,1,R Gyrus orbital,2.13
Considering_What_Paris_2024_Paralympic_Games,173,86.5,140,2,R Gyrus temporal inf,2.1
Considering_What_Paris_2024_Paralympic_Games,173,86.5,140,3,L Gyrus and Sulcus subcentral,2.05
Considering_What_Paris_2024_Paralympic_Games,173,86.5,140,4,L Gyrus temporal inf,2.05
Considering_What_Paris_2024_Paralympic_Games,173,86.5,140,5,R Lat Fis-ant-Horizont,2.01
Considering_What_Paris_2024_Paralympic_Games,173,86.5,140,6,R Sulcus pericallosal,2.01
Considering_What_Paris_2024_Paralympic_Games,173,86.5,140,7,R Gyrus front inf-Opercular,2.01
Considering_What_Paris_2024_Paralympic_Games,173,86.5,140,8,L Sulcus pericallosal,1.99
Considering_What_Paris_2024_Paralympic_Games,174,87.0,141,1,R Gyrus orbital,2.15
Considering_What_Paris_2024_Paralympic_Games,174,87.0,141,2,L Gyrus and Sulcus subcentral,2.01
Considering_What_Paris_2024_Paralympic_Games,174,87.0,141,3,L Gyrus rectus,1.93
Considering_What_Paris_2024_Paralympic_Games,174,87.0,141,4,R Sulcus pericallosal,1.92
Considering_What_Paris_2024_Paralympic_Games,174,87.0,141,5,R Gyrus temporal inf,1.88
Considering_What_Paris_2024_Paralympic_Games,174,87.0,141,6,L Sulcus pericallosal,1.87
Considering_What_Paris_2024_Paralympic_Games,175,87.5,142,1,R Gyrus orbital,2.19
Considering_What_Paris_2024_Paralympic_Games,175,87.5,142,2,L Gyrus rectus,2.18
Considering_What_Paris_2024_Paralympic_Games,175,87.5,142,3,L Gyrus and Sulcus subcentral,2.06
Considering_What_Paris_2024_Paralympic_Games,176,88.0,143,1,R Gyrus orbital,2.2
Considering_What_Paris_2024_Paralympic_Games,176,88.0,143,2,L Gyrus rectus,2.16
Considering_What_Paris_2024_Paralympic_Games,177,88.5,143,1,R Gyrus orbital,2.2
Considering_What_Paris_2024_Paralympic_Games,177,88.5,143,2,L Gyrus rectus,2.16
Considering_What_Paris_2024_Paralympic_Games,178,89.0,144,1,L Gyrus rectus,2.0
Considering_What_Paris_2024_Paralympic_Games,178,89.0,144,2,R Gyrus orbital,1.96
Considering_What_Paris_2024_Paralympic_Games,179,89.5,145,1,L Gyrus rectus,2.03
Considering_What_Paris_2024_Paralympic_Games,180,90.0,146,1,L Gyrus rectus,2.04
Considering_What_Paris_2024_Paralympic_Games,181,90.5,147,1,R Sulcus collat transv ant,2.13
Considering_What_Paris_2024_Paralympic_Games,181,90.5,147,2,L Gyrus rectus,2.08
Considering_What_Paris_2024_Paralympic_Games,182,91.0,147,1,R Sulcus collat transv ant,2.13
Considering_What_Paris_2024_Paralympic_Games,182,91.0,147,2,L Gyrus rectus,2.08
Considering_What_Paris_2024_Paralympic_Games,183,91.5,148,1,L Gyrus rectus,2.18
Considering_What_Paris_2024_Paralympic_Games,183,91.5,148,2,R Gyrus orbital,1.93
Considering_What_Paris_2024_Paralympic_Games,183,91.5,148,3,R Sulcus collat transv ant,1.9
Considering_What_Paris_2024_Paralympic_Games,184,92.0,149,1,L Gyrus rectus,2.14
Considering_What_Paris_2024_Paralympic_Games,184,92.0,149,2,R Gyrus orbital,1.91
Considering_What_Paris_2024_Paralympic_Games,185,92.5,150,1,R Gyrus orbital,2.03
Considering_What_Paris_2024_Paralympic_Games,185,92.5,150,2,L Gyrus rectus,2.01
Considering_What_Paris_2024_Paralympic_Games,186,93.0,151,1,R Gyrus orbital,2.1
Considering_What_Paris_2024_Paralympic_Games,186,93.0,151,2,L Gyrus rectus,2.07
Considering_What_Paris_2024_Paralympic_Games,187,93.5,152,1,L Gyrus rectus,2.03
Considering_What_Paris_2024_Paralympic_Games,187,93.5,152,2,R Gyrus orbital,1.99
Considering_What_Paris_2024_Paralympic_Games,188,94.0,152,1,L Gyrus rectus,2.03
Considering_What_Paris_2024_Paralympic_Games,188,94.0,152,2,R Gyrus orbital,1.99
Considering_What_Paris_2024_Paralympic_Games,189,94.5,153,1,L Gyrus rectus,2.11
Considering_What_Paris_2024_Paralympic_Games,190,95.0,154,1,L Gyrus rectus,2.24
Considering_What_Paris_2024_Paralympic_Games,190,95.0,154,2,R Gyrus orbital,1.93
Considering_What_Paris_2024_Paralympic_Games,190,95.0,154,3,L Gyrus and Sulcus frontomargin,1.91
Considering_What_Paris_2024_Paralympic_Games,190,95.0,154,4,L Sulcus orbital med-olfact,1.9
Considering_What_Paris_2024_Paralympic_Games,191,95.5,155,1,L Gyrus rectus,2.11
Considering_What_Paris_2024_Paralympic_Games,191,95.5,155,2,L Gyrus and Sulcus frontomargin,1.94
Considering_What_Paris_2024_Paralympic_Games,191,95.5,155,3,L Sulcus suborbital,1.89
Considering_What_Paris_2024_Paralympic_Games,192,96.0,156,1,L Gyrus rectus,1.91
Considering_What_Paris_2024_Paralympic_Games,193,96.5,156,1,L Gyrus rectus,1.91
Considering_What_Paris_2024_Paralympic_Games,194,97.0,157,1,L Gyrus temporal inf,2.06
Considering_What_Paris_2024_Paralympic_Games,195,97.5,158,1,L Gyrus temporal inf,2.36
Considering_What_Paris_2024_Paralympic_Games,196,98.0,159,1,L Gyrus temporal inf,2.4
Considering_What_Paris_2024_Paralympic_Games,197,98.5,160,1,L Gyrus temporal inf,2.33
Considering_What_Paris_2024_Paralympic_Games,198,99.0,160,1,L Gyrus temporal inf,2.33
Considering_What_Paris_2024_Paralympic_Games,199,99.5,161,1,L Gyrus temporal inf,2.23
Considering_What_Paris_2024_Paralympic_Games,200,100.0,162,1,L Gyrus temporal inf,1.99
Considering_What_Paris_2024_Paralympic_Games,205,102.5,166,1,L Sulcus central,2.01
Considering_What_Paris_2024_Paralympic_Games,205,102.5,166,2,L Gyrus postcentral,2.01
Considering_What_Paris_2024_Paralympic_Games,205,102.5,166,3,L Gyrus precentral,1.9
Considering_What_Paris_2024_Paralympic_Games,206,103.0,167,1,L Sulcus central,2.16
Considering_What_Paris_2024_Paralympic_Games,206,103.0,167,2,L Gyrus precentral,2.15
Considering_What_Paris_2024_Paralympic_Games,206,103.0,167,3,L Gyrus postcentral,2.14
Considering_What_Paris_2024_Paralympic_Games,206,103.0,167,4,L Gyrus orbital,2.13
Considering_What_Paris_2024_Paralympic_Games,206,103.0,167,5,R Gyrus orbital,2.13
Considering_What_Paris_2024_Paralympic_Games,206,103.0,167,6,R Sulcus orbital med-olfact,2.13
Considering_What_Paris_2024_Paralympic_Games,206,103.0,167,7,L Gyrus and Sulcus subcentral,2.0
Considering_What_Paris_2024_Paralympic_Games,206,103.0,167,8,R Gyrus temporal inf,1.98
Considering_What_Paris_2024_Paralympic_Games,207,103.5,168,1,R Gyrus orbital,2.4
Considering_What_Paris_2024_Paralympic_Games,207,103.5,168,2,R Sulcus orbital med-olfact,2.23
Considering_What_Paris_2024_Paralympic_Games,207,103.5,168,3,L Gyrus precentral,2.19
Considering_What_Paris_2024_Paralympic_Games,207,103.5,168,4,L Gyrus postcentral,2.17
Considering_What_Paris_2024_Paralympic_Games,207,103.5,168,5,L Gyrus orbital,2.16
Considering_What_Paris_2024_Paralympic_Games,207,103.5,168,6,L Sulcus central,2.06
Considering_What_Paris_2024_Paralympic_Games,207,103.5,168,7,L Gyrus and Sulcus subcentral,2.06
Considering_What_Paris_2024_Paralympic_Games,207,103.5,168,8,R Gyrus and Sulcus cingul-Ant,2.02
Considering_What_Paris_2024_Paralympic_Games,208,104.0,169,1,R Gyrus orbital,2.25
Considering_What_Paris_2024_Paralympic_Games,208,104.0,169,2,R Sulcus orbital med-olfact,2.23
Considering_What_Paris_2024_Paralympic_Games,208,104.0,169,3,L Sulcus central,2.14
Considering_What_Paris_2024_Paralympic_Games,208,104.0,169,4,L Gyrus orbital,2.08
Considering_What_Paris_2024_Paralympic_Games,208,104.0,169,5,R Gyrus temporal inf,2.02
Considering_What_Paris_2024_Paralympic_Games,208,104.0,169,6,L Gyrus precentral,1.99
Considering_What_Paris_2024_Paralympic_Games,208,104.0,169,7,L Sulcus temporal inf,1.98
Considering_What_Paris_2024_Paralympic_Games,208,104.0,169,8,L Gyrus front middle,1.97
Considering_What_Paris_2024_Paralympic_Games,209,104.5,169,1,R Gyrus orbital,2.25
Considering_What_Paris_2024_Paralympic_Games,209,104.5,169,2,R Sulcus orbital med-olfact,2.23
Considering_What_Paris_2024_Paralympic_Games,209,104.5,169,3,L Sulcus central,2.14
Considering_What_Paris_2024_Paralympic_Games,209,104.5,169,4,L Gyrus orbital,2.08
Considering_What_Paris_2024_Paralympic_Games,209,104.5,169,5,R Gyrus temporal inf,2.02
Considering_What_Paris_2024_Paralympic_Games,209,104.5,169,6,L Gyrus precentral,1.99
Considering_What_Paris_2024_Paralympic_Games,209,104.5,169,7,L Sulcus temporal inf,1.98
Considering_What_Paris_2024_Paralympic_Games,209,104.5,169,8,L Gyrus front middle,1.97
Considering_What_Paris_2024_Paralympic_Games,210,105.0,170,1,R Gyrus orbital,2.46
Considering_What_Paris_2024_Paralympic_Games,210,105.0,170,2,R Sulcus orbital med-olfact,2.29
Considering_What_Paris_2024_Paralympic_Games,210,105.0,170,3,L Gyrus temporal middle,2.19
Considering_What_Paris_2024_Paralympic_Games,210,105.0,170,4,R Gyrus and Sulcus cingul-Mid-Ant,2.05
Considering_What_Paris_2024_Paralympic_Games,210,105.0,170,5,R Gyrus temporal inf,2.04
Considering_What_Paris_2024_Paralympic_Games,210,105.0,170,6,L Gyrus orbital,2.01
Considering_What_Paris_2024_Paralympic_Games,210,105.0,170,7,L Gyrus front middle,1.97
Considering_What_Paris_2024_Paralympic_Games,210,105.0,170,8,L Sulcus temporal inf,1.96
Considering_What_Paris_2024_Paralympic_Games,211,105.5,171,1,R Gyrus orbital,2.19
Considering_What_Paris_2024_Paralympic_Games,211,105.5,171,2,L Gyrus orbital,2.16
Considering_What_Paris_2024_Paralympic_Games,211,105.5,171,3,R Gyrus and Sulcus cingul-Mid-Ant,2.11
Considering_What_Paris_2024_Paralympic_Games,211,105.5,171,4,R Sulcus orbital med-olfact,2.1
Considering_What_Paris_2024_Paralympic_Games,211,105.5,171,5,R Sulcus orbital-H Shaped,2.08
Considering_What_Paris_2024_Paralympic_Games,211,105.5,171,6,L Gyrus temporal middle,2.07
Considering_What_Paris_2024_Paralympic_Games,211,105.5,171,7,L Gyrus oc-temp med-Parahip,2.02
Considering_What_Paris_2024_Paralympic_Games,211,105.5,171,8,R Gyrus temporal inf,1.99
Considering_What_Paris_2024_Paralympic_Games,212,106.0,172,1,R Gyrus orbital,2.22
Considering_What_Paris_2024_Paralympic_Games,212,106.0,172,2,R Sulcus orbital med-olfact,2.15
Considering_What_Paris_2024_Paralympic_Games,212,106.0,172,3,R Sulcus orbital-H Shaped,2.13
Considering_What_Paris_2024_Paralympic_Games,212,106.0,172,4,R Gyrus and Sulcus cingul-Mid-Ant,2.11
Considering_What_Paris_2024_Paralympic_Games,212,106.0,172,5,L Gyrus temporal middle,2.04
Considering_What_Paris_2024_Paralympic_Games,212,106.0,172,6,L Gyrus orbital,2.02
Considering_What_Paris_2024_Paralympic_Games,212,106.0,172,7,L Gyrus temporal inf,2.01
Considering_What_Paris_2024_Paralympic_Games,212,106.0,172,8,R Gyrus oc-temp med-Parahip,2.0
Considering_What_Paris_2024_Paralympic_Games,213,106.5,173,1,R Gyrus orbital,2.17
Considering_What_Paris_2024_Paralympic_Games,213,106.5,173,2,R Sulcus orbital-H Shaped,2.08
Considering_What_Paris_2024_Paralympic_Games,213,106.5,173,3,R Gyrus oc-temp med-Parahip,2.01
Considering_What_Paris_2024_Paralympic_Games,213,106.5,173,4,R Sulcus orbital med-olfact,1.96
Considering_What_Paris_2024_Paralympic_Games,213,106.5,173,5,R Gyrus and Sulcus cingul-Ant,1.91
Considering_What_Paris_2024_Paralympic_Games,213,106.5,173,6,R Gyrus temporal inf,1.9
Considering_What_Paris_2024_Paralympic_Games,213,106.5,173,7,L Gyrus temporal inf,1.89
Considering_What_Paris_2024_Paralympic_Games,214,107.0,173,1,R Gyrus orbital,2.17
Considering_What_Paris_2024_Paralympic_Games,214,107.0,173,2,R Sulcus orbital-H Shaped,2.08
Considering_What_Paris_2024_Paralympic_Games,214,107.0,173,3,R Gyrus oc-temp med-Parahip,2.01
Considering_What_Paris_2024_Paralympic_Games,214,107.0,173,4,R Sulcus orbital med-olfact,1.96
Considering_What_Paris_2024_Paralympic_Games,214,107.0,173,5,R Gyrus and Sulcus cingul-Ant,1.91
Considering_What_Paris_2024_Paralympic_Games,214,107.0,173,6,R Gyrus temporal inf,1.9
Considering_What_Paris_2024_Paralympic_Games,214,107.0,173,7,L Gyrus temporal inf,1.89
Considering_What_Paris_2024_Paralympic_Games,215,107.5,174,1,R Gyrus oc-temp med-Parahip,2.33
Considering_What_Paris_2024_Paralympic_Games,215,107.5,174,2,R Gyrus orbital,2.29
Considering_What_Paris_2024_Paralympic_Games,215,107.5,174,3,R Sulcus orbital-H Shaped,2.04
Considering_What_Paris_2024_Paralympic_Games,215,107.5,174,4,R Sulcus orbital med-olfact,2.03
Considering_What_Paris_2024_Paralympic_Games,215,107.5,174,5,L Sulcus orbital-H Shaped,2.01
Considering_What_Paris_2024_Paralympic_Games,215,107.5,174,6,R Gyrus and Sulcus cingul-Ant,1.99
Considering_What_Paris_2024_Paralympic_Games,215,107.5,174,7,L Gyrus oc-temp med-Parahip,1.93
Considering_What_Paris_2024_Paralympic_Games,215,107.5,174,8,L Gyrus front middle,1.88
Considering_What_Paris_2024_Paralympic_Games,216,108.0,175,1,R Gyrus oc-temp med-Parahip,2.55
Considering_What_Paris_2024_Paralympic_Games,216,108.0,175,2,R Gyrus orbital,2.19
Considering_What_Paris_2024_Paralympic_Games,216,108.0,175,3,L Sulcus orbital-H Shaped,2.18
Considering_What_Paris_2024_Paralympic_Games,216,108.0,175,4,R Sulcus orbital-H Shaped,2.13
Considering_What_Paris_2024_Paralympic_Games,216,108.0,175,5,R Gyrus and Sulcus cingul-Ant,2.06
Considering_What_Paris_2024_Paralympic_Games,216,108.0,175,6,R Sulcus orbital med-olfact,2.04
Considering_What_Paris_2024_Paralympic_Games,216,108.0,175,7,L Gyrus and Sulcus cingul-Ant,1.91
Considering_What_Paris_2024_Paralympic_Games,216,108.0,175,8,L Gyrus oc-temp med-Parahip,1.87
Considering_What_Paris_2024_Paralympic_Games,217,108.5,176,1,R Gyrus oc-temp med-Parahip,2.23
Considering_What_Paris_2024_Paralympic_Games,217,108.5,176,2,L Sulcus orbital-H Shaped,2.11
Considering_What_Paris_2024_Paralympic_Games,217,108.5,176,3,R Gyrus orbital,2.03
Considering_What_Paris_2024_Paralympic_Games,217,108.5,176,4,R Sulcus orbital-H Shaped,1.98
Considering_What_Paris_2024_Paralympic_Games,217,108.5,176,5,R Gyrus and Sulcus cingul-Ant,1.94
Considering_What_Paris_2024_Paralympic_Games,217,108.5,176,6,L Gyrus and Sulcus cingul-Ant,1.93
Considering_What_Paris_2024_Paralympic_Games,217,108.5,176,7,R Gyrus temporal inf,1.91
Considering_What_Paris_2024_Paralympic_Games,218,109.0,177,1,R Gyrus oc-temp med-Parahip,2.15
Considering_What_Paris_2024_Paralympic_Games,218,109.0,177,2,R Gyrus temporal inf,2.03
Considering_What_Paris_2024_Paralympic_Games,218,109.0,177,3,L Sulcus orbital-H Shaped,2.02
Considering_What_Paris_2024_Paralympic_Games,218,109.0,177,4,L Gyrus orbital,1.97
Considering_What_Paris_2024_Paralympic_Games,218,109.0,177,5,R Gyrus and Sulcus cingul-Ant,1.96
Considering_What_Paris_2024_Paralympic_Games,218,109.0,177,6,R Gyrus orbital,1.92
Considering_What_Paris_2024_Paralympic_Games,219,109.5,177,1,R Gyrus oc-temp med-Parahip,2.15
Considering_What_Paris_2024_Paralympic_Games,219,109.5,177,2,R Gyrus temporal inf,2.03
Considering_What_Paris_2024_Paralympic_Games,219,109.5,177,3,L Sulcus orbital-H Shaped,2.02
Considering_What_Paris_2024_Paralympic_Games,219,109.5,177,4,L Gyrus orbital,1.97
Considering_What_Paris_2024_Paralympic_Games,219,109.5,177,5,R Gyrus and Sulcus cingul-Ant,1.96
Considering_What_Paris_2024_Paralympic_Games,219,109.5,177,6,R Gyrus orbital,1.92
Considering_What_Paris_2024_Paralympic_Games,220,110.0,178,1,R Gyrus temporal inf,2.11
Considering_What_Paris_2024_Paralympic_Games,220,110.0,178,2,R Gyrus orbital,2.06
Considering_What_Paris_2024_Paralympic_Games,220,110.0,178,3,R Gyrus oc-temp med-Parahip,2.04
Considering_What_Paris_2024_Paralympic_Games,220,110.0,178,4,L Gyrus orbital,2.02
Considering_What_Paris_2024_Paralympic_Games,220,110.0,178,5,L Sulcus orbital med-olfact,1.93
Considering_What_Paris_2024_Paralympic_Games,220,110.0,178,6,L Sulcus orbital-H Shaped,1.91
Considering_What_Paris_2024_Paralympic_Games,221,110.5,179,1,R Gyrus temporal inf,2.07
Considering_What_Paris_2024_Paralympic_Games,221,110.5,179,2,R Gyrus orbital,2.06
Considering_What_Paris_2024_Paralympic_Games,221,110.5,179,3,R Gyrus oc-temp med-Parahip,2.03
Considering_What_Paris_2024_Paralympic_Games,221,110.5,179,4,L Gyrus orbital,1.97
Considering_What_Paris_2024_Paralympic_Games,221,110.5,179,5,L Sulcus orbital med-olfact,1.89
Considering_What_Paris_2024_Paralympic_Games,222,111.0,180,1,R Gyrus orbital,1.99
Considering_What_Paris_2024_Paralympic_Games,222,111.0,180,2,R Gyrus temporal inf,1.93
Considering_What_Paris_2024_Paralympic_Games,223,111.5,181,1,R Gyrus orbital,2.09
Considering_What_Paris_2024_Paralympic_Games,223,111.5,181,2,L Gyrus orbital,1.95
Considering_What_Paris_2024_Paralympic_Games,224,112.0,182,1,R Gyrus orbital,2.13
Considering_What_Paris_2024_Paralympic_Games,224,112.0,182,2,L Gyrus orbital,1.9
Considering_What_Paris_2024_Paralympic_Games,225,112.5,182,1,R Gyrus orbital,2.13
Considering_What_Paris_2024_Paralympic_Games,225,112.5,182,2,L Gyrus orbital,1.9
Considering_What_Paris_2024_Paralympic_Games,226,113.0,183,1,R Gyrus orbital,2.02
Considering_What_Paris_2024_Paralympic_Games,226,113.0,183,2,R Gyrus oc-temp med-Parahip,1.9
Considering_What_Paris_2024_Paralympic_Games,227,113.5,184,1,R Gyrus oc-temp med-Parahip,1.88
Considering_What_Paris_2024_Paralympic_Games,228,114.0,185,1,R Gyrus oc-temp med-Parahip,1.94
Considering_What_Paris_2024_Paralympic_Games,228,114.0,185,2,L Sulcus orbital med-olfact,1.87
Considering_What_Paris_2024_Paralympic_Games,229,114.5,186,1,R Gyrus and Sulcus cingul-Ant,2.11
Considering_What_Paris_2024_Paralympic_Games,229,114.5,186,2,R Gyrus oc-temp med-Parahip,2.05
Considering_What_Paris_2024_Paralympic_Games,229,114.5,186,3,L Sulcus orbital med-olfact,2.02
Considering_What_Paris_2024_Paralympic_Games,229,114.5,186,4,R Sulcus orbital med-olfact,2.01
Considering_What_Paris_2024_Paralympic_Games,229,114.5,186,5,L Gyrus oc-temp med-Parahip,1.97
Considering_What_Paris_2024_Paralympic_Games,229,114.5,186,6,R Gyrus orbital,1.94
Considering_What_Paris_2024_Paralympic_Games,230,115.0,186,1,R Gyrus and Sulcus cingul-Ant,2.11
Considering_What_Paris_2024_Paralympic_Games,230,115.0,186,2,R Gyrus oc-temp med-Parahip,2.05
Considering_What_Paris_2024_Paralympic_Games,230,115.0,186,3,L Sulcus orbital med-olfact,2.02
Considering_What_Paris_2024_Paralympic_Games,230,115.0,186,4,R Sulcus orbital med-olfact,2.01
Considering_What_Paris_2024_Paralympic_Games,230,115.0,186,5,L Gyrus oc-temp med-Parahip,1.97
Considering_What_Paris_2024_Paralympic_Games,230,115.0,186,6,R Gyrus orbital,1.94
Considering_What_Paris_2024_Paralympic_Games,231,115.5,187,1,L Sulcus orbital med-olfact,2.09
Considering_What_Paris_2024_Paralympic_Games,231,115.5,187,2,R Gyrus and Sulcus cingul-Ant,2.07
Considering_What_Paris_2024_Paralympic_Games,231,115.5,187,3,L Gyrus oc-temp med-Parahip,2.04
Considering_What_Paris_2024_Paralympic_Games,231,115.5,187,4,R Gyrus orbital,2.0
Considering_What_Paris_2024_Paralympic_Games,231,115.5,187,5,R Gyrus subcallosal,1.99
Considering_What_Paris_2024_Paralympic_Games,231,115.5,187,6,R Gyrus rectus,1.99
Considering_What_Paris_2024_Paralympic_Games,231,115.5,187,7,R Gyrus oc-temp med-Parahip,1.98
Considering_What_Paris_2024_Paralympic_Games,231,115.5,187,8,R Sulcus orbital med-olfact,1.95
Considering_What_Paris_2024_Paralympic_Games,232,116.0,188,1,L Gyrus oc-temp med-Parahip,2.39
Considering_What_Paris_2024_Paralympic_Games,232,116.0,188,2,R Gyrus subcallosal,2.06
Considering_What_Paris_2024_Paralympic_Games,232,116.0,188,3,R Gyrus and Sulcus cingul-Ant,2.06
Considering_What_Paris_2024_Paralympic_Games,232,116.0,188,4,R Gyrus rectus,2.02
Considering_What_Paris_2024_Paralympic_Games,232,116.0,188,5,L Sulcus orbital med-olfact,1.99
Considering_What_Paris_2024_Paralympic_Games,232,116.0,188,6,R Gyrus oc-temp med-Parahip,1.92
Considering_What_Paris_2024_Paralympic_Games,233,116.5,189,1,L Gyrus oc-temp med-Parahip,2.19
Considering_What_Paris_2024_Paralympic_Games,233,116.5,189,2,R Gyrus and Sulcus cingul-Ant,2.03
Considering_What_Paris_2024_Paralympic_Games,233,116.5,189,3,R Gyrus subcallosal,1.93
Considering_What_Paris_2024_Paralympic_Games,233,116.5,189,4,R Gyrus oc-temp med-Parahip,1.9
Considering_What_Paris_2024_Paralympic_Games,233,116.5,189,5,R Gyrus rectus,1.89
Considering_What_Paris_2024_Paralympic_Games,233,116.5,189,6,L Sulcus orbital med-olfact,1.88
Considering_What_Paris_2024_Paralympic_Games,234,117.0,190,1,L Gyrus oc-temp med-Parahip,2.37
Considering_What_Paris_2024_Paralympic_Games,234,117.0,190,2,R Gyrus and Sulcus cingul-Ant,2.05
Considering_What_Paris_2024_Paralympic_Games,234,117.0,190,3,R Gyrus oc-temp med-Parahip,2.02
Considering_What_Paris_2024_Paralympic_Games,234,117.0,190,4,R Gyrus subcallosal,1.99
Considering_What_Paris_2024_Paralympic_Games,234,117.0,190,5,L Sulcus orbital med-olfact,1.95
Considering_What_Paris_2024_Paralympic_Games,234,117.0,190,6,R Gyrus rectus,1.94
Considering_What_Paris_2024_Paralympic_Games,235,117.5,190,1,L Gyrus oc-temp med-Parahip,2.37
Considering_What_Paris_2024_Paralympic_Games,235,117.5,190,2,R Gyrus and Sulcus cingul-Ant,2.05
Considering_What_Paris_2024_Paralympic_Games,235,117.5,190,3,R Gyrus oc-temp med-Parahip,2.02
Considering_What_Paris_2024_Paralympic_Games,235,117.5,190,4,R Gyrus subcallosal,1.99
Considering_What_Paris_2024_Paralympic_Games,235,117.5,190,5,L Sulcus orbital med-olfact,1.95
Considering_What_Paris_2024_Paralympic_Games,235,117.5,190,6,R Gyrus rectus,1.94
Considering_What_Paris_2024_Paralympic_Games,236,118.0,191,1,L Gyrus oc-temp med-Parahip,2.28
Considering_What_Paris_2024_Paralympic_Games,236,118.0,191,2,R Gyrus oc-temp med-Parahip,2.11
Considering_What_Paris_2024_Paralympic_Games,236,118.0,191,3,R Gyrus and Sulcus cingul-Ant,2.09
Considering_What_Paris_2024_Paralympic_Games,236,118.0,191,4,R Gyrus temporal middle,1.97
Considering_What_Paris_2024_Paralympic_Games,236,118.0,191,5,R Gyrus orbital,1.94
Considering_What_Paris_2024_Paralympic_Games,237,118.5,192,1,R Gyrus oc-temp med-Parahip,2.26
Considering_What_Paris_2024_Paralympic_Games,237,118.5,192,2,L Gyrus oc-temp med-Parahip,2.2
Considering_What_Paris_2024_Paralympic_Games,237,118.5,192,3,R Gyrus orbital,2.03
Considering_What_Paris_2024_Paralympic_Games,237,118.5,192,4,R Gyrus and Sulcus cingul-Ant,1.98
Considering_What_Paris_2024_Paralympic_Games,237,118.5,192,5,R Gyrus precuneus,1.93
Considering_What_Paris_2024_Paralympic_Games,237,118.5,192,6,R Gyrus temporal middle,1.9
Considering_What_Paris_2024_Paralympic_Games,237,118.5,192,7,L Sulcus orbital med-olfact,1.89
Considering_What_Paris_2024_Paralympic_Games,238,119.0,193,1,L Gyrus oc-temp med-Parahip,2.32
Considering_What_Paris_2024_Paralympic_Games,238,119.0,193,2,R Gyrus oc-temp med-Parahip,2.2
Considering_What_Paris_2024_Paralympic_Games,238,119.0,193,3,R Gyrus orbital,2.09
Considering_What_Paris_2024_Paralympic_Games,238,119.0,193,4,R Gyrus precuneus,1.93
Considering_What_Paris_2024_Paralympic_Games,238,119.0,193,5,L Sulcus front sup,1.91
Considering_What_Paris_2024_Paralympic_Games,239,119.5,194,1,L Gyrus oc-temp med-Parahip,2.68
Considering_What_Paris_2024_Paralympic_Games,239,119.5,194,2,R Gyrus oc-temp med-Parahip,2.1
Considering_What_Paris_2024_Paralympic_Games,239,119.5,194,3,R Gyrus precuneus,2.05
Considering_What_Paris_2024_Paralympic_Games,239,119.5,194,4,R Gyrus orbital,2.05
Considering_What_Paris_2024_Paralympic_Games,239,119.5,194,5,L Sulcus orbital med-olfact,1.99
Considering_What_Paris_2024_Paralympic_Games,239,119.5,194,6,L Gyrus orbital,1.96
Considering_What_Paris_2024_Paralympic_Games,239,119.5,194,7,R Sulcus orbital med-olfact,1.9
Considering_What_Paris_2024_Paralympic_Games,240,120.0,194,1,L Gyrus oc-temp med-Parahip,2.68
Considering_What_Paris_2024_Paralympic_Games,240,120.0,194,2,R Gyrus oc-temp med-Parahip,2.1
Considering_What_Paris_2024_Paralympic_Games,240,120.0,194,3,R Gyrus precuneus,2.05
Considering_What_Paris_2024_Paralympic_Games,240,120.0,194,4,R Gyrus orbital,2.05
Considering_What_Paris_2024_Paralympic_Games,240,120.0,194,5,L Sulcus orbital med-olfact,1.99
Considering_What_Paris_2024_Paralympic_Games,240,120.0,194,6,L Gyrus orbital,1.96
Considering_What_Paris_2024_Paralympic_Games,240,120.0,194,7,R Sulcus orbital med-olfact,1.9
Considering_What_Paris_2024_Paralympic_Games,241,120.5,195,1,L Gyrus oc-temp med-Parahip,2.29
Considering_What_Paris_2024_Paralympic_Games,241,120.5,195,2,R Gyrus oc-temp med-Parahip,2.03
Considering_What_Paris_2024_Paralympic_Games,241,120.5,195,3,L Gyrus orbital,2.02
Considering_What_Paris_2024_Paralympic_Games,241,120.5,195,4,R Gyrus and Sulcus frontomargin,2.0
Considering_What_Paris_2024_Paralympic_Games,241,120.5,195,5,R Gyrus precuneus,1.99
Considering_What_Paris_2024_Paralympic_Games,241,120.5,195,6,L Sulcus orbital med-olfact,1.91
Considering_What_Paris_2024_Paralympic_Games,242,121.0,196,1,L Gyrus oc-temp med-Parahip,2.27
Considering_What_Paris_2024_Paralympic_Games,242,121.0,196,2,R Gyrus and Sulcus frontomargin,2.12
Considering_What_Paris_2024_Paralympic_Games,242,121.0,196,3,L Sulcus orbital med-olfact,2.06
Considering_What_Paris_2024_Paralympic_Games,242,121.0,196,4,R Gyrus oc-temp med-Parahip,1.98
Considering_What_Paris_2024_Paralympic_Games,242,121.0,196,5,L Gyrus orbital,1.96
Considering_What_Paris_2024_Paralympic_Games,243,121.5,197,1,L Gyrus oc-temp med-Parahip,2.14
Considering_What_Paris_2024_Paralympic_Games,243,121.5,197,2,R Gyrus and Sulcus frontomargin,2.03
Considering_What_Paris_2024_Paralympic_Games,248,124.0,201,1,R Gyrus temporal inf,2.08
Considering_What_Paris_2024_Paralympic_Games,249,124.5,202,1,R Gyrus temporal inf,2.31
Considering_What_Paris_2024_Paralympic_Games,249,124.5,202,2,R Gyrus rectus,2.12
Considering_What_Paris_2024_Paralympic_Games,249,124.5,202,3,R Sulcus orbital-H Shaped,1.92
Considering_What_Paris_2024_Paralympic_Games,249,124.5,202,4,L Gyrus and Sulcus cingul-Mid-Ant,1.9
Considering_What_Paris_2024_Paralympic_Games,250,125.0,203,1,R Gyrus rectus,2.17
Considering_What_Paris_2024_Paralympic_Games,250,125.0,203,2,R Gyrus temporal inf,2.15
Considering_What_Paris_2024_Paralympic_Games,250,125.0,203,3,R Sulcus orbital med-olfact,1.92
Considering_What_Paris_2024_Paralympic_Games,250,125.0,203,4,L Gyrus and Sulcus cingul-Mid-Ant,1.88
Considering_What_Paris_2024_Paralympic_Games,251,125.5,203,1,R Gyrus rectus,2.17
Considering_What_Paris_2024_Paralympic_Games,251,125.5,203,2,R Gyrus temporal inf,2.15
Considering_What_Paris_2024_Paralympic_Games,251,125.5,203,3,R Sulcus orbital med-olfact,1.92
Considering_What_Paris_2024_Paralympic_Games,251,125.5,203,4,L Gyrus and Sulcus cingul-Mid-Ant,1.88
Considering_What_Paris_2024_Paralympic_Games,252,126.0,204,1,R Gyrus rectus,2.38
Considering_What_Paris_2024_Paralympic_Games,252,126.0,204,2,R Gyrus temporal inf,2.18
Considering_What_Paris_2024_Paralympic_Games,252,126.0,204,3,R Sulcus orbital med-olfact,2.0
Considering_What_Paris_2024_Paralympic_Games,252,126.0,204,4,L Gyrus and Sulcus cingul-Mid-Ant,1.89
Considering_What_Paris_2024_Paralympic_Games,252,126.0,204,5,L Gyrus rectus,1.88
Considering_What_Paris_2024_Paralympic_Games,253,126.5,205,1,R Gyrus rectus,2.52
Considering_What_Paris_2024_Paralympic_Games,253,126.5,205,2,L Gyrus rectus,2.33
Considering_What_Paris_2024_Paralympic_Games,253,126.5,205,3,R Gyrus temporal inf,2.19
Considering_What_Paris_2024_Paralympic_Games,253,126.5,205,4,R Sulcus orbital med-olfact,2.08
Considering_What_Paris_2024_Paralympic_Games,254,127.0,206,1,L Gyrus rectus,2.56
Considering_What_Paris_2024_Paralympic_Games,254,127.0,206,2,R Gyrus rectus,2.49
Considering_What_Paris_2024_Paralympic_Games,254,127.0,206,3,R Gyrus temporal inf,2.29
Considering_What_Paris_2024_Paralympic_Games,254,127.0,206,4,R Sulcus orbital med-olfact,2.19
Considering_What_Paris_2024_Paralympic_Games,255,127.5,207,1,L Gyrus rectus,2.93
Considering_What_Paris_2024_Paralympic_Games,255,127.5,207,2,R Gyrus rectus,2.48
Considering_What_Paris_2024_Paralympic_Games,255,127.5,207,3,R Gyrus temporal inf,2.37
Considering_What_Paris_2024_Paralympic_Games,255,127.5,207,4,R Sulcus orbital med-olfact,2.23
Considering_What_Paris_2024_Paralympic_Games,255,127.5,207,5,R Gyrus temporal middle,1.99
Considering_What_Paris_2024_Paralympic_Games,255,127.5,207,6,R Sulcus temporal inf,1.97
Considering_What_Paris_2024_Paralympic_Games,255,127.5,207,7,L Gyrus and Sulcus paracentral,1.88
Considering_What_Paris_2024_Paralympic_Games,256,128.0,207,1,L Gyrus rectus,2.93
Considering_What_Paris_2024_Paralympic_Games,256,128.0,207,2,R Gyrus rectus,2.48
Considering_What_Paris_2024_Paralympic_Games,256,128.0,207,3,R Gyrus temporal inf,2.37
Considering_What_Paris_2024_Paralympic_Games,256,128.0,207,4,R Sulcus orbital med-olfact,2.23
Considering_What_Paris_2024_Paralympic_Games,256,128.0,207,5,R Gyrus temporal middle,1.99
Considering_What_Paris_2024_Paralympic_Games,256,128.0,207,6,R Sulcus temporal inf,1.97
Considering_What_Paris_2024_Paralympic_Games,256,128.0,207,7,L Gyrus and Sulcus paracentral,1.88
Considering_What_Paris_2024_Paralympic_Games,257,128.5,208,1,R Gyrus rectus,2.57
Considering_What_Paris_2024_Paralympic_Games,257,128.5,208,2,R Gyrus temporal inf,2.37
Considering_What_Paris_2024_Paralympic_Games,257,128.5,208,3,L Gyrus rectus,2.3
Considering_What_Paris_2024_Paralympic_Games,257,128.5,208,4,R Sulcus orbital med-olfact,2.3
Considering_What_Paris_2024_Paralympic_Games,257,128.5,208,5,R Gyrus temporal middle,2.23
Considering_What_Paris_2024_Paralympic_Games,257,128.5,208,6,L Gyrus and Sulcus paracentral,2.03
Considering_What_Paris_2024_Paralympic_Games,257,128.5,208,7,R Gyrus cingul-Post-dorsal,2.02
Considering_What_Paris_2024_Paralympic_Games,257,128.5,208,8,L Gyrus and Sulcus cingul-Ant,2.0
Considering_What_Paris_2024_Paralympic_Games,258,129.0,209,1,R Sulcus orbital med-olfact,2.43
Considering_What_Paris_2024_Paralympic_Games,258,129.0,209,2,L Gyrus rectus,2.37
Considering_What_Paris_2024_Paralympic_Games,258,129.0,209,3,R Gyrus rectus,2.28
Considering_What_Paris_2024_Paralympic_Games,258,129.0,209,4,R Gyrus temporal middle,2.16
Considering_What_Paris_2024_Paralympic_Games,258,129.0,209,5,R Gyrus temporal inf,2.14
Considering_What_Paris_2024_Paralympic_Games,258,129.0,209,6,R Gyrus cingul-Post-dorsal,2.05
Considering_What_Paris_2024_Paralympic_Games,258,129.0,209,7,L Gyrus and Sulcus paracentral,2.04
Considering_What_Paris_2024_Paralympic_Games,258,129.0,209,8,L Gyrus and Sulcus cingul-Mid-Post,2.01
Considering_What_Paris_2024_Paralympic_Games,259,129.5,210,1,R Sulcus orbital med-olfact,2.2
Considering_What_Paris_2024_Paralympic_Games,259,129.5,210,2,L Gyrus rectus,2.2
Considering_What_Paris_2024_Paralympic_Games,259,129.5,210,3,L Gyrus and Sulcus paracentral,2.16
Considering_What_Paris_2024_Paralympic_Games,259,129.5,210,4,L Gyrus and Sulcus cingul-Mid-Post,2.15
Considering_What_Paris_2024_Paralympic_Games,259,129.5,210,5,R Gyrus and Sulcus cingul-Mid-Post,2.11
Considering_What_Paris_2024_Paralympic_Games,259,129.5,210,6,L Gyrus precentral,2.1
Considering_What_Paris_2024_Paralympic_Games,259,129.5,210,7,L Sulcus front sup,2.05
Considering_What_Paris_2024_Paralympic_Games,259,129.5,210,8,R Gyrus and Sulcus paracentral,2.05
Considering_What_Paris_2024_Paralympic_Games,260,130.0,211,1,L Gyrus and Sulcus cingul-Mid-Post,2.17
Considering_What_Paris_2024_Paralympic_Games,260,130.0,211,2,R Gyrus cingul-Post-dorsal,2.15
Considering_What_Paris_2024_Paralympic_Games,260,130.0,211,3,R Sulcus pericallosal,2.08
Considering_What_Paris_2024_Paralympic_Games,260,130.0,211,4,L Gyrus cingul-Post-dorsal,2.08
Considering_What_Paris_2024_Paralympic_Games,260,130.0,211,5,R Gyrus and Sulcus cingul-Ant,2.05
Considering_What_Paris_2024_Paralympic_Games,260,130.0,211,6,L Gyrus and Sulcus paracentral,2.04
Considering_What_Paris_2024_Paralympic_Games,260,130.0,211,7,R Gyrus and Sulcus paracentral,2.04
Considering_What_Paris_2024_Paralympic_Games,260,130.0,211,8,R Lat Fis-post,2.04
Considering_What_Paris_2024_Paralympic_Games,261,130.5,212,1,L Gyrus front sup,2.07
Considering_What_Paris_2024_Paralympic_Games,261,130.5,212,2,L Gyrus and Sulcus paracentral,2.06
Considering_What_Paris_2024_Paralympic_Games,261,130.5,212,3,L Sulcus pericallosal,2.04
Considering_What_Paris_2024_Paralympic_Games,261,130.5,212,4,R Gyrus and Sulcus cingul-Ant,2.02
Considering_What_Paris_2024_Paralympic_Games,261,130.5,212,5,R Gyrus and Sulcus cingul-Mid-Post,2.01
Considering_What_Paris_2024_Paralympic_Games,261,130.5,212,6,L Gyrus and Sulcus cingul-Mid-Post,2.01
Considering_What_Paris_2024_Paralympic_Games,261,130.5,212,7,R Sulcus pericallosal,2.0
Considering_What_Paris_2024_Paralympic_Games,261,130.5,212,8,L Gyrus and Sulcus cingul-Ant,2.0
Considering_What_Paris_2024_Paralympic_Games,262,131.0,212,1,L Gyrus front sup,2.07
Considering_What_Paris_2024_Paralympic_Games,262,131.0,212,2,L Gyrus and Sulcus paracentral,2.06
Considering_What_Paris_2024_Paralympic_Games,262,131.0,212,3,L Sulcus pericallosal,2.04
Considering_What_Paris_2024_Paralympic_Games,262,131.0,212,4,R Gyrus and Sulcus cingul-Ant,2.02
Considering_What_Paris_2024_Paralympic_Games,262,131.0,212,5,R Gyrus and Sulcus cingul-Mid-Post,2.01
Considering_What_Paris_2024_Paralympic_Games,262,131.0,212,6,L Gyrus and Sulcus cingul-Mid-Post,2.01
Considering_What_Paris_2024_Paralympic_Games,262,131.0,212,7,R Sulcus pericallosal,2.0
Considering_What_Paris_2024_Paralympic_Games,262,131.0,212,8,L Gyrus and Sulcus cingul-Ant,2.0
Considering_What_Paris_2024_Paralympic_Games,263,131.5,213,1,R Sulcus pericallosal,2.14
Considering_What_Paris_2024_Paralympic_Games,263,131.5,213,2,R Gyrus cingul-Post-dorsal,2.11
Considering_What_Paris_2024_Paralympic_Games,263,131.5,213,3,L Gyrus front sup,2.1
Considering_What_Paris_2024_Paralympic_Games,263,131.5,213,4,R Lat Fis-post,2.05
Considering_What_Paris_2024_Paralympic_Games,263,131.5,213,5,L Gyrus and Sulcus cingul-Mid-Post,2.01
Considering_What_Paris_2024_Paralympic_Games,263,131.5,213,6,R Gyrus and Sulcus subcentral,1.97
Considering_What_Paris_2024_Paralympic_Games,263,131.5,213,7,R Gyrus orbital,1.97
Considering_What_Paris_2024_Paralympic_Games,263,131.5,213,8,R Gyrus and Sulcus cingul-Mid-Post,1.96
Considering_What_Paris_2024_Paralympic_Games,264,132.0,214,1,R Lat Fis-ant-Horizont,2.06
Considering_What_Paris_2024_Paralympic_Games,264,132.0,214,2,R Sulcus pericallosal,2.05
Considering_What_Paris_2024_Paralympic_Games,264,132.0,214,3,R Gyrus orbital,2.04
Considering_What_Paris_2024_Paralympic_Games,264,132.0,214,4,L Gyrus orbital,2.02
Considering_What_Paris_2024_Paralympic_Games,264,132.0,214,5,R Gyrus front sup,2.01
Considering_What_Paris_2024_Paralympic_Games,264,132.0,214,6,L Gyrus and Sulcus cingul-Mid-Post,2.01
Considering_What_Paris_2024_Paralympic_Games,264,132.0,214,7,L Gyrus front middle,2.01
Considering_What_Paris_2024_Paralympic_Games,264,132.0,214,8,R Gyrus and Sulcus cingul-Mid-Post,2.01
Considering_What_Paris_2024_Paralympic_Games,265,132.5,215,1,R Gyrus temp sup-Plan polar,2.13
Considering_What_Paris_2024_Paralympic_Games,265,132.5,215,2,L Gyrus orbital,2.12
Considering_What_Paris_2024_Paralympic_Games,265,132.5,215,3,L Gyrus front middle,2.09
Considering_What_Paris_2024_Paralympic_Games,265,132.5,215,4,R Gyrus front sup,2.08
Considering_What_Paris_2024_Paralympic_Games,265,132.5,215,5,L Gyrus front inf-Orbital,2.06
Considering_What_Paris_2024_Paralympic_Games,265,132.5,215,6,R Gyrus orbital,2.05
Considering_What_Paris_2024_Paralympic_Games,265,132.5,215,7,L Sulcus circular insula ant,2.05
Considering_What_Paris_2024_Paralympic_Games,265,132.5,215,8,L Gyrus and Sulcus frontomargin,2.05
Considering_What_Paris_2024_Paralympic_Games,266,133.0,216,1,L Gyrus orbital,2.11
Considering_What_Paris_2024_Paralympic_Games,266,133.0,216,2,R Gyrus front sup,2.11
Considering_What_Paris_2024_Paralympic_Games,266,133.0,216,3,L Gyrus rectus,2.1
Considering_What_Paris_2024_Paralympic_Games,266,133.0,216,4,R Gyrus temp sup-Plan polar,2.1
Considering_What_Paris_2024_Paralympic_Games,266,133.0,216,5,R Gyrus pariet inf-Supramar,2.09
Considering_What_Paris_2024_Paralympic_Games,266,133.0,216,6,L Gyrus front middle,2.09
Considering_What_Paris_2024_Paralympic_Games,266,133.0,216,7,R Sulcus subparietal,2.08
Considering_What_Paris_2024_Paralympic_Games,266,133.0,216,8,L Gyrus and Sulcus frontomargin,2.07
Considering_What_Paris_2024_Paralympic_Games,267,133.5,216,1,L Gyrus orbital,2.11
Considering_What_Paris_2024_Paralympic_Games,267,133.5,216,2,R Gyrus front sup,2.11
Considering_What_Paris_2024_Paralympic_Games,267,133.5,216,3,L Gyrus rectus,2.1
Considering_What_Paris_2024_Paralympic_Games,267,133.5,216,4,R Gyrus temp sup-Plan polar,2.1
Considering_What_Paris_2024_Paralympic_Games,267,133.5,216,5,R Gyrus pariet inf-Supramar,2.09
Considering_What_Paris_2024_Paralympic_Games,267,133.5,216,6,L Gyrus front middle,2.09
Considering_What_Paris_2024_Paralympic_Games,267,133.5,216,7,R Sulcus subparietal,2.08
Considering_What_Paris_2024_Paralympic_Games,267,133.5,216,8,L Gyrus and Sulcus frontomargin,2.07
Considering_What_Paris_2024_Paralympic_Games,268,134.0,217,1,R Gyrus pariet inf-Supramar,2.27
Considering_What_Paris_2024_Paralympic_Games,268,134.0,217,2,L Gyrus orbital,2.21
Considering_What_Paris_2024_Paralympic_Games,268,134.0,217,3,R Sulcus subparietal,2.18
Considering_What_Paris_2024_Paralympic_Games,268,134.0,217,4,L Gyrus cingul-Post-dorsal,2.18
Considering_What_Paris_2024_Paralympic_Games,268,134.0,217,5,L Gyrus front inf-Triangul,2.16
Considering_What_Paris_2024_Paralympic_Games,268,134.0,217,6,R Gyrus front sup,2.15
Considering_What_Paris_2024_Paralympic_Games,268,134.0,217,7,L Gyrus front sup,2.15
Considering_What_Paris_2024_Paralympic_Games,268,134.0,217,8,L Gyrus temporal middle,2.12
Considering_What_Paris_2024_Paralympic_Games,269,134.5,218,1,R Gyrus pariet inf-Supramar,2.41
Considering_What_Paris_2024_Paralympic_Games,269,134.5,218,2,L Gyrus orbital,2.31
Considering_What_Paris_2024_Paralympic_Games,269,134.5,218,3,L Gyrus cingul-Post-dorsal,2.3
Considering_What_Paris_2024_Paralympic_Games,269,134.5,218,4,L Gyrus front inf-Triangul,2.29
Considering_What_Paris_2024_Paralympic_Games,269,134.5,218,5,R Sulcus subparietal,2.25
Considering_What_Paris_2024_Paralympic_Games,269,134.5,218,6,L Gyrus front sup,2.23
Considering_What_Paris_2024_Paralympic_Games,269,134.5,218,7,L Gyrus front middle,2.19
Considering_What_Paris_2024_Paralympic_Games,269,134.5,218,8,R Gyrus front sup,2.17
Considering_What_Paris_2024_Paralympic_Games,270,135.0,219,1,L Gyrus front inf-Triangul,2.32
Considering_What_Paris_2024_Paralympic_Games,270,135.0,219,2,L Gyrus front middle,2.31
Considering_What_Paris_2024_Paralympic_Games,270,135.0,219,3,L Gyrus cingul-Post-dorsal,2.27
Considering_What_Paris_2024_Paralympic_Games,270,135.0,219,4,L Gyrus front sup,2.25
Considering_What_Paris_2024_Paralympic_Games,270,135.0,219,5,L Gyrus orbital,2.23
Considering_What_Paris_2024_Paralympic_Games,270,135.0,219,6,R Sulcus subparietal,2.23
Considering_What_Paris_2024_Paralympic_Games,270,135.0,219,7,L Lat Fis-ant-Horizont,2.21
Considering_What_Paris_2024_Paralympic_Games,270,135.0,219,8,L Gyrus pariet inf-Angular,2.19
Considering_What_Paris_2024_Paralympic_Games,271,135.5,220,1,L Gyrus front middle,2.42
Considering_What_Paris_2024_Paralympic_Games,271,135.5,220,2,L Gyrus front inf-Triangul,2.41
Considering_What_Paris_2024_Paralympic_Games,271,135.5,220,3,L Lat Fis-ant-Horizont,2.3
Considering_What_Paris_2024_Paralympic_Games,271,135.5,220,4,L Gyrus front sup,2.3
Considering_What_Paris_2024_Paralympic_Games,271,135.5,220,5,L Gyrus orbital,2.25
Considering_What_Paris_2024_Paralympic_Games,271,135.5,220,6,L Gyrus cingul-Post-dorsal,2.25
Considering_What_Paris_2024_Paralympic_Games,271,135.5,220,7,L Gyrus pariet inf-Angular,2.24
Considering_What_Paris_2024_Paralympic_Games,271,135.5,220,8,L Lat Fis-ant-Vertical,2.22
Considering_What_Paris_2024_Paralympic_Games,272,136.0,220,1,L Gyrus front middle,2.42
Considering_What_Paris_2024_Paralympic_Games,272,136.0,220,2,L Gyrus front inf-Triangul,2.41
Considering_What_Paris_2024_Paralympic_Games,272,136.0,220,3,L Lat Fis-ant-Horizont,2.3
Considering_What_Paris_2024_Paralympic_Games,272,136.0,220,4,L Gyrus front sup,2.3
Considering_What_Paris_2024_Paralympic_Games,272,136.0,220,5,L Gyrus orbital,2.25
Considering_What_Paris_2024_Paralympic_Games,272,136.0,220,6,L Gyrus cingul-Post-dorsal,2.25
Considering_What_Paris_2024_Paralympic_Games,272,136.0,220,7,L Gyrus pariet inf-Angular,2.24
Considering_What_Paris_2024_Paralympic_Games,272,136.0,220,8,L Lat Fis-ant-Vertical,2.22
Considering_What_Paris_2024_Paralympic_Games,273,136.5,221,1,L Gyrus front middle,2.46
Considering_What_Paris_2024_Paralympic_Games,273,136.5,221,2,L Gyrus front inf-Triangul,2.45
Considering_What_Paris_2024_Paralympic_Games,273,136.5,221,3,L Lat Fis-ant-Horizont,2.39
Considering_What_Paris_2024_Paralympic_Games,273,136.5,221,4,L Gyrus front sup,2.37
Considering_What_Paris_2024_Paralympic_Games,273,136.5,221,5,L Lat Fis-ant-Vertical,2.31
Considering_What_Paris_2024_Paralympic_Games,273,136.5,221,6,L Gyrus orbital,2.3
Considering_What_Paris_2024_Paralympic_Games,273,136.5,221,7,L Gyrus front inf-Orbital,2.29
Considering_What_Paris_2024_Paralympic_Games,273,136.5,221,8,L Gyrus pariet inf-Angular,2.26
Considering_What_Paris_2024_Paralympic_Games,274,137.0,222,1,L Lat Fis-ant-Horizont,2.54
Considering_What_Paris_2024_Paralympic_Games,274,137.0,222,2,L Gyrus front inf-Triangul,2.53
Considering_What_Paris_2024_Paralympic_Games,274,137.0,222,3,L Lat Fis-ant-Vertical,2.47
Considering_What_Paris_2024_Paralympic_Games,274,137.0,222,4,L Gyrus front middle,2.42
Considering_What_Paris_2024_Paralympic_Games,274,137.0,222,5,L Gyrus front sup,2.4
Considering_What_Paris_2024_Paralympic_Games,274,137.0,222,6,L Sulcus circular insula ant,2.35
Considering_What_Paris_2024_Paralympic_Games,274,137.0,222,7,L Gyrus front inf-Orbital,2.33
Considering_What_Paris_2024_Paralympic_Games,274,137.0,222,8,L Gyrus orbital,2.29
Considering_What_Paris_2024_Paralympic_Games,275,137.5,223,1,L Lat Fis-ant-Vertical,2.63
Considering_What_Paris_2024_Paralympic_Games,275,137.5,223,2,L Lat Fis-ant-Horizont,2.58
Considering_What_Paris_2024_Paralympic_Games,275,137.5,223,3,L Gyrus front inf-Triangul,2.54
Considering_What_Paris_2024_Paralympic_Games,275,137.5,223,4,L Sulcus circular insula ant,2.45
Considering_What_Paris_2024_Paralympic_Games,275,137.5,223,5,L Sulcus circular insula sup,2.39
Considering_What_Paris_2024_Paralympic_Games,275,137.5,223,6,L Gyrus front sup,2.38
Considering_What_Paris_2024_Paralympic_Games,275,137.5,223,7,L Gyrus front inf-Orbital,2.37
Considering_What_Paris_2024_Paralympic_Games,275,137.5,223,8,L Gyrus and Sulcus transv frontopol,2.36
Considering_What_Paris_2024_Paralympic_Games,276,138.0,224,1,L Lat Fis-ant-Horizont,2.72
Considering_What_Paris_2024_Paralympic_Games,276,138.0,224,2,L Lat Fis-ant-Vertical,2.63
Considering_What_Paris_2024_Paralympic_Games,276,138.0,224,3,L Sulcus circular insula ant,2.59
Considering_What_Paris_2024_Paralympic_Games,276,138.0,224,4,L Gyrus front inf-Triangul,2.57
Considering_What_Paris_2024_Paralympic_Games,276,138.0,224,5,L Gyrus front inf-Orbital,2.47
Considering_What_Paris_2024_Paralympic_Games,276,138.0,224,6,L Sulcus circular insula sup,2.44
Considering_What_Paris_2024_Paralympic_Games,276,138.0,224,7,R Gyrus temp sup-Plan polar,2.39
Considering_What_Paris_2024_Paralympic_Games,276,138.0,224,8,L Gyrus front inf-Opercular,2.38
Considering_What_Paris_2024_Paralympic_Games,277,138.5,224,1,L Lat Fis-ant-Horizont,2.72
Considering_What_Paris_2024_Paralympic_Games,277,138.5,224,2,L Lat Fis-ant-Vertical,2.63
Considering_What_Paris_2024_Paralympic_Games,277,138.5,224,3,L Sulcus circular insula ant,2.59
Considering_What_Paris_2024_Paralympic_Games,277,138.5,224,4,L Gyrus front inf-Triangul,2.57
Considering_What_Paris_2024_Paralympic_Games,277,138.5,224,5,L Gyrus front inf-Orbital,2.47
Considering_What_Paris_2024_Paralympic_Games,277,138.5,224,6,L Sulcus circular insula sup,2.44
Considering_What_Paris_2024_Paralympic_Games,277,138.5,224,7,R Gyrus temp sup-Plan polar,2.39
Considering_What_Paris_2024_Paralympic_Games,277,138.5,224,8,L Gyrus front inf-Opercular,2.38
Considering_What_Paris_2024_Paralympic_Games,278,139.0,225,1,L Lat Fis-ant-Horizont,2.87
Considering_What_Paris_2024_Paralympic_Games,278,139.0,225,2,L Lat Fis-ant-Vertical,2.68
Considering_What_Paris_2024_Paralympic_Games,278,139.0,225,3,L Sulcus circular insula ant,2.57
Considering_What_Paris_2024_Paralympic_Games,278,139.0,225,4,L Sulcus orbital lateral,2.54
Considering_What_Paris_2024_Paralympic_Games,278,139.0,225,5,L Gyrus front inf-Triangul,2.52
Considering_What_Paris_2024_Paralympic_Games,278,139.0,225,6,R Lat Fis-ant-Horizont,2.47
Considering_What_Paris_2024_Paralympic_Games,278,139.0,225,7,L Gyrus front inf-Orbital,2.45
Considering_What_Paris_2024_Paralympic_Games,278,139.0,225,8,R Gyrus temp sup-Plan polar,2.45
Considering_What_Paris_2024_Paralympic_Games,279,139.5,226,1,L Lat Fis-ant-Horizont,2.42
Considering_What_Paris_2024_Paralympic_Games,279,139.5,226,2,L Sulcus circular insula ant,2.33
Considering_What_Paris_2024_Paralympic_Games,279,139.5,226,3,L Gyrus front inf-Orbital,2.31
Considering_What_Paris_2024_Paralympic_Games,279,139.5,226,4,L Lat Fis-ant-Vertical,2.26
Considering_What_Paris_2024_Paralympic_Games,279,139.5,226,5,R Pole temporal,2.25
Considering_What_Paris_2024_Paralympic_Games,279,139.5,226,6,R Gyrus temp sup-Plan polar,2.23
Considering_What_Paris_2024_Paralympic_Games,279,139.5,226,7,L Gyrus temporal inf,2.23
Considering_What_Paris_2024_Paralympic_Games,279,139.5,226,8,L Sulcus orbital lateral,2.21
Considering_What_Paris_2024_Paralympic_Games,280,140.0,227,1,R Pole temporal,2.52
Considering_What_Paris_2024_Paralympic_Games,280,140.0,227,2,L Lat Fis-ant-Vertical,2.24
Considering_What_Paris_2024_Paralympic_Games,280,140.0,227,3,L Sulcus circular insula sup,2.2
Considering_What_Paris_2024_Paralympic_Games,280,140.0,227,4,L Sulcus temporal inf,2.15
Considering_What_Paris_2024_Paralympic_Games,280,140.0,227,5,L Gyrus front inf-Triangul,2.13
Considering_What_Paris_2024_Paralympic_Games,280,140.0,227,6,L Sulcus circular insula ant,2.06
Considering_What_Paris_2024_Paralympic_Games,280,140.0,227,7,L Gyrus front inf-Opercular,2.03
Considering_What_Paris_2024_Paralympic_Games,280,140.0,227,8,L Gyrus orbital,2.01
Good_Will_Dunkin,0,0.0,0,1,R Gyrus orbital,2.35
Good_Will_Dunkin,0,0.0,0,2,L Gyrus oc-temp med-Parahip,2.2
Good_Will_Dunkin,0,0.0,0,3,R Sulcus collat transv ant,2.17
Good_Will_Dunkin,0,0.0,0,4,R Gyrus front sup,2.16
Good_Will_Dunkin,0,0.0,0,5,R Gyrus rectus,2.1
Good_Will_Dunkin,0,0.0,0,6,L Gyrus rectus,2.06
Good_Will_Dunkin,0,0.0,0,7,R Gyrus and Sulcus transv frontopol,1.96
Good_Will_Dunkin,0,0.0,0,8,R Gyrus temporal inf,1.95
Good_Will_Dunkin,1,0.5,0,1,R Gyrus orbital,2.35
Good_Will_Dunkin,1,0.5,0,2,L Gyrus oc-temp med-Parahip,2.2
Good_Will_Dunkin,1,0.5,0,3,R Sulcus collat transv ant,2.17
Good_Will_Dunkin,1,0.5,0,4,R Gyrus front sup,2.16
Good_Will_Dunkin,1,0.5,0,5,R Gyrus rectus,2.1
Good_Will_Dunkin,1,0.5,0,6,L Gyrus rectus,2.06
Good_Will_Dunkin,1,0.5,0,7,R Gyrus and Sulcus transv frontopol,1.96
Good_Will_Dunkin,1,0.5,0,8,R Gyrus temporal inf,1.95
Good_Will_Dunkin,2,1.0,1,1,R Gyrus subcallosal,2.32
Good_Will_Dunkin,2,1.0,1,2,R Gyrus and Sulcus transv frontopol,2.18
Good_Will_Dunkin,2,1.0,1,3,L Gyrus rectus,2.15
Good_Will_Dunkin,2,1.0,1,4,R Gyrus and Sulcus cingul-Ant,2.14
Good_Will_Dunkin,2,1.0,1,5,R Sulcus postcentral,2.12
Good_Will_Dunkin,2,1.0,1,6,R Gyrus temporal inf,2.12
Good_Will_Dunkin,2,1.0,1,7,R Sulcus orbital med-olfact,2.08
Good_Will_Dunkin,2,1.0,1,8,R Gyrus orbital,2.07
Good_Will_Dunkin,3,1.5,1,1,R Gyrus subcallosal,2.32
Good_Will_Dunkin,3,1.5,1,2,R Gyrus and Sulcus transv frontopol,2.18
Good_Will_Dunkin,3,1.5,1,3,L Gyrus rectus,2.15
Good_Will_Dunkin,3,1.5,1,4,R Gyrus and Sulcus cingul-Ant,2.14
Good_Will_Dunkin,3,1.5,1,5,R Sulcus postcentral,2.12
Good_Will_Dunkin,3,1.5,1,6,R Gyrus temporal inf,2.12
Good_Will_Dunkin,3,1.5,1,7,R Sulcus orbital med-olfact,2.08
Good_Will_Dunkin,3,1.5,1,8,R Gyrus orbital,2.07
Good_Will_Dunkin,4,2.0,2,1,R Gyrus subcallosal,2.56
Good_Will_Dunkin,4,2.0,2,2,L Gyrus and Sulcus frontomargin,2.54
Good_Will_Dunkin,4,2.0,2,3,R Gyrus and Sulcus transv frontopol,2.5
Good_Will_Dunkin,4,2.0,2,4,R Gyrus and Sulcus cingul-Ant,2.46
Good_Will_Dunkin,4,2.0,2,5,L Gyrus and Sulcus transv frontopol,2.45
Good_Will_Dunkin,4,2.0,2,6,L Sulcus orbital lateral,2.4
Good_Will_Dunkin,4,2.0,2,7,L Gyrus rectus,2.38
Good_Will_Dunkin,4,2.0,2,8,L Gyrus orbital,2.35
Jurassic_Park..._Works_Big_Game_Commercial_2026_Xfinity,0,0.0,0,1,R Sulcus orbital-H Shaped,2.51
Jurassic_Park..._Works_Big_Game_Commercial_2026_Xfinity,0,0.0,0,2,R Gyrus and Sulcus cingul-Ant,2.5
Jurassic_Park..._Works_Big_Game_Commercial_2026_Xfinity,0,0.0,0,3,R Gyrus rectus,2.37
Jurassic_Park..._Works_Big_Game_Commercial_2026_Xfinity,0,0.0,0,4,R Gyrus orbital,2.36
Jurassic_Park..._Works_Big_Game_Commercial_2026_Xfinity,0,0.0,0,5,L Gyrus and Sulcus cingul-Ant,2.28
Jurassic_Park..._Works_Big_Game_Commercial_2026_Xfinity,0,0.0,0,6,L Sulcus orbital-H Shaped,2.27
Jurassic_Park..._Works_Big_Game_Commercial_2026_Xfinity,0,0.0,0,7,L Sulcus pericallosal,2.24
Jurassic_Park..._Works_Big_Game_Commercial_2026_Xfinity,0,0.0,0,8,R Gyrus oc-temp med-Parahip,2.22
Jurassic_Park..._Works_Big_Game_Commercial_2026_Xfinity,1,0.5,0,1,R Sulcus orbital-H Shaped,2.51
Jurassic_Park..._Works_Big_Game_Commercial_2026_Xfinity,1,0.5,0,2,R Gyrus and Sulcus cingul-Ant,2.5
Jurassic_Park..._Works_Big_Game_Commercial_2026_Xfinity,1,0.5,0,3,R Gyrus rectus,2.37
Jurassic_Park..._Works_Big_Game_Commercial_2026_Xfinity,1,0.5,0,4,R Gyrus orbital,2.36
Jurassic_Park..._Works_Big_Game_Commercial_2026_Xfinity,1,0.5,0,5,L Gyrus and Sulcus cingul-Ant,2.28
Jurassic_Park..._Works_Big_Game_Commercial_2026_Xfinity,1,0.5,0,6,L Sulcus orbital-H Shaped,2.27
Jurassic_Park..._Works_Big_Game_Commercial_2026_Xfinity,1,0.5,0,7,L Sulcus pericallosal,2.24
Jurassic_Park..._Works_Big_Game_Commercial_2026_Xfinity,1,0.5,0,8,R Gyrus oc-temp med-Parahip,2.22
Jurassic_Park..._Works_Big_Game_Commercial_2026_Xfinity,2,1.0,1,1,R Gyrus rectus,2.45
Jurassic_Park..._Works_Big_Game_Commercial_2026_Xfinity,2,1.0,1,2,R Sulcus orbital med-olfact,2.4
Jurassic_Park..._Works_Big_Game_Commercial_2026_Xfinity,2,1.0,1,3,R Gyrus and Sulcus cingul-Ant,2.28
Jurassic_Park..._Works_Big_Game_Commercial_2026_Xfinity,2,1.0,1,4,R Gyrus orbital,2.25
Jurassic_Park..._Works_Big_Game_Commercial_2026_Xfinity,2,1.0,1,5,L Sulcus orbital med-olfact,2.2
Jurassic_Park..._Works_Big_Game_Commercial_2026_Xfinity,2,1.0,1,6,L Sulcus pericallosal,2.17
Jurassic_Park..._Works_Big_Game_Commercial_2026_Xfinity,2,1.0,1,7,L Sulcus orbital-H Shaped,2.16
Jurassic_Park..._Works_Big_Game_Commercial_2026_Xfinity,2,1.0,1,8,L Gyrus and Sulcus cingul-Ant,2.15
Jurassic_Park..._Works_Big_Game_Commercial_2026_Xfinity,3,1.5,1,1,R Gyrus rectus,2.45
Jurassic_Park..._Works_Big_Game_Commercial_2026_Xfinity,3,1.5,1,2,R Sulcus orbital med-olfact,2.4
Jurassic_Park..._Works_Big_Game_Commercial_2026_Xfinity,3,1.5,1,3,R Gyrus and Sulcus cingul-Ant,2.28
Jurassic_Park..._Works_Big_Game_Commercial_2026_Xfinity,3,1.5,1,4,R Gyrus orbital,2.25
Jurassic_Park..._Works_Big_Game_Commercial_2026_Xfinity,3,1.5,1,5,L Sulcus orbital med-olfact,2.2
Jurassic_Park..._Works_Big_Game_Commercial_2026_Xfinity,3,1.5,1,6,L Sulcus pericallosal,2.17
Jurassic_Park..._Works_Big_Game_Commercial_2026_Xfinity,3,1.5,1,7,L Sulcus orbital-H Shaped,2.16
Jurassic_Park..._Works_Big_Game_Commercial_2026_Xfinity,3,1.5,1,8,L Gyrus and Sulcus cingul-Ant,2.15
Jurassic_Park..._Works_Big_Game_Commercial_2026_Xfinity,4,2.0,2,1,R Sulcus orbital med-olfact,2.5
Jurassic_Park..._Works_Big_Game_Commercial_2026_Xfinity,4,2.0,2,2,R Gyrus and Sulcus cingul-Ant,2.27
Jurassic_Park..._Works_Big_Game_Commercial_2026_Xfinity,4,2.0,2,3,R Gyrus rectus,2.22
Jurassic_Park..._Works_Big_Game_Commercial_2026_Xfinity,4,2.0,2,4,L Sulcus orbital-H Shaped,2.2
Jurassic_Park..._Works_Big_Game_Commercial_2026_Xfinity,4,2.0,2,5,L Sulcus orbital med-olfact,2.14
Jurassic_Park..._Works_Big_Game_Commercial_2026_Xfinity,4,2.0,2,6,L Gyrus and Sulcus cingul-Ant,2.12
Jurassic_Park..._Works_Big_Game_Commercial_2026_Xfinity,4,2.0,2,7,R Gyrus oc-temp med-Parahip,2.03
Jurassic_Park..._Works_Big_Game_Commercial_2026_Xfinity,4,2.0,2,8,R Gyrus orbital,2.0
Jurassic_Park..._Works_Big_Game_Commercial_2026_Xfinity,5,2.5,2,1,R Sulcus orbital med-olfact,2.5
Jurassic_Park..._Works_Big_Game_Commercial_2026_Xfinity,5,2.5,2,2,R Gyrus and Sulcus cingul-Ant,2.27
Jurassic_Park..._Works_Big_Game_Commercial_2026_Xfinity,5,2.5,2,3,R Gyrus rectus,2.22
Jurassic_Park..._Works_Big_Game_Commercial_2026_Xfinity,5,2.5,2,4,L Sulcus orbital-H Shaped,2.2
Jurassic_Park..._Works_Big_Game_Commercial_2026_Xfinity,5,2.5,2,5,L Sulcus orbital med-olfact,2.14
Jurassic_Park..._Works_Big_Game_Commercial_2026_Xfinity,5,2.5,2,6,L Gyrus and Sulcus cingul-Ant,2.12
Jurassic_Park..._Works_Big_Game_Commercial_2026_Xfinity,5,2.5,2,7,R Gyrus oc-temp med-Parahip,2.03
Jurassic_Park..._Works_Big_Game_Commercial_2026_Xfinity,5,2.5,2,8,R Gyrus orbital,2.0
Jurassic_Park..._Works_Big_Game_Commercial_2026_Xfinity,6,3.0,3,1,R Gyrus and Sulcus cingul-Ant,2.02
Jurassic_Park..._Works_Big_Game_Commercial_2026_Xfinity,6,3.0,3,2,L Gyrus and Sulcus cingul-Ant,1.83
Jurassic_Park..._Works_Big_Game_Commercial_2026_Xfinity,6,3.0,3,3,R Sulcus orbital med-olfact,1.8
Jurassic_Park..._Works_Big_Game_Commercial_2026_Xfinity,7,3.5,3,1,R Gyrus and Sulcus cingul-Ant,2.02
Jurassic_Park..._Works_Big_Game_Commercial_2026_Xfinity,7,3.5,3,2,L Gyrus and Sulcus cingul-Ant,1.83
Jurassic_Park..._Works_Big_Game_Commercial_2026_Xfinity,7,3.5,3,3,R Sulcus orbital med-olfact,1.8
Jurassic_Park..._Works_Big_Game_Commercial_2026_Xfinity,12,6.0,6,1,L Gyrus temporal inf,1.83
Jurassic_Park..._Works_Big_Game_Commercial_2026_Xfinity,13,6.5,6,1,L Gyrus temporal inf,1.83
Jurassic_Park..._Works_Big_Game_Commercial_2026_Xfinity,14,7.0,7,1,L Gyrus temporal inf,2.08
Jurassic_Park..._Works_Big_Game_Commercial_2026_Xfinity,14,7.0,7,2,R Gyrus temp sup-Gyrus T transv,1.82
Jurassic_Park..._Works_Big_Game_Commercial_2026_Xfinity,14,7.0,7,3,R Gyrus temporal inf,1.8
Jurassic_Park..._Works_Big_Game_Commercial_2026_Xfinity,15,7.5,7,1,L Gyrus temporal inf,2.08
Jurassic_Park..._Works_Big_Game_Commercial_2026_Xfinity,15,7.5,7,2,R Gyrus temp sup-Gyrus T transv,1.82
Jurassic_Park..._Works_Big_Game_Commercial_2026_Xfinity,15,7.5,7,3,R Gyrus temporal inf,1.8
Jurassic_Park..._Works_Big_Game_Commercial_2026_Xfinity,16,8.0,8,1,L Gyrus temporal inf,1.9
Jurassic_Park..._Works_Big_Game_Commercial_2026_Xfinity,16,8.0,8,2,R Gyrus temp sup-Gyrus T transv,1.88
Jurassic_Park..._Works_Big_Game_Commercial_2026_Xfinity,16,8.0,8,3,R Gyrus and Sulcus cingul-Ant,1.84
Jurassic_Park..._Works_Big_Game_Commercial_2026_Xfinity,16,8.0,8,4,L Gyrus and Sulcus subcentral,1.84
Jurassic_Park..._Works_Big_Game_Commercial_2026_Xfinity,16,8.0,8,5,R Gyrus temporal inf,1.81
Jurassic_Park..._Works_Big_Game_Commercial_2026_Xfinity,17,8.5,8,1,L Gyrus temporal inf,1.9
Jurassic_Park..._Works_Big_Game_Commercial_2026_Xfinity,17,8.5,8,2,R Gyrus temp sup-Gyrus T transv,1.88
Jurassic_Park..._Works_Big_Game_Commercial_2026_Xfinity,17,8.5,8,3,R Gyrus and Sulcus cingul-Ant,1.84
Jurassic_Park..._Works_Big_Game_Commercial_2026_Xfinity,17,8.5,8,4,L Gyrus and Sulcus subcentral,1.84
Jurassic_Park..._Works_Big_Game_Commercial_2026_Xfinity,17,8.5,8,5,R Gyrus temporal inf,1.81
Jurassic_Park..._Works_Big_Game_Commercial_2026_Xfinity,18,9.0,9,1,R Gyrus and Sulcus cingul-Ant,2.11
Jurassic_Park..._Works_Big_Game_Commercial_2026_Xfinity,18,9.0,9,2,R Gyrus temp sup-Gyrus T transv,1.91
Jurassic_Park..._Works_Big_Game_Commercial_2026_Xfinity,18,9.0,9,3,L Gyrus and Sulcus subcentral,1.91
Jurassic_Park..._Works_Big_Game_Commercial_2026_Xfinity,18,9.0,9,4,L Gyrus temporal inf,1.85
Jurassic_Park..._Works_Big_Game_Commercial_2026_Xfinity,18,9.0,9,5,L Sulcus circular insula inf,1.82
Jurassic_Park..._Works_Big_Game_Commercial_2026_Xfinity,18,9.0,9,6,R Sulcus circular insula inf,1.79
Jurassic_Park..._Works_Big_Game_Commercial_2026_Xfinity,19,9.5,9,1,R Gyrus and Sulcus cingul-Ant,2.11
Jurassic_Park..._Works_Big_Game_Commercial_2026_Xfinity,19,9.5,9,2,R Gyrus temp sup-Gyrus T transv,1.91
Jurassic_Park..._Works_Big_Game_Commercial_2026_Xfinity,19,9.5,9,3,L Gyrus and Sulcus subcentral,1.91
Jurassic_Park..._Works_Big_Game_Commercial_2026_Xfinity,19,9.5,9,4,L Gyrus temporal inf,1.85
Jurassic_Park..._Works_Big_Game_Commercial_2026_Xfinity,19,9.5,9,5,L Sulcus circular insula inf,1.82
Jurassic_Park..._Works_Big_Game_Commercial_2026_Xfinity,19,9.5,9,6,R Sulcus circular insula inf,1.79
Jurassic_Park..._Works_Big_Game_Commercial_2026_Xfinity,20,10.0,10,1,R Gyrus and Sulcus cingul-Ant,2.13
Jurassic_Park..._Works_Big_Game_Commercial_2026_Xfinity,20,10.0,10,2,R Sulcus circular insula inf,2.01
Jurassic_Park..._Works_Big_Game_Commercial_2026_Xfinity,20,10.0,10,3,R Gyrus temp sup-Gyrus T transv,1.97
Jurassic_Park..._Works_Big_Game_Commercial_2026_Xfinity,20,10.0,10,4,L Sulcus circular insula inf,1.91
Jurassic_Park..._Works_Big_Game_Commercial_2026_Xfinity,20,10.0,10,5,L Gyrus temporal inf,1.88
Jurassic_Park..._Works_Big_Game_Commercial_2026_Xfinity,20,10.0,10,6,R Lat Fis-post,1.85
Jurassic_Park..._Works_Big_Game_Commercial_2026_Xfinity,20,10.0,10,7,L Gyrus and Sulcus subcentral,1.81
Jurassic_Park..._Works_Big_Game_Commercial_2026_Xfinity,20,10.0,10,8,L Gyrus temp sup-Gyrus T transv,1.8
Jurassic_Park..._Works_Big_Game_Commercial_2026_Xfinity,21,10.5,10,1,R Gyrus and Sulcus cingul-Ant,2.13
Jurassic_Park..._Works_Big_Game_Commercial_2026_Xfinity,21,10.5,10,2,R Sulcus circular insula inf,2.01
Jurassic_Park..._Works_Big_Game_Commercial_2026_Xfinity,21,10.5,10,3,R Gyrus temp sup-Gyrus T transv,1.97
Jurassic_Park..._Works_Big_Game_Commercial_2026_Xfinity,21,10.5,10,4,L Sulcus circular insula inf,1.91
Jurassic_Park..._Works_Big_Game_Commercial_2026_Xfinity,21,10.5,10,5,L Gyrus temporal inf,1.88
Jurassic_Park..._Works_Big_Game_Commercial_2026_Xfinity,21,10.5,10,6,R Lat Fis-post,1.85
Jurassic_Park..._Works_Big_Game_Commercial_2026_Xfinity,21,10.5,10,7,L Gyrus and Sulcus subcentral,1.81
Jurassic_Park..._Works_Big_Game_Commercial_2026_Xfinity,21,10.5,10,8,L Gyrus temp sup-Gyrus T transv,1.8
Jurassic_Park..._Works_Big_Game_Commercial_2026_Xfinity,22,11.0,11,1,R Sulcus circular insula inf,2.2
Jurassic_Park..._Works_Big_Game_Commercial_2026_Xfinity,22,11.0,11,2,R Gyrus and Sulcus subcentral,2.05
Jurassic_Park..._Works_Big_Game_Commercial_2026_Xfinity,22,11.0,11,3,R Gyrus temporal inf,2.03
Jurassic_Park..._Works_Big_Game_Commercial_2026_Xfinity,22,11.0,11,4,R Gyrus temp sup-Gyrus T transv,2.0
Jurassic_Park..._Works_Big_Game_Commercial_2026_Xfinity,22,11.0,11,5,R Gyrus and Sulcus cingul-Ant,1.97
Jurassic_Park..._Works_Big_Game_Commercial_2026_Xfinity,22,11.0,11,6,L Gyrus and Sulcus subcentral,1.93
Jurassic_Park..._Works_Big_Game_Commercial_2026_Xfinity,22,11.0,11,7,R Lat Fis-post,1.92
Jurassic_Park..._Works_Big_Game_Commercial_2026_Xfinity,22,11.0,11,8,L Gyrus temp sup-Gyrus T transv,1.85
Jurassic_Park..._Works_Big_Game_Commercial_2026_Xfinity,23,11.5,11,1,R Sulcus circular insula inf,2.2
Jurassic_Park..._Works_Big_Game_Commercial_2026_Xfinity,23,11.5,11,2,R Gyrus and Sulcus subcentral,2.05
Jurassic_Park..._Works_Big_Game_Commercial_2026_Xfinity,23,11.5,11,3,R Gyrus temporal inf,2.03
Jurassic_Park..._Works_Big_Game_Commercial_2026_Xfinity,23,11.5,11,4,R Gyrus temp sup-Gyrus T transv,2.0
Jurassic_Park..._Works_Big_Game_Commercial_2026_Xfinity,23,11.5,11,5,R Gyrus and Sulcus cingul-Ant,1.97
Jurassic_Park..._Works_Big_Game_Commercial_2026_Xfinity,23,11.5,11,6,L Gyrus and Sulcus subcentral,1.93
Jurassic_Park..._Works_Big_Game_Commercial_2026_Xfinity,23,11.5,11,7,R Lat Fis-post,1.92
Jurassic_Park..._Works_Big_Game_Commercial_2026_Xfinity,23,11.5,11,8,L Gyrus temp sup-Gyrus T transv,1.85
Jurassic_Park..._Works_Big_Game_Commercial_2026_Xfinity,24,12.0,12,1,R Gyrus and Sulcus cingul-Ant,2.13
Jurassic_Park..._Works_Big_Game_Commercial_2026_Xfinity,24,12.0,12,2,R Gyrus and Sulcus subcentral,2.13
Jurassic_Park..._Works_Big_Game_Commercial_2026_Xfinity,24,12.0,12,3,R Sulcus circular insula inf,2.07
Jurassic_Park..._Works_Big_Game_Commercial_2026_Xfinity,24,12.0,12,4,R Gyrus temporal inf,2.04
Jurassic_Park..._Works_Big_Game_Commercial_2026_Xfinity,24,12.0,12,5,R Gyrus temp sup-Gyrus T transv,1.92
Jurassic_Park..._Works_Big_Game_Commercial_2026_Xfinity,24,12.0,12,6,R Lat Fis-post,1.91
Jurassic_Park..._Works_Big_Game_Commercial_2026_Xfinity,24,12.0,12,7,L Gyrus temp sup-Gyrus T transv,1.9
Jurassic_Park..._Works_Big_Game_Commercial_2026_Xfinity,24,12.0,12,8,L Gyrus precuneus,1.89
Jurassic_Park..._Works_Big_Game_Commercial_2026_Xfinity,25,12.5,12,1,R Gyrus and Sulcus cingul-Ant,2.13
Jurassic_Park..._Works_Big_Game_Commercial_2026_Xfinity,25,12.5,12,2,R Gyrus and Sulcus subcentral,2.13
Jurassic_Park..._Works_Big_Game_Commercial_2026_Xfinity,25,12.5,12,3,R Sulcus circular insula inf,2.07
Jurassic_Park..._Works_Big_Game_Commercial_2026_Xfinity,25,12.5,12,4,R Gyrus temporal inf,2.04
Jurassic_Park..._Works_Big_Game_Commercial_2026_Xfinity,25,12.5,12,5,R Gyrus temp sup-Gyrus T transv,1.92
Jurassic_Park..._Works_Big_Game_Commercial_2026_Xfinity,25,12.5,12,6,R Lat Fis-post,1.91
Jurassic_Park..._Works_Big_Game_Commercial_2026_Xfinity,25,12.5,12,7,L Gyrus temp sup-Gyrus T transv,1.9
Jurassic_Park..._Works_Big_Game_Commercial_2026_Xfinity,25,12.5,12,8,L Gyrus precuneus,1.89
Jurassic_Park..._Works_Big_Game_Commercial_2026_Xfinity,26,13.0,13,1,R Gyrus and Sulcus subcentral,2.3
Jurassic_Park..._Works_Big_Game_Commercial_2026_Xfinity,26,13.0,13,2,R Gyrus and Sulcus cingul-Ant,2.18
Jurassic_Park..._Works_Big_Game_Commercial_2026_Xfinity,26,13.0,13,3,R Gyrus temporal inf,2.09
Jurassic_Park..._Works_Big_Game_Commercial_2026_Xfinity,26,13.0,13,4,L Gyrus precuneus,2.0
Jurassic_Park..._Works_Big_Game_Commercial_2026_Xfinity,26,13.0,13,5,R Gyrus rectus,1.99
Jurassic_Park..._Works_Big_Game_Commercial_2026_Xfinity,26,13.0,13,6,R Gyrus temp sup-Plan tempo,1.95
Jurassic_Park..._Works_Big_Game_Commercial_2026_Xfinity,26,13.0,13,7,R Gyrus precuneus,1.95
Jurassic_Park..._Works_Big_Game_Commercial_2026_Xfinity,26,13.0,13,8,R Lat Fis-post,1.94
Jurassic_Park..._Works_Big_Game_Commercial_2026_Xfinity,27,13.5,13,1,R Gyrus and Sulcus subcentral,2.3
Jurassic_Park..._Works_Big_Game_Commercial_2026_Xfinity,27,13.5,13,2,R Gyrus and Sulcus cingul-Ant,2.18
Jurassic_Park..._Works_Big_Game_Commercial_2026_Xfinity,27,13.5,13,3,R Gyrus temporal inf,2.09
Jurassic_Park..._Works_Big_Game_Commercial_2026_Xfinity,27,13.5,13,4,L Gyrus precuneus,2.0
Jurassic_Park..._Works_Big_Game_Commercial_2026_Xfinity,27,13.5,13,5,R Gyrus rectus,1.99
Jurassic_Park..._Works_Big_Game_Commercial_2026_Xfinity,27,13.5,13,6,R Gyrus temp sup-Plan tempo,1.95
Jurassic_Park..._Works_Big_Game_Commercial_2026_Xfinity,27,13.5,13,7,R Gyrus precuneus,1.95
Jurassic_Park..._Works_Big_Game_Commercial_2026_Xfinity,27,13.5,13,8,R Lat Fis-post,1.94
Jurassic_Park..._Works_Big_Game_Commercial_2026_Xfinity,28,14.0,14,1,R Gyrus and Sulcus subcentral,2.09
Jurassic_Park..._Works_Big_Game_Commercial_2026_Xfinity,28,14.0,14,2,R Gyrus rectus,2.09
Jurassic_Park..._Works_Big_Game_Commercial_2026_Xfinity,28,14.0,14,3,L Gyrus precuneus,2.06
Jurassic_Park..._Works_Big_Game_Commercial_2026_Xfinity,28,14.0,14,4,R Gyrus and Sulcus cingul-Ant,2.05
Jurassic_Park..._Works_Big_Game_Commercial_2026_Xfinity,28,14.0,14,5,R Sulcus front sup,2.05
Jurassic_Park..._Works_Big_Game_Commercial_2026_Xfinity,28,14.0,14,6,R Gyrus temporal inf,2.02
Jurassic_Park..._Works_Big_Game_Commercial_2026_Xfinity,28,14.0,14,7,R Sulcus orbital med-olfact,1.99
Jurassic_Park..._Works_Big_Game_Commercial_2026_Xfinity,28,14.0,14,8,L Sulcus temporal inf,1.97
Jurassic_Park..._Works_Big_Game_Commercial_2026_Xfinity,29,14.5,14,1,R Gyrus and Sulcus subcentral,2.09
Jurassic_Park..._Works_Big_Game_Commercial_2026_Xfinity,29,14.5,14,2,R Gyrus rectus,2.09
Jurassic_Park..._Works_Big_Game_Commercial_2026_Xfinity,29,14.5,14,3,L Gyrus precuneus,2.06
Jurassic_Park..._Works_Big_Game_Commercial_2026_Xfinity,29,14.5,14,4,R Gyrus and Sulcus cingul-Ant,2.05
Jurassic_Park..._Works_Big_Game_Commercial_2026_Xfinity,29,14.5,14,5,R Sulcus front sup,2.05
Jurassic_Park..._Works_Big_Game_Commercial_2026_Xfinity,29,14.5,14,6,R Gyrus temporal inf,2.02
Jurassic_Park..._Works_Big_Game_Commercial_2026_Xfinity,29,14.5,14,7,R Sulcus orbital med-olfact,1.99
Jurassic_Park..._Works_Big_Game_Commercial_2026_Xfinity,29,14.5,14,8,L Sulcus temporal inf,1.97
Jurassic_Park..._Works_Big_Game_Commercial_2026_Xfinity,30,15.0,15,1,R Gyrus rectus,2.11
Jurassic_Park..._Works_Big_Game_Commercial_2026_Xfinity,30,15.0,15,2,R Gyrus oc-temp med-Parahip,2.11
Jurassic_Park..._Works_Big_Game_Commercial_2026_Xfinity,30,15.0,15,3,L Gyrus precuneus,2.05
Jurassic_Park..._Works_Big_Game_Commercial_2026_Xfinity,30,15.0,15,4,R Sulcus front sup,2.04
Jurassic_Park..._Works_Big_Game_Commercial_2026_Xfinity,30,15.0,15,5,R Gyrus precuneus,2.02
Jurassic_Park..._Works_Big_Game_Commercial_2026_Xfinity,30,15.0,15,6,R Sulcus orbital med-olfact,2.02
Jurassic_Park..._Works_Big_Game_Commercial_2026_Xfinity,30,15.0,15,7,L Sulcus front sup,2.0
Jurassic_Park..._Works_Big_Game_Commercial_2026_Xfinity,30,15.0,15,8,R Gyrus temporal inf,2.0
Jurassic_Park..._Works_Big_Game_Commercial_2026_Xfinity,31,15.5,15,1,R Gyrus rectus,2.11
Jurassic_Park..._Works_Big_Game_Commercial_2026_Xfinity,31,15.5,15,2,R Gyrus oc-temp med-Parahip,2.11
Jurassic_Park..._Works_Big_Game_Commercial_2026_Xfinity,31,15.5,15,3,L Gyrus precuneus,2.05
Jurassic_Park..._Works_Big_Game_Commercial_2026_Xfinity,31,15.5,15,4,R Sulcus front sup,2.04
Jurassic_Park..._Works_Big_Game_Commercial_2026_Xfinity,31,15.5,15,5,R Gyrus precuneus,2.02
Jurassic_Park..._Works_Big_Game_Commercial_2026_Xfinity,31,15.5,15,6,R Sulcus orbital med-olfact,2.02
Jurassic_Park..._Works_Big_Game_Commercial_2026_Xfinity,31,15.5,15,7,L Sulcus front sup,2.0
Jurassic_Park..._Works_Big_Game_Commercial_2026_Xfinity,31,15.5,15,8,R Gyrus temporal inf,2.0
Jurassic_Park..._Works_Big_Game_Commercial_2026_Xfinity,32,16.0,16,1,R Sulcus orbital med-olfact,2.11
Jurassic_Park..._Works_Big_Game_Commercial_2026_Xfinity,32,16.0,16,2,R Gyrus rectus,2.07
Jurassic_Park..._Works_Big_Game_Commercial_2026_Xfinity,32,16.0,16,3,R Gyrus precuneus,2.05
Jurassic_Park..._Works_Big_Game_Commercial_2026_Xfinity,32,16.0,16,4,L Gyrus precuneus,2.03
Jurassic_Park..._Works_Big_Game_Commercial_2026_Xfinity,32,16.0,16,5,R Sulcus front sup,2.02
Jurassic_Park..._Works_Big_Game_Commercial_2026_Xfinity,32,16.0,16,6,R Gyrus oc-temp med-Parahip,2.02
Jurassic_Park..._Works_Big_Game_Commercial_2026_Xfinity,32,16.0,16,7,R Gyrus temporal inf,2.01
Jurassic_Park..._Works_Big_Game_Commercial_2026_Xfinity,32,16.0,16,8,R Sulcus suborbital,2.01
Jurassic_Park..._Works_Big_Game_Commercial_2026_Xfinity,33,16.5,16,1,R Sulcus orbital med-olfact,2.11
Jurassic_Park..._Works_Big_Game_Commercial_2026_Xfinity,33,16.5,16,2,R Gyrus rectus,2.07
Jurassic_Park..._Works_Big_Game_Commercial_2026_Xfinity,33,16.5,16,3,R Gyrus precuneus,2.05
Jurassic_Park..._Works_Big_Game_Commercial_2026_Xfinity,33,16.5,16,4,L Gyrus precuneus,2.03
Jurassic_Park..._Works_Big_Game_Commercial_2026_Xfinity,33,16.5,16,5,R Sulcus front sup,2.02
Jurassic_Park..._Works_Big_Game_Commercial_2026_Xfinity,33,16.5,16,6,R Gyrus oc-temp med-Parahip,2.02
Jurassic_Park..._Works_Big_Game_Commercial_2026_Xfinity,33,16.5,16,7,R Gyrus temporal inf,2.01
Jurassic_Park..._Works_Big_Game_Commercial_2026_Xfinity,33,16.5,16,8,R Sulcus suborbital,2.01
Jurassic_Park..._Works_Big_Game_Commercial_2026_Xfinity,34,17.0,17,1,L Gyrus precuneus,2.13
Jurassic_Park..._Works_Big_Game_Commercial_2026_Xfinity,34,17.0,17,2,L Gyrus pariet inf-Supramar,2.11
Jurassic_Park..._Works_Big_Game_Commercial_2026_Xfinity,34,17.0,17,3,L Sulcus front sup,2.1
Jurassic_Park..._Works_Big_Game_Commercial_2026_Xfinity,34,17.0,17,4,R Sulcus orbital med-olfact,2.07
Jurassic_Park..._Works_Big_Game_Commercial_2026_Xfinity,34,17.0,17,5,R Gyrus precuneus,2.05
Jurassic_Park..._Works_Big_Game_Commercial_2026_Xfinity,34,17.0,17,6,R Gyrus rectus,2.05
Jurassic_Park..._Works_Big_Game_Commercial_2026_Xfinity,34,17.0,17,7,L Gyrus parietal sup,2.04
Jurassic_Park..._Works_Big_Game_Commercial_2026_Xfinity,34,17.0,17,8,R Sulcus front sup,2.03
Jurassic_Park..._Works_Big_Game_Commercial_2026_Xfinity,35,17.5,17,1,L Gyrus precuneus,2.13
Jurassic_Park..._Works_Big_Game_Commercial_2026_Xfinity,35,17.5,17,2,L Gyrus pariet inf-Supramar,2.11
Jurassic_Park..._Works_Big_Game_Commercial_2026_Xfinity,35,17.5,17,3,L Sulcus front sup,2.1
Jurassic_Park..._Works_Big_Game_Commercial_2026_Xfinity,35,17.5,17,4,R Sulcus orbital med-olfact,2.07
Jurassic_Park..._Works_Big_Game_Commercial_2026_Xfinity,35,17.5,17,5,R Gyrus precuneus,2.05
Jurassic_Park..._Works_Big_Game_Commercial_2026_Xfinity,35,17.5,17,6,R Gyrus rectus,2.05
Jurassic_Park..._Works_Big_Game_Commercial_2026_Xfinity,35,17.5,17,7,L Gyrus parietal sup,2.04
Jurassic_Park..._Works_Big_Game_Commercial_2026_Xfinity,35,17.5,17,8,R Sulcus front sup,2.03
Jurassic_Park..._Works_Big_Game_Commercial_2026_Xfinity,36,18.0,18,1,L Gyrus temporal inf,2.22
Jurassic_Park..._Works_Big_Game_Commercial_2026_Xfinity,36,18.0,18,2,L Gyrus precuneus,2.21
Jurassic_Park..._Works_Big_Game_Commercial_2026_Xfinity,36,18.0,18,3,L Gyrus oc-temp lat-fusifor,2.21
Jurassic_Park..._Works_Big_Game_Commercial_2026_Xfinity,36,18.0,18,4,L Gyrus pariet inf-Angular,2.18
Jurassic_Park..._Works_Big_Game_Commercial_2026_Xfinity,36,18.0,18,5,L Gyrus temp sup-Plan tempo,2.17
Jurassic_Park..._Works_Big_Game_Commercial_2026_Xfinity,36,18.0,18,6,L Sulcus front sup,2.16
Jurassic_Park..._Works_Big_Game_Commercial_2026_Xfinity,36,18.0,18,7,L Gyrus and Sulcus transv frontopol,2.16
Jurassic_Park..._Works_Big_Game_Commercial_2026_Xfinity,36,18.0,18,8,L Sulcus temporal sup,2.12
Jurassic_Park..._Works_Big_Game_Commercial_2026_Xfinity,37,18.5,18,1,L Gyrus temporal inf,2.22
Jurassic_Park..._Works_Big_Game_Commercial_2026_Xfinity,37,18.5,18,2,L Gyrus precuneus,2.21
Jurassic_Park..._Works_Big_Game_Commercial_2026_Xfinity,37,18.5,18,3,L Gyrus oc-temp lat-fusifor,2.21
Jurassic_Park..._Works_Big_Game_Commercial_2026_Xfinity,37,18.5,18,4,L Gyrus pariet inf-Angular,2.18
Jurassic_Park..._Works_Big_Game_Commercial_2026_Xfinity,37,18.5,18,5,L Gyrus temp sup-Plan tempo,2.17
Jurassic_Park..._Works_Big_Game_Commercial_2026_Xfinity,37,18.5,18,6,L Sulcus front sup,2.16
Jurassic_Park..._Works_Big_Game_Commercial_2026_Xfinity,37,18.5,18,7,L Gyrus and Sulcus transv frontopol,2.16
Jurassic_Park..._Works_Big_Game_Commercial_2026_Xfinity,37,18.5,18,8,L Sulcus temporal sup,2.12
Jurassic_Park..._Works_Big_Game_Commercial_2026_Xfinity,38,19.0,19,1,L Gyrus pariet inf-Angular,2.34
Jurassic_Park..._Works_Big_Game_Commercial_2026_Xfinity,38,19.0,19,2,L Gyrus occipital middle,2.28
Jurassic_Park..._Works_Big_Game_Commercial_2026_Xfinity,38,19.0,19,3,L Sulcus temporal sup,2.23
Jurassic_Park..._Works_Big_Game_Commercial_2026_Xfinity,38,19.0,19,4,R Gyrus occipital middle,2.21
Jurassic_Park..._Works_Big_Game_Commercial_2026_Xfinity,38,19.0,19,5,L Gyrus temp sup-Plan tempo,2.18
Jurassic_Park..._Works_Big_Game_Commercial_2026_Xfinity,38,19.0,19,6,R Sulcus collat transv ant,2.17
Jurassic_Park..._Works_Big_Game_Commercial_2026_Xfinity,38,19.0,19,7,L Gyrus precuneus,2.15
Jurassic_Park..._Works_Big_Game_Commercial_2026_Xfinity,38,19.0,19,8,R Sulcus orbital med-olfact,2.15
Jurassic_Park..._Works_Big_Game_Commercial_2026_Xfinity,39,19.5,19,1,L Gyrus pariet inf-Angular,2.34
Jurassic_Park..._Works_Big_Game_Commercial_2026_Xfinity,39,19.5,19,2,L Gyrus occipital middle,2.28
Jurassic_Park..._Works_Big_Game_Commercial_2026_Xfinity,39,19.5,19,3,L Sulcus temporal sup,2.23
Jurassic_Park..._Works_Big_Game_Commercial_2026_Xfinity,39,19.5,19,4,R Gyrus occipital middle,2.21
Jurassic_Park..._Works_Big_Game_Commercial_2026_Xfinity,39,19.5,19,5,L Gyrus temp sup-Plan tempo,2.18
Jurassic_Park..._Works_Big_Game_Commercial_2026_Xfinity,39,19.5,19,6,R Sulcus collat transv ant,2.17
Jurassic_Park..._Works_Big_Game_Commercial_2026_Xfinity,39,19.5,19,7,L Gyrus precuneus,2.15
Jurassic_Park..._Works_Big_Game_Commercial_2026_Xfinity,39,19.5,19,8,R Sulcus orbital med-olfact,2.15
Jurassic_Park..._Works_Big_Game_Commercial_2026_Xfinity,40,20.0,20,1,L Gyrus pariet inf-Angular,2.42
Jurassic_Park..._Works_Big_Game_Commercial_2026_Xfinity,40,20.0,20,2,L Gyrus cingul-Post-ventral,2.41
Jurassic_Park..._Works_Big_Game_Commercial_2026_Xfinity,40,20.0,20,3,R Gyrus occipital middle,2.36
Jurassic_Park..._Works_Big_Game_Commercial_2026_Xfinity,40,20.0,20,4,L Sulcus calcarine,2.32
Jurassic_Park..._Works_Big_Game_Commercial_2026_Xfinity,40,20.0,20,5,L Gyrus oc-temp med-Lingual,2.32
Jurassic_Park..._Works_Big_Game_Commercial_2026_Xfinity,40,20.0,20,6,R Sulcus collat transv ant,2.28
Jurassic_Park..._Works_Big_Game_Commercial_2026_Xfinity,40,20.0,20,7,L Gyrus occipital middle,2.26
Jurassic_Park..._Works_Big_Game_Commercial_2026_Xfinity,40,20.0,20,8,R Sulcus calcarine,2.24
Jurassic_Park..._Works_Big_Game_Commercial_2026_Xfinity,41,20.5,20,1,L Gyrus pariet inf-Angular,2.42
Jurassic_Park..._Works_Big_Game_Commercial_2026_Xfinity,41,20.5,20,2,L Gyrus cingul-Post-ventral,2.41
Jurassic_Park..._Works_Big_Game_Commercial_2026_Xfinity,41,20.5,20,3,R Gyrus occipital middle,2.36
Jurassic_Park..._Works_Big_Game_Commercial_2026_Xfinity,41,20.5,20,4,L Sulcus calcarine,2.32
Jurassic_Park..._Works_Big_Game_Commercial_2026_Xfinity,41,20.5,20,5,L Gyrus oc-temp med-Lingual,2.32
Jurassic_Park..._Works_Big_Game_Commercial_2026_Xfinity,41,20.5,20,6,R Sulcus collat transv ant,2.28
Jurassic_Park..._Works_Big_Game_Commercial_2026_Xfinity,41,20.5,20,7,L Gyrus occipital middle,2.26
Jurassic_Park..._Works_Big_Game_Commercial_2026_Xfinity,41,20.5,20,8,R Sulcus calcarine,2.24
Jurassic_Park..._Works_Big_Game_Commercial_2026_Xfinity,42,21.0,21,1,L Gyrus cingul-Post-ventral,2.51
Jurassic_Park..._Works_Big_Game_Commercial_2026_Xfinity,42,21.0,21,2,R Sulcus orbital-H Shaped,2.38
Jurassic_Park..._Works_Big_Game_Commercial_2026_Xfinity,42,21.0,21,3,R Gyrus rectus,2.34
Jurassic_Park..._Works_Big_Game_Commercial_2026_Xfinity,42,21.0,21,4,R Gyrus occipital middle,2.31
Jurassic_Park..._Works_Big_Game_Commercial_2026_Xfinity,42,21.0,21,5,L Sulcus calcarine,2.31
Jurassic_Park..._Works_Big_Game_Commercial_2026_Xfinity,42,21.0,21,6,L Gyrus pariet inf-Angular,2.25
Jurassic_Park..._Works_Big_Game_Commercial_2026_Xfinity,42,21.0,21,7,L Gyrus oc-temp med-Lingual,2.25
Jurassic_Park..._Works_Big_Game_Commercial_2026_Xfinity,42,21.0,21,8,R Sulcus calcarine,2.24
Jurassic_Park..._Works_Big_Game_Commercial_2026_Xfinity,43,21.5,21,1,L Gyrus cingul-Post-ventral,2.51
Jurassic_Park..._Works_Big_Game_Commercial_2026_Xfinity,43,21.5,21,2,R Sulcus orbital-H Shaped,2.38
Jurassic_Park..._Works_Big_Game_Commercial_2026_Xfinity,43,21.5,21,3,R Gyrus rectus,2.34
Jurassic_Park..._Works_Big_Game_Commercial_2026_Xfinity,43,21.5,21,4,R Gyrus occipital middle,2.31
Jurassic_Park..._Works_Big_Game_Commercial_2026_Xfinity,43,21.5,21,5,L Sulcus calcarine,2.31
Jurassic_Park..._Works_Big_Game_Commercial_2026_Xfinity,43,21.5,21,6,L Gyrus pariet inf-Angular,2.25
Jurassic_Park..._Works_Big_Game_Commercial_2026_Xfinity,43,21.5,21,7,L Gyrus oc-temp med-Lingual,2.25
Jurassic_Park..._Works_Big_Game_Commercial_2026_Xfinity,43,21.5,21,8,R Sulcus calcarine,2.24
Jurassic_Park..._Works_Big_Game_Commercial_2026_Xfinity,44,22.0,22,1,L Gyrus cingul-Post-ventral,2.35
Jurassic_Park..._Works_Big_Game_Commercial_2026_Xfinity,44,22.0,22,2,R Sulcus orbital med-olfact,2.18
Jurassic_Park..._Works_Big_Game_Commercial_2026_Xfinity,44,22.0,22,3,L Gyrus precentral,2.17
Jurassic_Park..._Works_Big_Game_Commercial_2026_Xfinity,44,22.0,22,4,R Sulcus parieto occipital,2.16
Jurassic_Park..._Works_Big_Game_Commercial_2026_Xfinity,44,22.0,22,5,L Sulcus calcarine,2.13
Jurassic_Park..._Works_Big_Game_Commercial_2026_Xfinity,44,22.0,22,6,L Gyrus rectus,2.13
Jurassic_Park..._Works_Big_Game_Commercial_2026_Xfinity,44,22.0,22,7,L Sulcus orbital med-olfact,2.12
Jurassic_Park..._Works_Big_Game_Commercial_2026_Xfinity,44,22.0,22,8,R Sulcus collat transv ant,2.1
Jurassic_Park..._Works_Big_Game_Commercial_2026_Xfinity,45,22.5,22,1,L Gyrus cingul-Post-ventral,2.35
Jurassic_Park..._Works_Big_Game_Commercial_2026_Xfinity,45,22.5,22,2,R Sulcus orbital med-olfact,2.18
Jurassic_Park..._Works_Big_Game_Commercial_2026_Xfinity,45,22.5,22,3,L Gyrus precentral,2.17
Jurassic_Park..._Works_Big_Game_Commercial_2026_Xfinity,45,22.5,22,4,R Sulcus parieto occipital,2.16
Jurassic_Park..._Works_Big_Game_Commercial_2026_Xfinity,45,22.5,22,5,L Sulcus calcarine,2.13
Jurassic_Park..._Works_Big_Game_Commercial_2026_Xfinity,45,22.5,22,6,L Gyrus rectus,2.13
Jurassic_Park..._Works_Big_Game_Commercial_2026_Xfinity,45,22.5,22,7,L Sulcus orbital med-olfact,2.12
Jurassic_Park..._Works_Big_Game_Commercial_2026_Xfinity,45,22.5,22,8,R Sulcus collat transv ant,2.1
Jurassic_Park..._Works_Big_Game_Commercial_2026_Xfinity,46,23.0,23,1,L Gyrus precentral,2.18
Jurassic_Park..._Works_Big_Game_Commercial_2026_Xfinity,46,23.0,23,2,R Sulcus orbital med-olfact,2.16
Jurassic_Park..._Works_Big_Game_Commercial_2026_Xfinity,46,23.0,23,3,L Gyrus rectus,2.15
Jurassic_Park..._Works_Big_Game_Commercial_2026_Xfinity,46,23.0,23,4,L Sulcus temporal inf,2.1
Jurassic_Park..._Works_Big_Game_Commercial_2026_Xfinity,46,23.0,23,5,R Gyrus rectus,2.1
Jurassic_Park..._Works_Big_Game_Commercial_2026_Xfinity,46,23.0,23,6,R Sulcus orbital-H Shaped,2.08
Jurassic_Park..._Works_Big_Game_Commercial_2026_Xfinity,46,23.0,23,7,L Gyrus temporal inf,2.06
Jurassic_Park..._Works_Big_Game_Commercial_2026_Xfinity,46,23.0,23,8,L Lat Fis-ant-Vertical,2.05
Jurassic_Park..._Works_Big_Game_Commercial_2026_Xfinity,47,23.5,23,1,L Gyrus precentral,2.18
Jurassic_Park..._Works_Big_Game_Commercial_2026_Xfinity,47,23.5,23,2,R Sulcus orbital med-olfact,2.16
Jurassic_Park..._Works_Big_Game_Commercial_2026_Xfinity,47,23.5,23,3,L Gyrus rectus,2.15
Jurassic_Park..._Works_Big_Game_Commercial_2026_Xfinity,47,23.5,23,4,L Sulcus temporal inf,2.1
Jurassic_Park..._Works_Big_Game_Commercial_2026_Xfinity,47,23.5,23,5,R Gyrus rectus,2.1
Jurassic_Park..._Works_Big_Game_Commercial_2026_Xfinity,47,23.5,23,6,R Sulcus orbital-H Shaped,2.08
Jurassic_Park..._Works_Big_Game_Commercial_2026_Xfinity,47,23.5,23,7,L Gyrus temporal inf,2.06
Jurassic_Park..._Works_Big_Game_Commercial_2026_Xfinity,47,23.5,23,8,L Lat Fis-ant-Vertical,2.05
Jurassic_Park..._Works_Big_Game_Commercial_2026_Xfinity,48,24.0,24,1,L Gyrus rectus,2.2
Jurassic_Park..._Works_Big_Game_Commercial_2026_Xfinity,48,24.0,24,2,L Sulcus temporal inf,2.17
Jurassic_Park..._Works_Big_Game_Commercial_2026_Xfinity,48,24.0,24,3,R Gyrus rectus,2.13
Jurassic_Park..._Works_Big_Game_Commercial_2026_Xfinity,48,24.0,24,4,L Gyrus precentral,2.13
Jurassic_Park..._Works_Big_Game_Commercial_2026_Xfinity,48,24.0,24,5,R Sulcus orbital-H Shaped,2.08
Jurassic_Park..._Works_Big_Game_Commercial_2026_Xfinity,48,24.0,24,6,R Sulcus orbital med-olfact,2.07
Jurassic_Park..._Works_Big_Game_Commercial_2026_Xfinity,48,24.0,24,7,R Gyrus and Sulcus paracentral,2.05
Jurassic_Park..._Works_Big_Game_Commercial_2026_Xfinity,48,24.0,24,8,L Sulcus orbital med-olfact,2.03
Jurassic_Park..._Works_Big_Game_Commercial_2026_Xfinity,49,24.5,24,1,L Gyrus rectus,2.2
Jurassic_Park..._Works_Big_Game_Commercial_2026_Xfinity,49,24.5,24,2,L Sulcus temporal inf,2.17
Jurassic_Park..._Works_Big_Game_Commercial_2026_Xfinity,49,24.5,24,3,R Gyrus rectus,2.13
Jurassic_Park..._Works_Big_Game_Commercial_2026_Xfinity,49,24.5,24,4,L Gyrus precentral,2.13
Jurassic_Park..._Works_Big_Game_Commercial_2026_Xfinity,49,24.5,24,5,R Sulcus orbital-H Shaped,2.08
Jurassic_Park..._Works_Big_Game_Commercial_2026_Xfinity,49,24.5,24,6,R Sulcus orbital med-olfact,2.07
Jurassic_Park..._Works_Big_Game_Commercial_2026_Xfinity,49,24.5,24,7,R Gyrus and Sulcus paracentral,2.05
Jurassic_Park..._Works_Big_Game_Commercial_2026_Xfinity,49,24.5,24,8,L Sulcus orbital med-olfact,2.03
Jurassic_Park..._Works_Big_Game_Commercial_2026_Xfinity,50,25.0,25,1,L Sulcus temporal inf,2.08
Jurassic_Park..._Works_Big_Game_Commercial_2026_Xfinity,50,25.0,25,2,L Sulcus orbital med-olfact,2.01
Jurassic_Park..._Works_Big_Game_Commercial_2026_Xfinity,50,25.0,25,3,L Gyrus precentral,1.98
Jurassic_Park..._Works_Big_Game_Commercial_2026_Xfinity,50,25.0,25,4,R Gyrus postcentral,1.93
Jurassic_Park..._Works_Big_Game_Commercial_2026_Xfinity,50,25.0,25,5,L Gyrus rectus,1.92
Jurassic_Park..._Works_Big_Game_Commercial_2026_Xfinity,50,25.0,25,6,R Gyrus front sup,1.9
Jurassic_Park..._Works_Big_Game_Commercial_2026_Xfinity,50,25.0,25,7,L Gyrus and Sulcus paracentral,1.89
Jurassic_Park..._Works_Big_Game_Commercial_2026_Xfinity,50,25.0,25,8,L Sulcus central,1.86
Jurassic_Park..._Works_Big_Game_Commercial_2026_Xfinity,51,25.5,25,1,L Sulcus temporal inf,2.08
Jurassic_Park..._Works_Big_Game_Commercial_2026_Xfinity,51,25.5,25,2,L Sulcus orbital med-olfact,2.01
Jurassic_Park..._Works_Big_Game_Commercial_2026_Xfinity,51,25.5,25,3,L Gyrus precentral,1.98
Jurassic_Park..._Works_Big_Game_Commercial_2026_Xfinity,51,25.5,25,4,R Gyrus postcentral,1.93
Jurassic_Park..._Works_Big_Game_Commercial_2026_Xfinity,51,25.5,25,5,L Gyrus rectus,1.92
Jurassic_Park..._Works_Big_Game_Commercial_2026_Xfinity,51,25.5,25,6,R Gyrus front sup,1.9
Jurassic_Park..._Works_Big_Game_Commercial_2026_Xfinity,51,25.5,25,7,L Gyrus and Sulcus paracentral,1.89
Jurassic_Park..._Works_Big_Game_Commercial_2026_Xfinity,51,25.5,25,8,L Sulcus central,1.86
Jurassic_Park..._Works_Big_Game_Commercial_2026_Xfinity,52,26.0,26,1,L Sulcus orbital med-olfact,2.14
Jurassic_Park..._Works_Big_Game_Commercial_2026_Xfinity,52,26.0,26,2,R Gyrus rectus,1.95
Jurassic_Park..._Works_Big_Game_Commercial_2026_Xfinity,52,26.0,26,3,R Gyrus front sup,1.91
Jurassic_Park..._Works_Big_Game_Commercial_2026_Xfinity,52,26.0,26,4,R Gyrus subcallosal,1.86
Jurassic_Park..._Works_Big_Game_Commercial_2026_Xfinity,52,26.0,26,5,R Gyrus postcentral,1.83
Jurassic_Park..._Works_Big_Game_Commercial_2026_Xfinity,52,26.0,26,6,L Gyrus orbital,1.8
Jurassic_Park..._Works_Big_Game_Commercial_2026_Xfinity,52,26.0,26,7,L Gyrus front inf-Triangul,1.79
Jurassic_Park..._Works_Big_Game_Commercial_2026_Xfinity,53,26.5,26,1,L Sulcus orbital med-olfact,2.14
Jurassic_Park..._Works_Big_Game_Commercial_2026_Xfinity,53,26.5,26,2,R Gyrus rectus,1.95
Jurassic_Park..._Works_Big_Game_Commercial_2026_Xfinity,53,26.5,26,3,R Gyrus front sup,1.91
Jurassic_Park..._Works_Big_Game_Commercial_2026_Xfinity,53,26.5,26,4,R Gyrus subcallosal,1.86
Jurassic_Park..._Works_Big_Game_Commercial_2026_Xfinity,53,26.5,26,5,R Gyrus postcentral,1.83
Jurassic_Park..._Works_Big_Game_Commercial_2026_Xfinity,53,26.5,26,6,L Gyrus orbital,1.8
Jurassic_Park..._Works_Big_Game_Commercial_2026_Xfinity,53,26.5,26,7,L Gyrus front inf-Triangul,1.79
Jurassic_Park..._Works_Big_Game_Commercial_2026_Xfinity,54,27.0,27,1,L Sulcus orbital med-olfact,2.08
Jurassic_Park..._Works_Big_Game_Commercial_2026_Xfinity,54,27.0,27,2,R Gyrus front sup,1.95
Jurassic_Park..._Works_Big_Game_Commercial_2026_Xfinity,54,27.0,27,3,R Gyrus rectus,1.94
Jurassic_Park..._Works_Big_Game_Commercial_2026_Xfinity,54,27.0,27,4,R Pole occipital,1.93
Jurassic_Park..._Works_Big_Game_Commercial_2026_Xfinity,54,27.0,27,5,L Gyrus front inf-Triangul,1.92
Jurassic_Park..._Works_Big_Game_Commercial_2026_Xfinity,54,27.0,27,6,L Gyrus orbital,1.88
Jurassic_Park..._Works_Big_Game_Commercial_2026_Xfinity,54,27.0,27,7,R Gyrus subcallosal,1.81
Jurassic_Park..._Works_Big_Game_Commercial_2026_Xfinity,54,27.0,27,8,R Sulcus central,1.8
Jurassic_Park..._Works_Big_Game_Commercial_2026_Xfinity,55,27.5,27,1,L Sulcus orbital med-olfact,2.08
Jurassic_Park..._Works_Big_Game_Commercial_2026_Xfinity,55,27.5,27,2,R Gyrus front sup,1.95
Jurassic_Park..._Works_Big_Game_Commercial_2026_Xfinity,55,27.5,27,3,R Gyrus rectus,1.94
Jurassic_Park..._Works_Big_Game_Commercial_2026_Xfinity,55,27.5,27,4,R Pole occipital,1.93
Jurassic_Park..._Works_Big_Game_Commercial_2026_Xfinity,55,27.5,27,5,L Gyrus front inf-Triangul,1.92
Jurassic_Park..._Works_Big_Game_Commercial_2026_Xfinity,55,27.5,27,6,L Gyrus orbital,1.88
Jurassic_Park..._Works_Big_Game_Commercial_2026_Xfinity,55,27.5,27,7,R Gyrus subcallosal,1.81
Jurassic_Park..._Works_Big_Game_Commercial_2026_Xfinity,55,27.5,27,8,R Sulcus central,1.8
Jurassic_Park..._Works_Big_Game_Commercial_2026_Xfinity,56,28.0,28,1,L Sulcus orbital med-olfact,2.45
Jurassic_Park..._Works_Big_Game_Commercial_2026_Xfinity,56,28.0,28,2,R Gyrus orbital,2.04
Jurassic_Park..._Works_Big_Game_Commercial_2026_Xfinity,56,28.0,28,3,L Gyrus front inf-Triangul,2.01
Jurassic_Park..._Works_Big_Game_Commercial_2026_Xfinity,56,28.0,28,4,R Pole occipital,2.0
Jurassic_Park..._Works_Big_Game_Commercial_2026_Xfinity,56,28.0,28,5,R Gyrus front sup,2.0
Jurassic_Park..._Works_Big_Game_Commercial_2026_Xfinity,56,28.0,28,6,R Gyrus rectus,1.92
Jurassic_Park..._Works_Big_Game_Commercial_2026_Xfinity,56,28.0,28,7,L Lat Fis-ant-Horizont,1.9
Jurassic_Park..._Works_Big_Game_Commercial_2026_Xfinity,56,28.0,28,8,R Sulcus central,1.9
Jurassic_Park..._Works_Big_Game_Commercial_2026_Xfinity,57,28.5,28,1,L Sulcus orbital med-olfact,2.45
Jurassic_Park..._Works_Big_Game_Commercial_2026_Xfinity,57,28.5,28,2,R Gyrus orbital,2.04
Jurassic_Park..._Works_Big_Game_Commercial_2026_Xfinity,57,28.5,28,3,L Gyrus front inf-Triangul,2.01
Jurassic_Park..._Works_Big_Game_Commercial_2026_Xfinity,57,28.5,28,4,R Pole occipital,2.0
Jurassic_Park..._Works_Big_Game_Commercial_2026_Xfinity,57,28.5,28,5,R Gyrus front sup,2.0
Jurassic_Park..._Works_Big_Game_Commercial_2026_Xfinity,57,28.5,28,6,R Gyrus rectus,1.92
Jurassic_Park..._Works_Big_Game_Commercial_2026_Xfinity,57,28.5,28,7,L Lat Fis-ant-Horizont,1.9
Jurassic_Park..._Works_Big_Game_Commercial_2026_Xfinity,57,28.5,28,8,R Sulcus central,1.9
Jurassic_Park..._Works_Big_Game_Commercial_2026_Xfinity,58,29.0,29,1,L Gyrus front inf-Triangul,2.19
Jurassic_Park..._Works_Big_Game_Commercial_2026_Xfinity,58,29.0,29,2,L Sulcus orbital med-olfact,2.16
Jurassic_Park..._Works_Big_Game_Commercial_2026_Xfinity,58,29.0,29,3,R Gyrus orbital,2.12
Jurassic_Park..._Works_Big_Game_Commercial_2026_Xfinity,58,29.0,29,4,L Lat Fis-ant-Horizont,1.96
Jurassic_Park..._Works_Big_Game_Commercial_2026_Xfinity,58,29.0,29,5,R Gyrus front sup,1.93
Jurassic_Park..._Works_Big_Game_Commercial_2026_Xfinity,58,29.0,29,6,L Sulcus circular insula sup,1.91
Jurassic_Park..._Works_Big_Game_Commercial_2026_Xfinity,58,29.0,29,7,L Gyrus orbital,1.91
Jurassic_Park..._Works_Big_Game_Commercial_2026_Xfinity,58,29.0,29,8,R Sulcus central,1.91
Jurassic_Park..._Works_Big_Game_Commercial_2026_Xfinity,59,29.5,29,1,L Gyrus front inf-Triangul,2.19
Jurassic_Park..._Works_Big_Game_Commercial_2026_Xfinity,59,29.5,29,2,L Sulcus orbital med-olfact,2.16
Jurassic_Park..._Works_Big_Game_Commercial_2026_Xfinity,59,29.5,29,3,R Gyrus orbital,2.12
Jurassic_Park..._Works_Big_Game_Commercial_2026_Xfinity,59,29.5,29,4,L Lat Fis-ant-Horizont,1.96
Jurassic_Park..._Works_Big_Game_Commercial_2026_Xfinity,59,29.5,29,5,R Gyrus front sup,1.93
Jurassic_Park..._Works_Big_Game_Commercial_2026_Xfinity,59,29.5,29,6,L Sulcus circular insula sup,1.91
Jurassic_Park..._Works_Big_Game_Commercial_2026_Xfinity,59,29.5,29,7,L Gyrus orbital,1.91
Jurassic_Park..._Works_Big_Game_Commercial_2026_Xfinity,59,29.5,29,8,R Sulcus central,1.91
Jurassic_Park..._Works_Big_Game_Commercial_2026_Xfinity,60,30.0,30,1,R Gyrus orbital,2.32
Jurassic_Park..._Works_Big_Game_Commercial_2026_Xfinity,60,30.0,30,2,L Gyrus front inf-Triangul,2.21
Jurassic_Park..._Works_Big_Game_Commercial_2026_Xfinity,60,30.0,30,3,L Sulcus circular insula sup,2.05
Jurassic_Park..._Works_Big_Game_Commercial_2026_Xfinity,60,30.0,30,4,L Lat Fis-ant-Horizont,2.0
Jurassic_Park..._Works_Big_Game_Commercial_2026_Xfinity,60,30.0,30,5,R Sulcus central,1.92
Jurassic_Park..._Works_Big_Game_Commercial_2026_Xfinity,60,30.0,30,6,R Gyrus postcentral,1.91
Jurassic_Park..._Works_Big_Game_Commercial_2026_Xfinity,60,30.0,30,7,R Gyrus and Sulcus paracentral,1.91
Jurassic_Park..._Works_Big_Game_Commercial_2026_Xfinity,60,30.0,30,8,L Sulcus circular insula ant,1.88
Jurassic_Park..._Works_Big_Game_Commercial_2026_Xfinity,61,30.5,30,1,R Gyrus orbital,2.32
Jurassic_Park..._Works_Big_Game_Commercial_2026_Xfinity,61,30.5,30,2,L Gyrus front inf-Triangul,2.21
Jurassic_Park..._Works_Big_Game_Commercial_2026_Xfinity,61,30.5,30,3,L Sulcus circular insula sup,2.05
Jurassic_Park..._Works_Big_Game_Commercial_2026_Xfinity,61,30.5,30,4,L Lat Fis-ant-Horizont,2.0
Jurassic_Park..._Works_Big_Game_Commercial_2026_Xfinity,61,30.5,30,5,R Sulcus central,1.92
Jurassic_Park..._Works_Big_Game_Commercial_2026_Xfinity,61,30.5,30,6,R Gyrus postcentral,1.91
Jurassic_Park..._Works_Big_Game_Commercial_2026_Xfinity,61,30.5,30,7,R Gyrus and Sulcus paracentral,1.91
Jurassic_Park..._Works_Big_Game_Commercial_2026_Xfinity,61,30.5,30,8,L Sulcus circular insula ant,1.88
Jurassic_Park..._Works_Big_Game_Commercial_2026_Xfinity,62,31.0,31,1,L Sulcus circular insula sup,2.12
Jurassic_Park..._Works_Big_Game_Commercial_2026_Xfinity,62,31.0,31,2,R Gyrus orbital,2.09
Jurassic_Park..._Works_Big_Game_Commercial_2026_Xfinity,62,31.0,31,3,R Gyrus and Sulcus paracentral,2.03
Jurassic_Park..._Works_Big_Game_Commercial_2026_Xfinity,62,31.0,31,4,L Lat Fis-ant-Horizont,1.99
Jurassic_Park..._Works_Big_Game_Commercial_2026_Xfinity,62,31.0,31,5,L Gyrus front inf-Triangul,1.97
Jurassic_Park..._Works_Big_Game_Commercial_2026_Xfinity,62,31.0,31,6,R Gyrus front sup,1.97
Jurassic_Park..._Works_Big_Game_Commercial_2026_Xfinity,62,31.0,31,7,R Sulcus central,1.96
Jurassic_Park..._Works_Big_Game_Commercial_2026_Xfinity,62,31.0,31,8,L Sulcus central,1.95
Jurassic_Park..._Works_Big_Game_Commercial_2026_Xfinity,63,31.5,31,1,L Sulcus circular insula sup,2.12
Jurassic_Park..._Works_Big_Game_Commercial_2026_Xfinity,63,31.5,31,2,R Gyrus orbital,2.09
Jurassic_Park..._Works_Big_Game_Commercial_2026_Xfinity,63,31.5,31,3,R Gyrus and Sulcus paracentral,2.03
Jurassic_Park..._Works_Big_Game_Commercial_2026_Xfinity,63,31.5,31,4,L Lat Fis-ant-Horizont,1.99
Jurassic_Park..._Works_Big_Game_Commercial_2026_Xfinity,63,31.5,31,5,L Gyrus front inf-Triangul,1.97
Jurassic_Park..._Works_Big_Game_Commercial_2026_Xfinity,63,31.5,31,6,R Gyrus front sup,1.97
Jurassic_Park..._Works_Big_Game_Commercial_2026_Xfinity,63,31.5,31,7,R Sulcus central,1.96
Jurassic_Park..._Works_Big_Game_Commercial_2026_Xfinity,63,31.5,31,8,L Sulcus central,1.95
Jurassic_Park..._Works_Big_Game_Commercial_2026_Xfinity,64,32.0,32,1,R Gyrus and Sulcus paracentral,2.06
Jurassic_Park..._Works_Big_Game_Commercial_2026_Xfinity,64,32.0,32,2,R Gyrus postcentral,2.02
Jurassic_Park..._Works_Big_Game_Commercial_2026_Xfinity,64,32.0,32,3,L Sulcus circular insula sup,2.01
Jurassic_Park..._Works_Big_Game_Commercial_2026_Xfinity,64,32.0,32,4,R Gyrus orbital,2.0
Jurassic_Park..._Works_Big_Game_Commercial_2026_Xfinity,64,32.0,32,5,R Sulcus central,1.98
Jurassic_Park..._Works_Big_Game_Commercial_2026_Xfinity,64,32.0,32,6,L Lat Fis-ant-Horizont,1.91
Jurassic_Park..._Works_Big_Game_Commercial_2026_Xfinity,64,32.0,32,7,L Sulcus central,1.89
Jurassic_Park..._Works_Big_Game_Commercial_2026_Xfinity,64,32.0,32,8,R Gyrus front sup,1.88
Jurassic_Park..._Works_Big_Game_Commercial_2026_Xfinity,65,32.5,32,1,R Gyrus and Sulcus paracentral,2.06
Jurassic_Park..._Works_Big_Game_Commercial_2026_Xfinity,65,32.5,32,2,R Gyrus postcentral,2.02
Jurassic_Park..._Works_Big_Game_Commercial_2026_Xfinity,65,32.5,32,3,L Sulcus circular insula sup,2.01
Jurassic_Park..._Works_Big_Game_Commercial_2026_Xfinity,65,32.5,32,4,R Gyrus orbital,2.0
Jurassic_Park..._Works_Big_Game_Commercial_2026_Xfinity,65,32.5,32,5,R Sulcus central,1.98
Jurassic_Park..._Works_Big_Game_Commercial_2026_Xfinity,65,32.5,32,6,L Lat Fis-ant-Horizont,1.91
Jurassic_Park..._Works_Big_Game_Commercial_2026_Xfinity,65,32.5,32,7,L Sulcus central,1.89
Jurassic_Park..._Works_Big_Game_Commercial_2026_Xfinity,65,32.5,32,8,R Gyrus front sup,1.88
Jurassic_Park..._Works_Big_Game_Commercial_2026_Xfinity,66,33.0,33,1,R Gyrus postcentral,2.12
Jurassic_Park..._Works_Big_Game_Commercial_2026_Xfinity,66,33.0,33,2,R Lat Fis-post,2.07
Jurassic_Park..._Works_Big_Game_Commercial_2026_Xfinity,66,33.0,33,3,L Sulcus circular insula inf,2.06
Jurassic_Park..._Works_Big_Game_Commercial_2026_Xfinity,66,33.0,33,4,R Gyrus front sup,2.03
Jurassic_Park..._Works_Big_Game_Commercial_2026_Xfinity,66,33.0,33,5,R Gyrus orbital,2.03
Jurassic_Park..._Works_Big_Game_Commercial_2026_Xfinity,66,33.0,33,6,R Sulcus central,2.02
Jurassic_Park..._Works_Big_Game_Commercial_2026_Xfinity,66,33.0,33,7,R Gyrus and Sulcus cingul-Ant,1.98
Jurassic_Park..._Works_Big_Game_Commercial_2026_Xfinity,66,33.0,33,8,R Sulcus circular insula inf,1.98
Jurassic_Park..._Works_Big_Game_Commercial_2026_Xfinity,67,33.5,33,1,R Gyrus postcentral,2.12
Jurassic_Park..._Works_Big_Game_Commercial_2026_Xfinity,67,33.5,33,2,R Lat Fis-post,2.07
Jurassic_Park..._Works_Big_Game_Commercial_2026_Xfinity,67,33.5,33,3,L Sulcus circular insula inf,2.06
Jurassic_Park..._Works_Big_Game_Commercial_2026_Xfinity,67,33.5,33,4,R Gyrus front sup,2.03
Jurassic_Park..._Works_Big_Game_Commercial_2026_Xfinity,67,33.5,33,5,R Gyrus orbital,2.03
Jurassic_Park..._Works_Big_Game_Commercial_2026_Xfinity,67,33.5,33,6,R Sulcus central,2.02
Jurassic_Park..._Works_Big_Game_Commercial_2026_Xfinity,67,33.5,33,7,R Gyrus and Sulcus cingul-Ant,1.98
Jurassic_Park..._Works_Big_Game_Commercial_2026_Xfinity,67,33.5,33,8,R Sulcus circular insula inf,1.98
Jurassic_Park..._Works_Big_Game_Commercial_2026_Xfinity,68,34.0,34,1,L Sulcus pericallosal,2.38
Jurassic_Park..._Works_Big_Game_Commercial_2026_Xfinity,68,34.0,34,2,R Gyrus front sup,2.21
Jurassic_Park..._Works_Big_Game_Commercial_2026_Xfinity,68,34.0,34,3,R Sulcus circular insula inf,2.19
Jurassic_Park..._Works_Big_Game_Commercial_2026_Xfinity,68,34.0,34,4,L Sulcus circular insula inf,2.18
Jurassic_Park..._Works_Big_Game_Commercial_2026_Xfinity,68,34.0,34,5,R Gyrus temp sup-Plan polar,2.17
Jurassic_Park..._Works_Big_Game_Commercial_2026_Xfinity,68,34.0,34,6,R Lat Fis-post,2.15
Jurassic_Park..._Works_Big_Game_Commercial_2026_Xfinity,68,34.0,34,7,R Gyrus orbital,2.13
Jurassic_Park..._Works_Big_Game_Commercial_2026_Xfinity,68,34.0,34,8,R Gyrus postcentral,2.13
Jurassic_Park..._Works_Big_Game_Commercial_2026_Xfinity,69,34.5,34,1,L Sulcus pericallosal,2.38
Jurassic_Park..._Works_Big_Game_Commercial_2026_Xfinity,69,34.5,34,2,R Gyrus front sup,2.21
Jurassic_Park..._Works_Big_Game_Commercial_2026_Xfinity,69,34.5,34,3,R Sulcus circular insula inf,2.19
Jurassic_Park..._Works_Big_Game_Commercial_2026_Xfinity,69,34.5,34,4,L Sulcus circular insula inf,2.18
Jurassic_Park..._Works_Big_Game_Commercial_2026_Xfinity,69,34.5,34,5,R Gyrus temp sup-Plan polar,2.17
Jurassic_Park..._Works_Big_Game_Commercial_2026_Xfinity,69,34.5,34,6,R Lat Fis-post,2.15
Jurassic_Park..._Works_Big_Game_Commercial_2026_Xfinity,69,34.5,34,7,R Gyrus orbital,2.13
Jurassic_Park..._Works_Big_Game_Commercial_2026_Xfinity,69,34.5,34,8,R Gyrus postcentral,2.13
Jurassic_Park..._Works_Big_Game_Commercial_2026_Xfinity,70,35.0,35,1,L Sulcus circular insula inf,2.38
Jurassic_Park..._Works_Big_Game_Commercial_2026_Xfinity,70,35.0,35,2,L Gyrus orbital,2.29
Jurassic_Park..._Works_Big_Game_Commercial_2026_Xfinity,70,35.0,35,3,R Gyrus temp sup-Plan polar,2.29
Jurassic_Park..._Works_Big_Game_Commercial_2026_Xfinity,70,35.0,35,4,R Gyrus front sup,2.29
Jurassic_Park..._Works_Big_Game_Commercial_2026_Xfinity,70,35.0,35,5,L Sulcus orbital med-olfact,2.26
Jurassic_Park..._Works_Big_Game_Commercial_2026_Xfinity,70,35.0,35,6,R Sulcus circular insula inf,2.21
Jurassic_Park..._Works_Big_Game_Commercial_2026_Xfinity,70,35.0,35,7,L Sulcus pericallosal,2.2
Jurassic_Park..._Works_Big_Game_Commercial_2026_Xfinity,70,35.0,35,8,R Sulcus orbital-H Shaped,2.2
Jurassic_Park..._Works_Big_Game_Commercial_2026_Xfinity,71,35.5,35,1,L Sulcus circular insula inf,2.38
Jurassic_Park..._Works_Big_Game_Commercial_2026_Xfinity,71,35.5,35,2,L Gyrus orbital,2.29
Jurassic_Park..._Works_Big_Game_Commercial_2026_Xfinity,71,35.5,35,3,R Gyrus temp sup-Plan polar,2.29
Jurassic_Park..._Works_Big_Game_Commercial_2026_Xfinity,71,35.5,35,4,R Gyrus front sup,2.29
Jurassic_Park..._Works_Big_Game_Commercial_2026_Xfinity,71,35.5,35,5,L Sulcus orbital med-olfact,2.26
Jurassic_Park..._Works_Big_Game_Commercial_2026_Xfinity,71,35.5,35,6,R Sulcus circular insula inf,2.21
Jurassic_Park..._Works_Big_Game_Commercial_2026_Xfinity,71,35.5,35,7,L Sulcus pericallosal,2.2
Jurassic_Park..._Works_Big_Game_Commercial_2026_Xfinity,71,35.5,35,8,R Sulcus orbital-H Shaped,2.2
Jurassic_Park..._Works_Big_Game_Commercial_2026_Xfinity,72,36.0,36,1,L Gyrus orbital,2.3
Jurassic_Park..._Works_Big_Game_Commercial_2026_Xfinity,72,36.0,36,2,L Sulcus circular insula inf,2.22
Jurassic_Park..._Works_Big_Game_Commercial_2026_Xfinity,72,36.0,36,3,R Gyrus temp sup-Plan tempo,2.17
Jurassic_Park..._Works_Big_Game_Commercial_2026_Xfinity,72,36.0,36,4,R Sulcus orbital-H Shaped,2.14
Jurassic_Park..._Works_Big_Game_Commercial_2026_Xfinity,72,36.0,36,5,R Sulcus circular insula inf,2.12
Jurassic_Park..._Works_Big_Game_Commercial_2026_Xfinity,72,36.0,36,6,L Sulcus orbital med-olfact,2.11
Jurassic_Park..._Works_Big_Game_Commercial_2026_Xfinity,72,36.0,36,7,R Gyrus front sup,2.06
Jurassic_Park..._Works_Big_Game_Commercial_2026_Xfinity,72,36.0,36,8,R Gyrus temp sup-Lateral,2.04
Jurassic_Park..._Works_Big_Game_Commercial_2026_Xfinity,73,36.5,36,1,L Gyrus orbital,2.3
Jurassic_Park..._Works_Big_Game_Commercial_2026_Xfinity,73,36.5,36,2,L Sulcus circular insula inf,2.22
Jurassic_Park..._Works_Big_Game_Commercial_2026_Xfinity,73,36.5,36,3,R Gyrus temp sup-Plan tempo,2.17
Jurassic_Park..._Works_Big_Game_Commercial_2026_Xfinity,73,36.5,36,4,R Sulcus orbital-H Shaped,2.14
Jurassic_Park..._Works_Big_Game_Commercial_2026_Xfinity,73,36.5,36,5,R Sulcus circular insula inf,2.12
Jurassic_Park..._Works_Big_Game_Commercial_2026_Xfinity,73,36.5,36,6,L Sulcus orbital med-olfact,2.11
Jurassic_Park..._Works_Big_Game_Commercial_2026_Xfinity,73,36.5,36,7,R Gyrus front sup,2.06
Jurassic_Park..._Works_Big_Game_Commercial_2026_Xfinity,73,36.5,36,8,R Gyrus temp sup-Lateral,2.04
Jurassic_Park..._Works_Big_Game_Commercial_2026_Xfinity,74,37.0,37,1,R Gyrus temporal inf,2.2
Jurassic_Park..._Works_Big_Game_Commercial_2026_Xfinity,74,37.0,37,2,R Gyrus temp sup-Plan tempo,2.15
Jurassic_Park..._Works_Big_Game_Commercial_2026_Xfinity,74,37.0,37,3,L Gyrus orbital,2.0
Jurassic_Park..._Works_Big_Game_Commercial_2026_Xfinity,74,37.0,37,4,L Sulcus circular insula inf,2.0
Jurassic_Park..._Works_Big_Game_Commercial_2026_Xfinity,74,37.0,37,5,R Sulcus front inf,1.99
Jurassic_Park..._Works_Big_Game_Commercial_2026_Xfinity,74,37.0,37,6,R Gyrus temp sup-Lateral,1.97
Jurassic_Park..._Works_Big_Game_Commercial_2026_Xfinity,74,37.0,37,7,L Gyrus temp sup-Lateral,1.97
Jurassic_Park..._Works_Big_Game_Commercial_2026_Xfinity,74,37.0,37,8,L Pole temporal,1.97
Jurassic_Park..._Works_Big_Game_Commercial_2026_Xfinity,75,37.5,37,1,R Gyrus temporal inf,2.2
Jurassic_Park..._Works_Big_Game_Commercial_2026_Xfinity,75,37.5,37,2,R Gyrus temp sup-Plan tempo,2.15
Jurassic_Park..._Works_Big_Game_Commercial_2026_Xfinity,75,37.5,37,3,L Gyrus orbital,2.0
Jurassic_Park..._Works_Big_Game_Commercial_2026_Xfinity,75,37.5,37,4,L Sulcus circular insula inf,2.0
Jurassic_Park..._Works_Big_Game_Commercial_2026_Xfinity,75,37.5,37,5,R Sulcus front inf,1.99
Jurassic_Park..._Works_Big_Game_Commercial_2026_Xfinity,75,37.5,37,6,R Gyrus temp sup-Lateral,1.97
Jurassic_Park..._Works_Big_Game_Commercial_2026_Xfinity,75,37.5,37,7,L Gyrus temp sup-Lateral,1.97
Jurassic_Park..._Works_Big_Game_Commercial_2026_Xfinity,75,37.5,37,8,L Pole temporal,1.97
Jurassic_Park..._Works_Big_Game_Commercial_2026_Xfinity,76,38.0,38,1,R Gyrus temporal inf,2.06
Jurassic_Park..._Works_Big_Game_Commercial_2026_Xfinity,76,38.0,38,2,R Gyrus temp sup-Lateral,2.0
Jurassic_Park..._Works_Big_Game_Commercial_2026_Xfinity,76,38.0,38,3,R Sulcus front inf,1.95
Jurassic_Park..._Works_Big_Game_Commercial_2026_Xfinity,76,38.0,38,4,L Gyrus orbital,1.95
Jurassic_Park..._Works_Big_Game_Commercial_2026_Xfinity,76,38.0,38,5,R Gyrus temp sup-Plan tempo,1.93
Jurassic_Park..._Works_Big_Game_Commercial_2026_Xfinity,76,38.0,38,6,R Sulcus circular insula inf,1.92
Jurassic_Park..._Works_Big_Game_Commercial_2026_Xfinity,76,38.0,38,7,R Sulcus precentral-inf-part,1.91
Jurassic_Park..._Works_Big_Game_Commercial_2026_Xfinity,76,38.0,38,8,L Gyrus oc-temp med-Parahip,1.9
Jurassic_Park..._Works_Big_Game_Commercial_2026_Xfinity,77,38.5,38,1,R Gyrus temporal inf,2.06
Jurassic_Park..._Works_Big_Game_Commercial_2026_Xfinity,77,38.5,38,2,R Gyrus temp sup-Lateral,2.0
Jurassic_Park..._Works_Big_Game_Commercial_2026_Xfinity,77,38.5,38,3,R Sulcus front inf,1.95
Jurassic_Park..._Works_Big_Game_Commercial_2026_Xfinity,77,38.5,38,4,L Gyrus orbital,1.95
Jurassic_Park..._Works_Big_Game_Commercial_2026_Xfinity,77,38.5,38,5,R Gyrus temp sup-Plan tempo,1.93
Jurassic_Park..._Works_Big_Game_Commercial_2026_Xfinity,77,38.5,38,6,R Sulcus circular insula inf,1.92
Jurassic_Park..._Works_Big_Game_Commercial_2026_Xfinity,77,38.5,38,7,R Sulcus precentral-inf-part,1.91
Jurassic_Park..._Works_Big_Game_Commercial_2026_Xfinity,77,38.5,38,8,L Gyrus oc-temp med-Parahip,1.9
Jurassic_Park..._Works_Big_Game_Commercial_2026_Xfinity,78,39.0,39,1,R Gyrus temporal inf,1.96
Jurassic_Park..._Works_Big_Game_Commercial_2026_Xfinity,78,39.0,39,2,R Gyrus temp sup-Lateral,1.94
Jurassic_Park..._Works_Big_Game_Commercial_2026_Xfinity,78,39.0,39,3,R Sulcus front inf,1.92
Jurassic_Park..._Works_Big_Game_Commercial_2026_Xfinity,78,39.0,39,4,R Gyrus oc-temp lat-fusifor,1.91
Jurassic_Park..._Works_Big_Game_Commercial_2026_Xfinity,78,39.0,39,5,R Sulcus collat transv ant,1.91
Jurassic_Park..._Works_Big_Game_Commercial_2026_Xfinity,78,39.0,39,6,R Gyrus pariet inf-Supramar,1.9
Jurassic_Park..._Works_Big_Game_Commercial_2026_Xfinity,78,39.0,39,7,L Gyrus temp sup-Plan tempo,1.9
Jurassic_Park..._Works_Big_Game_Commercial_2026_Xfinity,78,39.0,39,8,R Gyrus pariet inf-Angular,1.9
Jurassic_Park..._Works_Big_Game_Commercial_2026_Xfinity,79,39.5,39,1,R Gyrus temporal inf,1.96
Jurassic_Park..._Works_Big_Game_Commercial_2026_Xfinity,79,39.5,39,2,R Gyrus temp sup-Lateral,1.94
Jurassic_Park..._Works_Big_Game_Commercial_2026_Xfinity,79,39.5,39,3,R Sulcus front inf,1.92
Jurassic_Park..._Works_Big_Game_Commercial_2026_Xfinity,79,39.5,39,4,R Gyrus oc-temp lat-fusifor,1.91
Jurassic_Park..._Works_Big_Game_Commercial_2026_Xfinity,79,39.5,39,5,R Sulcus collat transv ant,1.91
Jurassic_Park..._Works_Big_Game_Commercial_2026_Xfinity,79,39.5,39,6,R Gyrus pariet inf-Supramar,1.9
Jurassic_Park..._Works_Big_Game_Commercial_2026_Xfinity,79,39.5,39,7,L Gyrus temp sup-Plan tempo,1.9
Jurassic_Park..._Works_Big_Game_Commercial_2026_Xfinity,79,39.5,39,8,R Gyrus pariet inf-Angular,1.9
Jurassic_Park..._Works_Big_Game_Commercial_2026_Xfinity,80,40.0,40,1,R Sulcus collat transv ant,2.06
Jurassic_Park..._Works_Big_Game_Commercial_2026_Xfinity,80,40.0,40,2,R Sulcus oc-temp lat,2.01
Jurassic_Park..._Works_Big_Game_Commercial_2026_Xfinity,80,40.0,40,3,R Gyrus temporal inf,2.01
Jurassic_Park..._Works_Big_Game_Commercial_2026_Xfinity,80,40.0,40,4,R Gyrus oc-temp lat-fusifor,2.0
Jurassic_Park..._Works_Big_Game_Commercial_2026_Xfinity,80,40.0,40,5,L Gyrus temp sup-Plan polar,1.99
Jurassic_Park..._Works_Big_Game_Commercial_2026_Xfinity,80,40.0,40,6,R Gyrus and Sulcus occipital inf,1.98
Jurassic_Park..._Works_Big_Game_Commercial_2026_Xfinity,80,40.0,40,7,R Gyrus Ins lg and Sulcus cent ins,1.98
Jurassic_Park..._Works_Big_Game_Commercial_2026_Xfinity,80,40.0,40,8,R Gyrus front inf-Triangul,1.97
Jurassic_Park..._Works_Big_Game_Commercial_2026_Xfinity,81,40.5,40,1,R Sulcus collat transv ant,2.06
Jurassic_Park..._Works_Big_Game_Commercial_2026_Xfinity,81,40.5,40,2,R Sulcus oc-temp lat,2.01
Jurassic_Park..._Works_Big_Game_Commercial_2026_Xfinity,81,40.5,40,3,R Gyrus temporal inf,2.01
Jurassic_Park..._Works_Big_Game_Commercial_2026_Xfinity,81,40.5,40,4,R Gyrus oc-temp lat-fusifor,2.0
Jurassic_Park..._Works_Big_Game_Commercial_2026_Xfinity,81,40.5,40,5,L Gyrus temp sup-Plan polar,1.99
Jurassic_Park..._Works_Big_Game_Commercial_2026_Xfinity,81,40.5,40,6,R Gyrus and Sulcus occipital inf,1.98
Jurassic_Park..._Works_Big_Game_Commercial_2026_Xfinity,81,40.5,40,7,R Gyrus Ins lg and Sulcus cent ins,1.98
Jurassic_Park..._Works_Big_Game_Commercial_2026_Xfinity,81,40.5,40,8,R Gyrus front inf-Triangul,1.97
Jurassic_Park..._Works_Big_Game_Commercial_2026_Xfinity,82,41.0,41,1,R Sulcus occipital ant,2.11
Jurassic_Park..._Works_Big_Game_Commercial_2026_Xfinity,82,41.0,41,2,L Sulcus occipital ant,2.11
Jurassic_Park..._Works_Big_Game_Commercial_2026_Xfinity,82,41.0,41,3,R Gyrus front inf-Triangul,2.08
Jurassic_Park..._Works_Big_Game_Commercial_2026_Xfinity,82,41.0,41,4,R Gyrus temporal inf,2.05
Jurassic_Park..._Works_Big_Game_Commercial_2026_Xfinity,82,41.0,41,5,L Gyrus temporal inf,2.04
Jurassic_Park..._Works_Big_Game_Commercial_2026_Xfinity,82,41.0,41,6,L Gyrus occipital middle,2.04
Jurassic_Park..._Works_Big_Game_Commercial_2026_Xfinity,82,41.0,41,7,R Gyrus and Sulcus occipital inf,2.03
Jurassic_Park..._Works_Big_Game_Commercial_2026_Xfinity,82,41.0,41,8,R Sulcus oc-temp lat,2.03
Jurassic_Park..._Works_Big_Game_Commercial_2026_Xfinity,83,41.5,41,1,R Sulcus occipital ant,2.11
Jurassic_Park..._Works_Big_Game_Commercial_2026_Xfinity,83,41.5,41,2,L Sulcus occipital ant,2.11
Jurassic_Park..._Works_Big_Game_Commercial_2026_Xfinity,83,41.5,41,3,R Gyrus front inf-Triangul,2.08
Jurassic_Park..._Works_Big_Game_Commercial_2026_Xfinity,83,41.5,41,4,R Gyrus temporal inf,2.05
Jurassic_Park..._Works_Big_Game_Commercial_2026_Xfinity,83,41.5,41,5,L Gyrus temporal inf,2.04
Jurassic_Park..._Works_Big_Game_Commercial_2026_Xfinity,83,41.5,41,6,L Gyrus occipital middle,2.04
Jurassic_Park..._Works_Big_Game_Commercial_2026_Xfinity,83,41.5,41,7,R Gyrus and Sulcus occipital inf,2.03
Jurassic_Park..._Works_Big_Game_Commercial_2026_Xfinity,83,41.5,41,8,R Sulcus oc-temp lat,2.03
Jurassic_Park..._Works_Big_Game_Commercial_2026_Xfinity,84,42.0,42,1,R Sulcus occipital ant,2.17
Jurassic_Park..._Works_Big_Game_Commercial_2026_Xfinity,84,42.0,42,2,L Sulcus occipital ant,2.11
Jurassic_Park..._Works_Big_Game_Commercial_2026_Xfinity,84,42.0,42,3,R Gyrus occipital middle,2.07
Jurassic_Park..._Works_Big_Game_Commercial_2026_Xfinity,84,42.0,42,4,R Gyrus and Sulcus occipital inf,2.03
Jurassic_Park..._Works_Big_Game_Commercial_2026_Xfinity,84,42.0,42,5,R Gyrus temporal inf,2.02
Jurassic_Park..._Works_Big_Game_Commercial_2026_Xfinity,84,42.0,42,6,R Sulcus temporal inf,2.02
Jurassic_Park..._Works_Big_Game_Commercial_2026_Xfinity,84,42.0,42,7,R Gyrus oc-temp lat-fusifor,2.02
Jurassic_Park..._Works_Big_Game_Commercial_2026_Xfinity,84,42.0,42,8,L Gyrus occipital middle,2.01
Jurassic_Park..._Works_Big_Game_Commercial_2026_Xfinity,85,42.5,42,1,R Sulcus occipital ant,2.17
Jurassic_Park..._Works_Big_Game_Commercial_2026_Xfinity,85,42.5,42,2,L Sulcus occipital ant,2.11
Jurassic_Park..._Works_Big_Game_Commercial_2026_Xfinity,85,42.5,42,3,R Gyrus occipital middle,2.07
Jurassic_Park..._Works_Big_Game_Commercial_2026_Xfinity,85,42.5,42,4,R Gyrus and Sulcus occipital inf,2.03
Jurassic_Park..._Works_Big_Game_Commercial_2026_Xfinity,85,42.5,42,5,R Gyrus temporal inf,2.02
Jurassic_Park..._Works_Big_Game_Commercial_2026_Xfinity,85,42.5,42,6,R Sulcus temporal inf,2.02
Jurassic_Park..._Works_Big_Game_Commercial_2026_Xfinity,85,42.5,42,7,R Gyrus oc-temp lat-fusifor,2.02
Jurassic_Park..._Works_Big_Game_Commercial_2026_Xfinity,85,42.5,42,8,L Gyrus occipital middle,2.01
Jurassic_Park..._Works_Big_Game_Commercial_2026_Xfinity,86,43.0,43,1,R Sulcus occipital ant,2.13
Jurassic_Park..._Works_Big_Game_Commercial_2026_Xfinity,86,43.0,43,2,R Gyrus occipital middle,2.02
Jurassic_Park..._Works_Big_Game_Commercial_2026_Xfinity,86,43.0,43,3,L Sulcus pericallosal,2.01
Jurassic_Park..._Works_Big_Game_Commercial_2026_Xfinity,86,43.0,43,4,L Sulcus front inf,2.0
Jurassic_Park..._Works_Big_Game_Commercial_2026_Xfinity,86,43.0,43,5,L Sulcus occipital ant,2.0
Jurassic_Park..._Works_Big_Game_Commercial_2026_Xfinity,86,43.0,43,6,L Gyrus front middle,2.0
Jurassic_Park..._Works_Big_Game_Commercial_2026_Xfinity,86,43.0,43,7,L Gyrus occipital sup,1.98
Jurassic_Park..._Works_Big_Game_Commercial_2026_Xfinity,86,43.0,43,8,R Gyrus and Sulcus occipital inf,1.98
Jurassic_Park..._Works_Big_Game_Commercial_2026_Xfinity,87,43.5,43,1,R Sulcus occipital ant,2.13
Jurassic_Park..._Works_Big_Game_Commercial_2026_Xfinity,87,43.5,43,2,R Gyrus occipital middle,2.02
Jurassic_Park..._Works_Big_Game_Commercial_2026_Xfinity,87,43.5,43,3,L Sulcus pericallosal,2.01
Jurassic_Park..._Works_Big_Game_Commercial_2026_Xfinity,87,43.5,43,4,L Sulcus front inf,2.0
Jurassic_Park..._Works_Big_Game_Commercial_2026_Xfinity,87,43.5,43,5,L Sulcus occipital ant,2.0
Jurassic_Park..._Works_Big_Game_Commercial_2026_Xfinity,87,43.5,43,6,L Gyrus front middle,2.0
Jurassic_Park..._Works_Big_Game_Commercial_2026_Xfinity,87,43.5,43,7,L Gyrus occipital sup,1.98
Jurassic_Park..._Works_Big_Game_Commercial_2026_Xfinity,87,43.5,43,8,R Gyrus and Sulcus occipital inf,1.98
Jurassic_Park..._Works_Big_Game_Commercial_2026_Xfinity,88,44.0,44,1,L Gyrus front middle,2.19
Jurassic_Park..._Works_Big_Game_Commercial_2026_Xfinity,88,44.0,44,2,L Gyrus front inf-Triangul,2.1
Jurassic_Park..._Works_Big_Game_Commercial_2026_Xfinity,88,44.0,44,3,L Gyrus postcentral,2.07
Jurassic_Park..._Works_Big_Game_Commercial_2026_Xfinity,88,44.0,44,4,L Lat Fis-post,2.07
Jurassic_Park..._Works_Big_Game_Commercial_2026_Xfinity,88,44.0,44,5,L Sulcus front inf,2.06
Jurassic_Park..._Works_Big_Game_Commercial_2026_Xfinity,88,44.0,44,6,L Gyrus and Sulcus subcentral,2.05
Jurassic_Park..._Works_Big_Game_Commercial_2026_Xfinity,88,44.0,44,7,R Lat Fis-post,2.05
Jurassic_Park..._Works_Big_Game_Commercial_2026_Xfinity,88,44.0,44,8,R Gyrus postcentral,2.04
Jurassic_Park..._Works_Big_Game_Commercial_2026_Xfinity,89,44.5,44,1,L Gyrus front middle,2.19
Jurassic_Park..._Works_Big_Game_Commercial_2026_Xfinity,89,44.5,44,2,L Gyrus front inf-Triangul,2.1
Jurassic_Park..._Works_Big_Game_Commercial_2026_Xfinity,89,44.5,44,3,L Gyrus postcentral,2.07
Jurassic_Park..._Works_Big_Game_Commercial_2026_Xfinity,89,44.5,44,4,L Lat Fis-post,2.07
Jurassic_Park..._Works_Big_Game_Commercial_2026_Xfinity,89,44.5,44,5,L Sulcus front inf,2.06
Jurassic_Park..._Works_Big_Game_Commercial_2026_Xfinity,89,44.5,44,6,L Gyrus and Sulcus subcentral,2.05
Jurassic_Park..._Works_Big_Game_Commercial_2026_Xfinity,89,44.5,44,7,R Lat Fis-post,2.05
Jurassic_Park..._Works_Big_Game_Commercial_2026_Xfinity,89,44.5,44,8,R Gyrus postcentral,2.04
Jurassic_Park..._Works_Big_Game_Commercial_2026_Xfinity,90,45.0,45,1,L Lat Fis-post,2.22
Jurassic_Park..._Works_Big_Game_Commercial_2026_Xfinity,90,45.0,45,2,R Gyrus temporal inf,2.12
Jurassic_Park..._Works_Big_Game_Commercial_2026_Xfinity,90,45.0,45,3,L Gyrus orbital,2.1
Jurassic_Park..._Works_Big_Game_Commercial_2026_Xfinity,90,45.0,45,4,R Gyrus and Sulcus subcentral,2.1
Jurassic_Park..._Works_Big_Game_Commercial_2026_Xfinity,90,45.0,45,5,R Pole temporal,2.09
Jurassic_Park..._Works_Big_Game_Commercial_2026_Xfinity,90,45.0,45,6,L Gyrus front middle,2.08
Jurassic_Park..._Works_Big_Game_Commercial_2026_Xfinity,90,45.0,45,7,R Gyrus postcentral,2.07
Jurassic_Park..._Works_Big_Game_Commercial_2026_Xfinity,90,45.0,45,8,R Gyrus rectus,2.07
Jurassic_Park..._Works_Big_Game_Commercial_2026_Xfinity,91,45.5,45,1,L Lat Fis-post,2.22
Jurassic_Park..._Works_Big_Game_Commercial_2026_Xfinity,91,45.5,45,2,R Gyrus temporal inf,2.12
Jurassic_Park..._Works_Big_Game_Commercial_2026_Xfinity,91,45.5,45,3,L Gyrus orbital,2.1
Jurassic_Park..._Works_Big_Game_Commercial_2026_Xfinity,91,45.5,45,4,R Gyrus and Sulcus subcentral,2.1
Jurassic_Park..._Works_Big_Game_Commercial_2026_Xfinity,91,45.5,45,5,R Pole temporal,2.09
Jurassic_Park..._Works_Big_Game_Commercial_2026_Xfinity,91,45.5,45,6,L Gyrus front middle,2.08
Jurassic_Park..._Works_Big_Game_Commercial_2026_Xfinity,91,45.5,45,7,R Gyrus postcentral,2.07
Jurassic_Park..._Works_Big_Game_Commercial_2026_Xfinity,91,45.5,45,8,R Gyrus rectus,2.07
Jurassic_Park..._Works_Big_Game_Commercial_2026_Xfinity,92,46.0,46,1,R Gyrus rectus,2.23
Jurassic_Park..._Works_Big_Game_Commercial_2026_Xfinity,92,46.0,46,2,R Lat Fis-post,2.17
Jurassic_Park..._Works_Big_Game_Commercial_2026_Xfinity,92,46.0,46,3,R Gyrus and Sulcus subcentral,2.11
Jurassic_Park..._Works_Big_Game_Commercial_2026_Xfinity,92,46.0,46,4,L Lat Fis-post,2.07
Jurassic_Park..._Works_Big_Game_Commercial_2026_Xfinity,92,46.0,46,5,R Gyrus postcentral,2.06
Jurassic_Park..._Works_Big_Game_Commercial_2026_Xfinity,92,46.0,46,6,R Gyrus oc-temp med-Parahip,2.05
Jurassic_Park..._Works_Big_Game_Commercial_2026_Xfinity,92,46.0,46,7,L Gyrus and Sulcus subcentral,2.05
Jurassic_Park..._Works_Big_Game_Commercial_2026_Xfinity,92,46.0,46,8,L Gyrus rectus,2.04
Jurassic_Park..._Works_Big_Game_Commercial_2026_Xfinity,93,46.5,46,1,R Gyrus rectus,2.23
Jurassic_Park..._Works_Big_Game_Commercial_2026_Xfinity,93,46.5,46,2,R Lat Fis-post,2.17
Jurassic_Park..._Works_Big_Game_Commercial_2026_Xfinity,93,46.5,46,3,R Gyrus and Sulcus subcentral,2.11
Jurassic_Park..._Works_Big_Game_Commercial_2026_Xfinity,93,46.5,46,4,L Lat Fis-post,2.07
Jurassic_Park..._Works_Big_Game_Commercial_2026_Xfinity,93,46.5,46,5,R Gyrus postcentral,2.06
Jurassic_Park..._Works_Big_Game_Commercial_2026_Xfinity,93,46.5,46,6,R Gyrus oc-temp med-Parahip,2.05
Jurassic_Park..._Works_Big_Game_Commercial_2026_Xfinity,93,46.5,46,7,L Gyrus and Sulcus subcentral,2.05
Jurassic_Park..._Works_Big_Game_Commercial_2026_Xfinity,93,46.5,46,8,L Gyrus rectus,2.04
Jurassic_Park..._Works_Big_Game_Commercial_2026_Xfinity,94,47.0,47,1,L Gyrus pariet inf-Supramar,2.19
Jurassic_Park..._Works_Big_Game_Commercial_2026_Xfinity,94,47.0,47,2,R Lat Fis-post,2.18
Jurassic_Park..._Works_Big_Game_Commercial_2026_Xfinity,94,47.0,47,3,R Gyrus rectus,2.16
Jurassic_Park..._Works_Big_Game_Commercial_2026_Xfinity,94,47.0,47,4,L Gyrus rectus,2.14
Jurassic_Park..._Works_Big_Game_Commercial_2026_Xfinity,94,47.0,47,5,R Pole temporal,2.07
Jurassic_Park..._Works_Big_Game_Commercial_2026_Xfinity,94,47.0,47,6,L Gyrus and Sulcus subcentral,2.07
Jurassic_Park..._Works_Big_Game_Commercial_2026_Xfinity,94,47.0,47,7,L Lat Fis-post,2.06
Jurassic_Park..._Works_Big_Game_Commercial_2026_Xfinity,94,47.0,47,8,R Gyrus postcentral,2.03
Jurassic_Park..._Works_Big_Game_Commercial_2026_Xfinity,95,47.5,47,1,L Gyrus pariet inf-Supramar,2.19
Jurassic_Park..._Works_Big_Game_Commercial_2026_Xfinity,95,47.5,47,2,R Lat Fis-post,2.18
Jurassic_Park..._Works_Big_Game_Commercial_2026_Xfinity,95,47.5,47,3,R Gyrus rectus,2.16
Jurassic_Park..._Works_Big_Game_Commercial_2026_Xfinity,95,47.5,47,4,L Gyrus rectus,2.14
Jurassic_Park..._Works_Big_Game_Commercial_2026_Xfinity,95,47.5,47,5,R Pole temporal,2.07
Jurassic_Park..._Works_Big_Game_Commercial_2026_Xfinity,95,47.5,47,6,L Gyrus and Sulcus subcentral,2.07
Jurassic_Park..._Works_Big_Game_Commercial_2026_Xfinity,95,47.5,47,7,L Lat Fis-post,2.06
Jurassic_Park..._Works_Big_Game_Commercial_2026_Xfinity,95,47.5,47,8,R Gyrus postcentral,2.03
Jurassic_Park..._Works_Big_Game_Commercial_2026_Xfinity,96,48.0,48,1,L Gyrus pariet inf-Supramar,2.4
Jurassic_Park..._Works_Big_Game_Commercial_2026_Xfinity,96,48.0,48,2,R Gyrus temporal inf,2.25
Jurassic_Park..._Works_Big_Game_Commercial_2026_Xfinity,96,48.0,48,3,R Gyrus postcentral,2.04
Jurassic_Park..._Works_Big_Game_Commercial_2026_Xfinity,96,48.0,48,4,L Gyrus and Sulcus subcentral,2.04
Jurassic_Park..._Works_Big_Game_Commercial_2026_Xfinity,96,48.0,48,5,R Lat Fis-post,2.04
Jurassic_Park..._Works_Big_Game_Commercial_2026_Xfinity,96,48.0,48,6,L Sulcus circular insula inf,2.04
Jurassic_Park..._Works_Big_Game_Commercial_2026_Xfinity,96,48.0,48,7,L Sulcus suborbital,2.0
Jurassic_Park..._Works_Big_Game_Commercial_2026_Xfinity,96,48.0,48,8,R Gyrus and Sulcus subcentral,1.99
Jurassic_Park..._Works_Big_Game_Commercial_2026_Xfinity,97,48.5,48,1,L Gyrus pariet inf-Supramar,2.4
Jurassic_Park..._Works_Big_Game_Commercial_2026_Xfinity,97,48.5,48,2,R Gyrus temporal inf,2.25
Jurassic_Park..._Works_Big_Game_Commercial_2026_Xfinity,97,48.5,48,3,R Gyrus postcentral,2.04
Jurassic_Park..._Works_Big_Game_Commercial_2026_Xfinity,97,48.5,48,4,L Gyrus and Sulcus subcentral,2.04
Jurassic_Park..._Works_Big_Game_Commercial_2026_Xfinity,97,48.5,48,5,R Lat Fis-post,2.04
Jurassic_Park..._Works_Big_Game_Commercial_2026_Xfinity,97,48.5,48,6,L Sulcus circular insula inf,2.04
Jurassic_Park..._Works_Big_Game_Commercial_2026_Xfinity,97,48.5,48,7,L Sulcus suborbital,2.0
Jurassic_Park..._Works_Big_Game_Commercial_2026_Xfinity,97,48.5,48,8,R Gyrus and Sulcus subcentral,1.99
Jurassic_Park..._Works_Big_Game_Commercial_2026_Xfinity,98,49.0,49,1,L Gyrus pariet inf-Supramar,2.34
Jurassic_Park..._Works_Big_Game_Commercial_2026_Xfinity,98,49.0,49,2,L Sulcus circular insula inf,2.21
Jurassic_Park..._Works_Big_Game_Commercial_2026_Xfinity,98,49.0,49,3,R Gyrus temporal inf,2.18
Jurassic_Park..._Works_Big_Game_Commercial_2026_Xfinity,98,49.0,49,4,L Gyrus orbital,2.02
Jurassic_Park..._Works_Big_Game_Commercial_2026_Xfinity,98,49.0,49,5,L Gyrus temporal middle,2.01
Jurassic_Park..._Works_Big_Game_Commercial_2026_Xfinity,98,49.0,49,6,L Gyrus and Sulcus subcentral,2.0
Jurassic_Park..._Works_Big_Game_Commercial_2026_Xfinity,98,49.0,49,7,L Gyrus and Sulcus transv frontopol,2.0
Jurassic_Park..._Works_Big_Game_Commercial_2026_Xfinity,98,49.0,49,8,L Gyrus front sup,1.99
Jurassic_Park..._Works_Big_Game_Commercial_2026_Xfinity,99,49.5,49,1,L Gyrus pariet inf-Supramar,2.34
Jurassic_Park..._Works_Big_Game_Commercial_2026_Xfinity,99,49.5,49,2,L Sulcus circular insula inf,2.21
Jurassic_Park..._Works_Big_Game_Commercial_2026_Xfinity,99,49.5,49,3,R Gyrus temporal inf,2.18
Jurassic_Park..._Works_Big_Game_Commercial_2026_Xfinity,99,49.5,49,4,L Gyrus orbital,2.02
Jurassic_Park..._Works_Big_Game_Commercial_2026_Xfinity,99,49.5,49,5,L Gyrus temporal middle,2.01
Jurassic_Park..._Works_Big_Game_Commercial_2026_Xfinity,99,49.5,49,6,L Gyrus and Sulcus subcentral,2.0
Jurassic_Park..._Works_Big_Game_Commercial_2026_Xfinity,99,49.5,49,7,L Gyrus and Sulcus transv frontopol,2.0
Jurassic_Park..._Works_Big_Game_Commercial_2026_Xfinity,99,49.5,49,8,L Gyrus front sup,1.99
Jurassic_Park..._Works_Big_Game_Commercial_2026_Xfinity,100,50.0,50,1,R Gyrus temp sup-Plan polar,2.21
Jurassic_Park..._Works_Big_Game_Commercial_2026_Xfinity,100,50.0,50,2,R Gyrus front sup,2.15
Jurassic_Park..._Works_Big_Game_Commercial_2026_Xfinity,100,50.0,50,3,L Gyrus and Sulcus transv frontopol,2.12
Jurassic_Park..._Works_Big_Game_Commercial_2026_Xfinity,100,50.0,50,4,L Gyrus cingul-Post-dorsal,2.09
Jurassic_Park..._Works_Big_Game_Commercial_2026_Xfinity,100,50.0,50,5,L Gyrus and Sulcus cingul-Mid-Post,2.05
Jurassic_Park..._Works_Big_Game_Commercial_2026_Xfinity,100,50.0,50,6,L Gyrus pariet inf-Supramar,2.02
Jurassic_Park..._Works_Big_Game_Commercial_2026_Xfinity,100,50.0,50,7,R Gyrus orbital,2.02
Jurassic_Park..._Works_Big_Game_Commercial_2026_Xfinity,100,50.0,50,8,L Gyrus precuneus,2.02
Jurassic_Park..._Works_Big_Game_Commercial_2026_Xfinity,101,50.5,50,1,R Gyrus temp sup-Plan polar,2.21
Jurassic_Park..._Works_Big_Game_Commercial_2026_Xfinity,101,50.5,50,2,R Gyrus front sup,2.15
Jurassic_Park..._Works_Big_Game_Commercial_2026_Xfinity,101,50.5,50,3,L Gyrus and Sulcus transv frontopol,2.12
Jurassic_Park..._Works_Big_Game_Commercial_2026_Xfinity,101,50.5,50,4,L Gyrus cingul-Post-dorsal,2.09
Jurassic_Park..._Works_Big_Game_Commercial_2026_Xfinity,101,50.5,50,5,L Gyrus and Sulcus cingul-Mid-Post,2.05
Jurassic_Park..._Works_Big_Game_Commercial_2026_Xfinity,101,50.5,50,6,L Gyrus pariet inf-Supramar,2.02
Jurassic_Park..._Works_Big_Game_Commercial_2026_Xfinity,101,50.5,50,7,R Gyrus orbital,2.02
Jurassic_Park..._Works_Big_Game_Commercial_2026_Xfinity,101,50.5,50,8,L Gyrus precuneus,2.02
Jurassic_Park..._Works_Big_Game_Commercial_2026_Xfinity,102,51.0,51,1,L Gyrus front inf-Triangul,2.27
Jurassic_Park..._Works_Big_Game_Commercial_2026_Xfinity,102,51.0,51,2,R Gyrus front sup,2.25
Jurassic_Park..._Works_Big_Game_Commercial_2026_Xfinity,102,51.0,51,3,R Gyrus temp sup-Plan polar,2.22
Jurassic_Park..._Works_Big_Game_Commercial_2026_Xfinity,102,51.0,51,4,L Gyrus front inf-Opercular,2.12
Jurassic_Park..._Works_Big_Game_Commercial_2026_Xfinity,102,51.0,51,5,R Gyrus oc-temp med-Parahip,2.11
Jurassic_Park..._Works_Big_Game_Commercial_2026_Xfinity,102,51.0,51,6,L Gyrus temporal middle,2.09
Jurassic_Park..._Works_Big_Game_Commercial_2026_Xfinity,102,51.0,51,7,L Gyrus cingul-Post-ventral,2.08
Jurassic_Park..._Works_Big_Game_Commercial_2026_Xfinity,102,51.0,51,8,L Gyrus and Sulcus transv frontopol,2.07
Jurassic_Park..._Works_Big_Game_Commercial_2026_Xfinity,103,51.5,51,1,L Gyrus front inf-Triangul,2.27
Jurassic_Park..._Works_Big_Game_Commercial_2026_Xfinity,103,51.5,51,2,R Gyrus front sup,2.25
Jurassic_Park..._Works_Big_Game_Commercial_2026_Xfinity,103,51.5,51,3,R Gyrus temp sup-Plan polar,2.22
Jurassic_Park..._Works_Big_Game_Commercial_2026_Xfinity,103,51.5,51,4,L Gyrus front inf-Opercular,2.12
Jurassic_Park..._Works_Big_Game_Commercial_2026_Xfinity,103,51.5,51,5,R Gyrus oc-temp med-Parahip,2.11
Jurassic_Park..._Works_Big_Game_Commercial_2026_Xfinity,103,51.5,51,6,L Gyrus temporal middle,2.09
Jurassic_Park..._Works_Big_Game_Commercial_2026_Xfinity,103,51.5,51,7,L Gyrus cingul-Post-ventral,2.08
Jurassic_Park..._Works_Big_Game_Commercial_2026_Xfinity,103,51.5,51,8,L Gyrus and Sulcus transv frontopol,2.07
Jurassic_Park..._Works_Big_Game_Commercial_2026_Xfinity,104,52.0,52,1,L Gyrus subcallosal,2.38
Jurassic_Park..._Works_Big_Game_Commercial_2026_Xfinity,104,52.0,52,2,R Gyrus oc-temp med-Parahip,2.34
Jurassic_Park..._Works_Big_Game_Commercial_2026_Xfinity,104,52.0,52,3,L Gyrus temporal middle,2.24
Jurassic_Park..._Works_Big_Game_Commercial_2026_Xfinity,104,52.0,52,4,R Gyrus and Sulcus transv frontopol,2.2
Jurassic_Park..._Works_Big_Game_Commercial_2026_Xfinity,104,52.0,52,5,R Gyrus front sup,2.19
Jurassic_Park..._Works_Big_Game_Commercial_2026_Xfinity,104,52.0,52,6,R Gyrus temp sup-Plan polar,2.18
Jurassic_Park..._Works_Big_Game_Commercial_2026_Xfinity,104,52.0,52,7,R Sulcus orbital med-olfact,2.17
Jurassic_Park..._Works_Big_Game_Commercial_2026_Xfinity,104,52.0,52,8,L Gyrus front inf-Opercular,2.13
Jurassic_Park..._Works_Big_Game_Commercial_2026_Xfinity,105,52.5,52,1,L Gyrus subcallosal,2.38
Jurassic_Park..._Works_Big_Game_Commercial_2026_Xfinity,105,52.5,52,2,R Gyrus oc-temp med-Parahip,2.34
Jurassic_Park..._Works_Big_Game_Commercial_2026_Xfinity,105,52.5,52,3,L Gyrus temporal middle,2.24
Jurassic_Park..._Works_Big_Game_Commercial_2026_Xfinity,105,52.5,52,4,R Gyrus and Sulcus transv frontopol,2.2
Jurassic_Park..._Works_Big_Game_Commercial_2026_Xfinity,105,52.5,52,5,R Gyrus front sup,2.19
Jurassic_Park..._Works_Big_Game_Commercial_2026_Xfinity,105,52.5,52,6,R Gyrus temp sup-Plan polar,2.18
Jurassic_Park..._Works_Big_Game_Commercial_2026_Xfinity,105,52.5,52,7,R Sulcus orbital med-olfact,2.17
Jurassic_Park..._Works_Big_Game_Commercial_2026_Xfinity,105,52.5,52,8,L Gyrus front inf-Opercular,2.13
Jurassic_Park..._Works_Big_Game_Commercial_2026_Xfinity,106,53.0,53,1,L Gyrus subcallosal,2.5
Jurassic_Park..._Works_Big_Game_Commercial_2026_Xfinity,106,53.0,53,2,R Gyrus front sup,2.37
Jurassic_Park..._Works_Big_Game_Commercial_2026_Xfinity,106,53.0,53,3,L Gyrus temporal middle,2.34
Jurassic_Park..._Works_Big_Game_Commercial_2026_Xfinity,106,53.0,53,4,L Gyrus front inf-Opercular,2.27
Jurassic_Park..._Works_Big_Game_Commercial_2026_Xfinity,106,53.0,53,5,R Gyrus oc-temp med-Parahip,2.22
Jurassic_Park..._Works_Big_Game_Commercial_2026_Xfinity,106,53.0,53,6,L Sulcus temporal inf,2.19
Jurassic_Park..._Works_Big_Game_Commercial_2026_Xfinity,106,53.0,53,7,R Gyrus and Sulcus frontomargin,2.15
Jurassic_Park..._Works_Big_Game_Commercial_2026_Xfinity,106,53.0,53,8,L Sulcus orbital-H Shaped,2.12
Jurassic_Park..._Works_Big_Game_Commercial_2026_Xfinity,107,53.5,53,1,L Gyrus subcallosal,2.5
Jurassic_Park..._Works_Big_Game_Commercial_2026_Xfinity,107,53.5,53,2,R Gyrus front sup,2.37
Jurassic_Park..._Works_Big_Game_Commercial_2026_Xfinity,107,53.5,53,3,L Gyrus temporal middle,2.34
Jurassic_Park..._Works_Big_Game_Commercial_2026_Xfinity,107,53.5,53,4,L Gyrus front inf-Opercular,2.27
Jurassic_Park..._Works_Big_Game_Commercial_2026_Xfinity,107,53.5,53,5,R Gyrus oc-temp med-Parahip,2.22
Jurassic_Park..._Works_Big_Game_Commercial_2026_Xfinity,107,53.5,53,6,L Sulcus temporal inf,2.19
Jurassic_Park..._Works_Big_Game_Commercial_2026_Xfinity,107,53.5,53,7,R Gyrus and Sulcus frontomargin,2.15
Jurassic_Park..._Works_Big_Game_Commercial_2026_Xfinity,107,53.5,53,8,L Sulcus orbital-H Shaped,2.12
Jurassic_Park..._Works_Big_Game_Commercial_2026_Xfinity,108,54.0,54,1,L Gyrus subcallosal,2.36
Jurassic_Park..._Works_Big_Game_Commercial_2026_Xfinity,108,54.0,54,2,R Gyrus rectus,2.23
Jurassic_Park..._Works_Big_Game_Commercial_2026_Xfinity,108,54.0,54,3,L Gyrus temporal middle,2.18
Jurassic_Park..._Works_Big_Game_Commercial_2026_Xfinity,108,54.0,54,4,L Sulcus temporal inf,2.12
Jurassic_Park..._Works_Big_Game_Commercial_2026_Xfinity,108,54.0,54,5,R Gyrus subcallosal,2.11
Jurassic_Park..._Works_Big_Game_Commercial_2026_Xfinity,108,54.0,54,6,L Sulcus pericallosal,2.05
Jurassic_Park..._Works_Big_Game_Commercial_2026_Xfinity,108,54.0,54,7,L Gyrus rectus,2.04
Jurassic_Park..._Works_Big_Game_Commercial_2026_Xfinity,108,54.0,54,8,L Sulcus orbital med-olfact,2.03
Jurassic_Park..._Works_Big_Game_Commercial_2026_Xfinity,109,54.5,54,1,L Gyrus subcallosal,2.36
Jurassic_Park..._Works_Big_Game_Commercial_2026_Xfinity,109,54.5,54,2,R Gyrus rectus,2.23
Jurassic_Park..._Works_Big_Game_Commercial_2026_Xfinity,109,54.5,54,3,L Gyrus temporal middle,2.18
Jurassic_Park..._Works_Big_Game_Commercial_2026_Xfinity,109,54.5,54,4,L Sulcus temporal inf,2.12
Jurassic_Park..._Works_Big_Game_Commercial_2026_Xfinity,109,54.5,54,5,R Gyrus subcallosal,2.11
Jurassic_Park..._Works_Big_Game_Commercial_2026_Xfinity,109,54.5,54,6,L Sulcus pericallosal,2.05
Jurassic_Park..._Works_Big_Game_Commercial_2026_Xfinity,109,54.5,54,7,L Gyrus rectus,2.04
Jurassic_Park..._Works_Big_Game_Commercial_2026_Xfinity,109,54.5,54,8,L Sulcus orbital med-olfact,2.03
Jurassic_Park..._Works_Big_Game_Commercial_2026_Xfinity,110,55.0,55,1,L Gyrus subcallosal,2.19
Jurassic_Park..._Works_Big_Game_Commercial_2026_Xfinity,110,55.0,55,2,R Sulcus subparietal,2.15
Jurassic_Park..._Works_Big_Game_Commercial_2026_Xfinity,110,55.0,55,3,L Gyrus temporal middle,2.12
Jurassic_Park..._Works_Big_Game_Commercial_2026_Xfinity,110,55.0,55,4,L Sulcus cingul-Marginalis,2.02
Jurassic_Park..._Works_Big_Game_Commercial_2026_Xfinity,110,55.0,55,5,L Sulcus temporal inf,2.01
Jurassic_Park..._Works_Big_Game_Commercial_2026_Xfinity,110,55.0,55,6,L Sulcus orbital-H Shaped,2.01
Jurassic_Park..._Works_Big_Game_Commercial_2026_Xfinity,110,55.0,55,7,L Sulcus orbital lateral,2.01
Jurassic_Park..._Works_Big_Game_Commercial_2026_Xfinity,110,55.0,55,8,R Gyrus rectus,2.0
Jurassic_Park..._Works_Big_Game_Commercial_2026_Xfinity,111,55.5,55,1,L Gyrus subcallosal,2.19
Jurassic_Park..._Works_Big_Game_Commercial_2026_Xfinity,111,55.5,55,2,R Sulcus subparietal,2.15
Jurassic_Park..._Works_Big_Game_Commercial_2026_Xfinity,111,55.5,55,3,L Gyrus temporal middle,2.12
Jurassic_Park..._Works_Big_Game_Commercial_2026_Xfinity,111,55.5,55,4,L Sulcus cingul-Marginalis,2.02
Jurassic_Park..._Works_Big_Game_Commercial_2026_Xfinity,111,55.5,55,5,L Sulcus temporal inf,2.01
Jurassic_Park..._Works_Big_Game_Commercial_2026_Xfinity,111,55.5,55,6,L Sulcus orbital-H Shaped,2.01
Jurassic_Park..._Works_Big_Game_Commercial_2026_Xfinity,111,55.5,55,7,L Sulcus orbital lateral,2.01
Jurassic_Park..._Works_Big_Game_Commercial_2026_Xfinity,111,55.5,55,8,R Gyrus rectus,2.0
Jurassic_Park..._Works_Big_Game_Commercial_2026_Xfinity,112,56.0,56,1,R Sulcus subparietal,2.35
Jurassic_Park..._Works_Big_Game_Commercial_2026_Xfinity,112,56.0,56,2,R Gyrus cingul-Post-dorsal,2.22
Jurassic_Park..._Works_Big_Game_Commercial_2026_Xfinity,112,56.0,56,3,R Sulcus temporal inf,2.15
Jurassic_Park..._Works_Big_Game_Commercial_2026_Xfinity,112,56.0,56,4,R Gyrus pariet inf-Angular,2.14
Jurassic_Park..._Works_Big_Game_Commercial_2026_Xfinity,112,56.0,56,5,R Gyrus and Sulcus transv frontopol,2.14
Jurassic_Park..._Works_Big_Game_Commercial_2026_Xfinity,112,56.0,56,6,R Sulcus intrapariet and P trans,2.13
Jurassic_Park..._Works_Big_Game_Commercial_2026_Xfinity,112,56.0,56,7,R Gyrus front middle,2.13
Jurassic_Park..._Works_Big_Game_Commercial_2026_Xfinity,112,56.0,56,8,R Gyrus temporal middle,2.13
Jurassic_Park..._Works_Big_Game_Commercial_2026_Xfinity,113,56.5,56,1,R Sulcus subparietal,2.35
Jurassic_Park..._Works_Big_Game_Commercial_2026_Xfinity,113,56.5,56,2,R Gyrus cingul-Post-dorsal,2.22
Jurassic_Park..._Works_Big_Game_Commercial_2026_Xfinity,113,56.5,56,3,R Sulcus temporal inf,2.15
Jurassic_Park..._Works_Big_Game_Commercial_2026_Xfinity,113,56.5,56,4,R Gyrus pariet inf-Angular,2.14
Jurassic_Park..._Works_Big_Game_Commercial_2026_Xfinity,113,56.5,56,5,R Gyrus and Sulcus transv frontopol,2.14
Jurassic_Park..._Works_Big_Game_Commercial_2026_Xfinity,113,56.5,56,6,R Sulcus intrapariet and P trans,2.13
Jurassic_Park..._Works_Big_Game_Commercial_2026_Xfinity,113,56.5,56,7,R Gyrus front middle,2.13
Jurassic_Park..._Works_Big_Game_Commercial_2026_Xfinity,113,56.5,56,8,R Gyrus temporal middle,2.13
Jurassic_Park..._Works_Big_Game_Commercial_2026_Xfinity,114,57.0,57,1,R Sulcus precentral-inf-part,2.51
Jurassic_Park..._Works_Big_Game_Commercial_2026_Xfinity,114,57.0,57,2,L Sulcus pericallosal,2.5
Jurassic_Park..._Works_Big_Game_Commercial_2026_Xfinity,114,57.0,57,3,R Gyrus and Sulcus frontomargin,2.46
Jurassic_Park..._Works_Big_Game_Commercial_2026_Xfinity,114,57.0,57,4,R Sulcus interm prim-Jensen,2.46
Jurassic_Park..._Works_Big_Game_Commercial_2026_Xfinity,114,57.0,57,5,R Gyrus cingul-Post-dorsal,2.46
Jurassic_Park..._Works_Big_Game_Commercial_2026_Xfinity,114,57.0,57,6,R Sulcus subparietal,2.45
Jurassic_Park..._Works_Big_Game_Commercial_2026_Xfinity,114,57.0,57,7,R Sulcus intrapariet and P trans,2.43
Jurassic_Park..._Works_Big_Game_Commercial_2026_Xfinity,114,57.0,57,8,R Gyrus and Sulcus cingul-Mid-Ant,2.43
Jurassic_Park..._Works_Big_Game_Commercial_2026_Xfinity,115,57.5,57,1,R Sulcus precentral-inf-part,2.51
Jurassic_Park..._Works_Big_Game_Commercial_2026_Xfinity,115,57.5,57,2,L Sulcus pericallosal,2.5
Jurassic_Park..._Works_Big_Game_Commercial_2026_Xfinity,115,57.5,57,3,R Gyrus and Sulcus frontomargin,2.46
Jurassic_Park..._Works_Big_Game_Commercial_2026_Xfinity,115,57.5,57,4,R Sulcus interm prim-Jensen,2.46
Jurassic_Park..._Works_Big_Game_Commercial_2026_Xfinity,115,57.5,57,5,R Gyrus cingul-Post-dorsal,2.46
Jurassic_Park..._Works_Big_Game_Commercial_2026_Xfinity,115,57.5,57,6,R Sulcus subparietal,2.45
Jurassic_Park..._Works_Big_Game_Commercial_2026_Xfinity,115,57.5,57,7,R Sulcus intrapariet and P trans,2.43
Jurassic_Park..._Works_Big_Game_Commercial_2026_Xfinity,115,57.5,57,8,R Gyrus and Sulcus cingul-Mid-Ant,2.43
Jurassic_Park..._Works_Big_Game_Commercial_2026_Xfinity,116,58.0,58,1,R Gyrus and Sulcus cingul-Mid-Ant,3.25
Jurassic_Park..._Works_Big_Game_Commercial_2026_Xfinity,116,58.0,58,2,L Sulcus pericallosal,3.23
Jurassic_Park..._Works_Big_Game_Commercial_2026_Xfinity,116,58.0,58,3,L Gyrus and Sulcus cingul-Mid-Ant,3.12
Jurassic_Park..._Works_Big_Game_Commercial_2026_Xfinity,116,58.0,58,4,R Sulcus pericallosal,3.1
Jurassic_Park..._Works_Big_Game_Commercial_2026_Xfinity,116,58.0,58,5,R Gyrus and Sulcus frontomargin,3.1
Jurassic_Park..._Works_Big_Game_Commercial_2026_Xfinity,116,58.0,58,6,R Gyrus insular short,3.08
Jurassic_Park..._Works_Big_Game_Commercial_2026_Xfinity,116,58.0,58,7,R Sulcus front middle,3.07
Jurassic_Park..._Works_Big_Game_Commercial_2026_Xfinity,116,58.0,58,8,R Sulcus interm prim-Jensen,3.04
Jurassic_Park..._Works_Big_Game_Commercial_2026_Xfinity,117,58.5,58,1,R Gyrus and Sulcus cingul-Mid-Ant,3.25
Jurassic_Park..._Works_Big_Game_Commercial_2026_Xfinity,117,58.5,58,2,L Sulcus pericallosal,3.23
Jurassic_Park..._Works_Big_Game_Commercial_2026_Xfinity,117,58.5,58,3,L Gyrus and Sulcus cingul-Mid-Ant,3.12
Jurassic_Park..._Works_Big_Game_Commercial_2026_Xfinity,117,58.5,58,4,R Sulcus pericallosal,3.1
Jurassic_Park..._Works_Big_Game_Commercial_2026_Xfinity,117,58.5,58,5,R Gyrus and Sulcus frontomargin,3.1
Jurassic_Park..._Works_Big_Game_Commercial_2026_Xfinity,117,58.5,58,6,R Gyrus insular short,3.08
Jurassic_Park..._Works_Big_Game_Commercial_2026_Xfinity,117,58.5,58,7,R Sulcus front middle,3.07
Jurassic_Park..._Works_Big_Game_Commercial_2026_Xfinity,117,58.5,58,8,R Sulcus interm prim-Jensen,3.04
Jurassic_Park..._Works_Big_Game_Commercial_2026_Xfinity,118,59.0,59,1,L Sulcus pericallosal,2.99
Jurassic_Park..._Works_Big_Game_Commercial_2026_Xfinity,118,59.0,59,2,R Gyrus and Sulcus cingul-Mid-Ant,2.94
Jurassic_Park..._Works_Big_Game_Commercial_2026_Xfinity,118,59.0,59,3,R Gyrus insular short,2.87
Jurassic_Park..._Works_Big_Game_Commercial_2026_Xfinity,118,59.0,59,4,L Gyrus and Sulcus cingul-Mid-Ant,2.84
Jurassic_Park..._Works_Big_Game_Commercial_2026_Xfinity,118,59.0,59,5,R Sulcus circular insula sup,2.84
Jurassic_Park..._Works_Big_Game_Commercial_2026_Xfinity,118,59.0,59,6,R Gyrus and Sulcus frontomargin,2.79
Jurassic_Park..._Works_Big_Game_Commercial_2026_Xfinity,118,59.0,59,7,R Sulcus pericallosal,2.79
Jurassic_Park..._Works_Big_Game_Commercial_2026_Xfinity,118,59.0,59,8,R Gyrus front inf-Opercular,2.77
Jurassic_Park..._Works_Big_Game_Commercial_2026_Xfinity,119,59.5,59,1,L Sulcus pericallosal,2.99
Jurassic_Park..._Works_Big_Game_Commercial_2026_Xfinity,119,59.5,59,2,R Gyrus and Sulcus cingul-Mid-Ant,2.94
Jurassic_Park..._Works_Big_Game_Commercial_2026_Xfinity,119,59.5,59,3,R Gyrus insular short,2.87
Jurassic_Park..._Works_Big_Game_Commercial_2026_Xfinity,119,59.5,59,4,L Gyrus and Sulcus cingul-Mid-Ant,2.84
Jurassic_Park..._Works_Big_Game_Commercial_2026_Xfinity,119,59.5,59,5,R Sulcus circular insula sup,2.84
Jurassic_Park..._Works_Big_Game_Commercial_2026_Xfinity,119,59.5,59,6,R Gyrus and Sulcus frontomargin,2.79
Jurassic_Park..._Works_Big_Game_Commercial_2026_Xfinity,119,59.5,59,7,R Sulcus pericallosal,2.79
Jurassic_Park..._Works_Big_Game_Commercial_2026_Xfinity,119,59.5,59,8,R Gyrus front inf-Opercular,2.77
Jurassic_Park..._Works_Big_Game_Commercial_2026_Xfinity,120,60.0,60,1,R Sulcus circular insula sup,2.64
Jurassic_Park..._Works_Big_Game_Commercial_2026_Xfinity,120,60.0,60,2,R Gyrus and Sulcus paracentral,2.55
Jurassic_Park..._Works_Big_Game_Commercial_2026_Xfinity,120,60.0,60,3,R Gyrus insular short,2.53
Jurassic_Park..._Works_Big_Game_Commercial_2026_Xfinity,120,60.0,60,4,L Sulcus pericallosal,2.5
Jurassic_Park..._Works_Big_Game_Commercial_2026_Xfinity,120,60.0,60,5,L Gyrus front inf-Opercular,2.49
Jurassic_Park..._Works_Big_Game_Commercial_2026_Xfinity,120,60.0,60,6,R Gyrus front inf-Opercular,2.49
Jurassic_Park..._Works_Big_Game_Commercial_2026_Xfinity,120,60.0,60,7,R Gyrus and Sulcus cingul-Mid-Ant,2.48
Jurassic_Park..._Works_Big_Game_Commercial_2026_Xfinity,120,60.0,60,8,L Gyrus insular short,2.43
LAY_S_Last_Harvest_Super_Bowl_LX_Commercial,0,0.0,0,1,L Sulcus orbital med-olfact,2.37
LAY_S_Last_Harvest_Super_Bowl_LX_Commercial,0,0.0,0,2,R Gyrus and Sulcus cingul-Ant,2.34
LAY_S_Last_Harvest_Super_Bowl_LX_Commercial,0,0.0,0,3,L Gyrus and Sulcus cingul-Ant,2.11
LAY_S_Last_Harvest_Super_Bowl_LX_Commercial,0,0.0,0,4,R Gyrus orbital,1.97
LAY_S_Last_Harvest_Super_Bowl_LX_Commercial,0,0.0,0,5,L Gyrus orbital,1.93
LAY_S_Last_Harvest_Super_Bowl_LX_Commercial,0,0.0,0,6,R Sulcus suborbital,1.81
LAY_S_Last_Harvest_Super_Bowl_LX_Commercial,1,0.5,0,1,L Sulcus orbital med-olfact,2.37
LAY_S_Last_Harvest_Super_Bowl_LX_Commercial,1,0.5,0,2,R Gyrus and Sulcus cingul-Ant,2.34
LAY_S_Last_Harvest_Super_Bowl_LX_Commercial,1,0.5,0,3,L Gyrus and Sulcus cingul-Ant,2.11
LAY_S_Last_Harvest_Super_Bowl_LX_Commercial,1,0.5,0,4,R Gyrus orbital,1.97
LAY_S_Last_Harvest_Super_Bowl_LX_Commercial,1,0.5,0,5,L Gyrus orbital,1.93
LAY_S_Last_Harvest_Super_Bowl_LX_Commercial,1,0.5,0,6,R Sulcus suborbital,1.81
LAY_S_Last_Harvest_Super_Bowl_LX_Commercial,2,1.0,1,1,L Sulcus orbital med-olfact,2.28
LAY_S_Last_Harvest_Super_Bowl_LX_Commercial,2,1.0,1,2,L Sulcus front sup,2.19
LAY_S_Last_Harvest_Super_Bowl_LX_Commercial,2,1.0,1,3,R Gyrus and Sulcus transv frontopol,2.05
LAY_S_Last_Harvest_Super_Bowl_LX_Commercial,2,1.0,1,4,R Gyrus and Sulcus cingul-Ant,2.05
LAY_S_Last_Harvest_Super_Bowl_LX_Commercial,2,1.0,1,5,R Gyrus orbital,1.89
LAY_S_Last_Harvest_Super_Bowl_LX_Commercial,2,1.0,1,6,L Gyrus and Sulcus cingul-Ant,1.88
LAY_S_Last_Harvest_Super_Bowl_LX_Commercial,2,1.0,1,7,L Sulcus parieto occipital,1.85
LAY_S_Last_Harvest_Super_Bowl_LX_Commercial,2,1.0,1,8,R Sulcus pericallosal,1.82
LAY_S_Last_Harvest_Super_Bowl_LX_Commercial,3,1.5,1,1,L Sulcus orbital med-olfact,2.28
LAY_S_Last_Harvest_Super_Bowl_LX_Commercial,3,1.5,1,2,L Sulcus front sup,2.19
LAY_S_Last_Harvest_Super_Bowl_LX_Commercial,3,1.5,1,3,R Gyrus and Sulcus transv frontopol,2.05
LAY_S_Last_Harvest_Super_Bowl_LX_Commercial,3,1.5,1,4,R Gyrus and Sulcus cingul-Ant,2.05
LAY_S_Last_Harvest_Super_Bowl_LX_Commercial,3,1.5,1,5,R Gyrus orbital,1.89
LAY_S_Last_Harvest_Super_Bowl_LX_Commercial,3,1.5,1,6,L Gyrus and Sulcus cingul-Ant,1.88
LAY_S_Last_Harvest_Super_Bowl_LX_Commercial,3,1.5,1,7,L Sulcus parieto occipital,1.85
LAY_S_Last_Harvest_Super_Bowl_LX_Commercial,3,1.5,1,8,R Sulcus pericallosal,1.82
LAY_S_Last_Harvest_Super_Bowl_LX_Commercial,4,2.0,2,1,L Sulcus front sup,2.7
LAY_S_Last_Harvest_Super_Bowl_LX_Commercial,4,2.0,2,2,L Sulcus front inf,2.31
LAY_S_Last_Harvest_Super_Bowl_LX_Commercial,4,2.0,2,3,R Gyrus subcallosal,2.22
LAY_S_Last_Harvest_Super_Bowl_LX_Commercial,4,2.0,2,4,R Gyrus and Sulcus cingul-Ant,2.16
LAY_S_Last_Harvest_Super_Bowl_LX_Commercial,4,2.0,2,5,R Gyrus postcentral,2.16
LAY_S_Last_Harvest_Super_Bowl_LX_Commercial,4,2.0,2,6,L Sulcus orbital med-olfact,2.1
LAY_S_Last_Harvest_Super_Bowl_LX_Commercial,4,2.0,2,7,L Gyrus postcentral,2.02
LAY_S_Last_Harvest_Super_Bowl_LX_Commercial,4,2.0,2,8,R Gyrus and Sulcus transv frontopol,2.01
LAY_S_Last_Harvest_Super_Bowl_LX_Commercial,5,2.5,2,1,L Sulcus front sup,2.7
LAY_S_Last_Harvest_Super_Bowl_LX_Commercial,5,2.5,2,2,L Sulcus front inf,2.31
LAY_S_Last_Harvest_Super_Bowl_LX_Commercial,5,2.5,2,3,R Gyrus subcallosal,2.22
LAY_S_Last_Harvest_Super_Bowl_LX_Commercial,5,2.5,2,4,R Gyrus and Sulcus cingul-Ant,2.16
LAY_S_Last_Harvest_Super_Bowl_LX_Commercial,5,2.5,2,5,R Gyrus postcentral,2.16
LAY_S_Last_Harvest_Super_Bowl_LX_Commercial,5,2.5,2,6,L Sulcus orbital med-olfact,2.1
LAY_S_Last_Harvest_Super_Bowl_LX_Commercial,5,2.5,2,7,L Gyrus postcentral,2.02
LAY_S_Last_Harvest_Super_Bowl_LX_Commercial,5,2.5,2,8,R Gyrus and Sulcus transv frontopol,2.01
LAY_S_Last_Harvest_Super_Bowl_LX_Commercial,6,3.0,3,1,R Gyrus and Sulcus cingul-Ant,2.06
LAY_S_Last_Harvest_Super_Bowl_LX_Commercial,6,3.0,3,2,R Sulcus temporal inf,1.85
LAY_S_Last_Harvest_Super_Bowl_LX_Commercial,6,3.0,3,3,R Gyrus temporal inf,1.84
LAY_S_Last_Harvest_Super_Bowl_LX_Commercial,6,3.0,3,4,R Gyrus subcallosal,1.8
LAY_S_Last_Harvest_Super_Bowl_LX_Commercial,6,3.0,3,5,L Sulcus front inf,1.78
LAY_S_Last_Harvest_Super_Bowl_LX_Commercial,6,3.0,3,6,R Sulcus pericallosal,1.74
LAY_S_Last_Harvest_Super_Bowl_LX_Commercial,7,3.5,3,1,R Gyrus and Sulcus cingul-Ant,2.06
LAY_S_Last_Harvest_Super_Bowl_LX_Commercial,7,3.5,3,2,R Sulcus temporal inf,1.85
LAY_S_Last_Harvest_Super_Bowl_LX_Commercial,7,3.5,3,3,R Gyrus temporal inf,1.84
LAY_S_Last_Harvest_Super_Bowl_LX_Commercial,7,3.5,3,4,R Gyrus subcallosal,1.8
LAY_S_Last_Harvest_Super_Bowl_LX_Commercial,7,3.5,3,5,L Sulcus front inf,1.78
LAY_S_Last_Harvest_Super_Bowl_LX_Commercial,7,3.5,3,6,R Sulcus pericallosal,1.74
LAY_S_Last_Harvest_Super_Bowl_LX_Commercial,8,4.0,4,1,R Sulcus temporal inf,1.93
LAY_S_Last_Harvest_Super_Bowl_LX_Commercial,8,4.0,4,2,R Gyrus and Sulcus cingul-Ant,1.9
LAY_S_Last_Harvest_Super_Bowl_LX_Commercial,8,4.0,4,3,R Gyrus temporal inf,1.79
LAY_S_Last_Harvest_Super_Bowl_LX_Commercial,8,4.0,4,4,R Gyrus subcallosal,1.77
LAY_S_Last_Harvest_Super_Bowl_LX_Commercial,8,4.0,4,5,R Gyrus and Sulcus transv frontopol,1.74
LAY_S_Last_Harvest_Super_Bowl_LX_Commercial,9,4.5,4,1,R Sulcus temporal inf,1.93
LAY_S_Last_Harvest_Super_Bowl_LX_Commercial,9,4.5,4,2,R Gyrus and Sulcus cingul-Ant,1.9
LAY_S_Last_Harvest_Super_Bowl_LX_Commercial,9,4.5,4,3,R Gyrus temporal inf,1.79
LAY_S_Last_Harvest_Super_Bowl_LX_Commercial,9,4.5,4,4,R Gyrus subcallosal,1.77
LAY_S_Last_Harvest_Super_Bowl_LX_Commercial,9,4.5,4,5,R Gyrus and Sulcus transv frontopol,1.74
LAY_S_Last_Harvest_Super_Bowl_LX_Commercial,10,5.0,5,1,R Sulcus temporal inf,2.08
LAY_S_Last_Harvest_Super_Bowl_LX_Commercial,10,5.0,5,2,R Gyrus front sup,1.71
LAY_S_Last_Harvest_Super_Bowl_LX_Commercial,11,5.5,5,1,R Sulcus temporal inf,2.08
LAY_S_Last_Harvest_Super_Bowl_LX_Commercial,11,5.5,5,2,R Gyrus front sup,1.71
LAY_S_Last_Harvest_Super_Bowl_LX_Commercial,12,6.0,6,1,R Sulcus temporal inf,2.23
LAY_S_Last_Harvest_Super_Bowl_LX_Commercial,12,6.0,6,2,L Gyrus and Sulcus transv frontopol,1.9
LAY_S_Last_Harvest_Super_Bowl_LX_Commercial,12,6.0,6,3,R Gyrus front sup,1.9
LAY_S_Last_Harvest_Super_Bowl_LX_Commercial,12,6.0,6,4,R Lat Fis-post,1.82
LAY_S_Last_Harvest_Super_Bowl_LX_Commercial,12,6.0,6,5,R Gyrus and Sulcus cingul-Ant,1.81
LAY_S_Last_Harvest_Super_Bowl_LX_Commercial,12,6.0,6,6,R Gyrus temporal inf,1.75
LAY_S_Last_Harvest_Super_Bowl_LX_Commercial,12,6.0,6,7,L Gyrus temporal inf,1.72
LAY_S_Last_Harvest_Super_Bowl_LX_Commercial,13,6.5,6,1,R Sulcus temporal inf,2.23
LAY_S_Last_Harvest_Super_Bowl_LX_Commercial,13,6.5,6,2,L Gyrus and Sulcus transv frontopol,1.9
LAY_S_Last_Harvest_Super_Bowl_LX_Commercial,13,6.5,6,3,R Gyrus front sup,1.9
LAY_S_Last_Harvest_Super_Bowl_LX_Commercial,13,6.5,6,4,R Lat Fis-post,1.82
LAY_S_Last_Harvest_Super_Bowl_LX_Commercial,13,6.5,6,5,R Gyrus and Sulcus cingul-Ant,1.81
LAY_S_Last_Harvest_Super_Bowl_LX_Commercial,13,6.5,6,6,R Gyrus temporal inf,1.75
LAY_S_Last_Harvest_Super_Bowl_LX_Commercial,13,6.5,6,7,L Gyrus temporal inf,1.72
LAY_S_Last_Harvest_Super_Bowl_LX_Commercial,14,7.0,7,1,R Sulcus temporal inf,2.29
LAY_S_Last_Harvest_Super_Bowl_LX_Commercial,14,7.0,7,2,L Gyrus and Sulcus transv frontopol,2.0
LAY_S_Last_Harvest_Super_Bowl_LX_Commercial,14,7.0,7,3,R Lat Fis-post,1.95
LAY_S_Last_Harvest_Super_Bowl_LX_Commercial,14,7.0,7,4,R Gyrus front sup,1.89
LAY_S_Last_Harvest_Super_Bowl_LX_Commercial,14,7.0,7,5,R Gyrus temporal middle,1.89
LAY_S_Last_Harvest_Super_Bowl_LX_Commercial,14,7.0,7,6,L Sulcus central,1.87
LAY_S_Last_Harvest_Super_Bowl_LX_Commercial,14,7.0,7,7,R Gyrus temporal inf,1.85
LAY_S_Last_Harvest_Super_Bowl_LX_Commercial,14,7.0,7,8,R Gyrus and Sulcus cingul-Ant,1.83
LAY_S_Last_Harvest_Super_Bowl_LX_Commercial,15,7.5,7,1,R Sulcus temporal inf,2.29
LAY_S_Last_Harvest_Super_Bowl_LX_Commercial,15,7.5,7,2,L Gyrus and Sulcus transv frontopol,2.0
LAY_S_Last_Harvest_Super_Bowl_LX_Commercial,15,7.5,7,3,R Lat Fis-post,1.95
LAY_S_Last_Harvest_Super_Bowl_LX_Commercial,15,7.5,7,4,R Gyrus front sup,1.89
LAY_S_Last_Harvest_Super_Bowl_LX_Commercial,15,7.5,7,5,R Gyrus temporal middle,1.89
LAY_S_Last_Harvest_Super_Bowl_LX_Commercial,15,7.5,7,6,L Sulcus central,1.87
LAY_S_Last_Harvest_Super_Bowl_LX_Commercial,15,7.5,7,7,R Gyrus temporal inf,1.85
LAY_S_Last_Harvest_Super_Bowl_LX_Commercial,15,7.5,7,8,R Gyrus and Sulcus cingul-Ant,1.83
LAY_S_Last_Harvest_Super_Bowl_LX_Commercial,16,8.0,8,1,L Gyrus and Sulcus cingul-Mid-Ant,2.4
LAY_S_Last_Harvest_Super_Bowl_LX_Commercial,16,8.0,8,2,L Gyrus and Sulcus transv frontopol,2.18
LAY_S_Last_Harvest_Super_Bowl_LX_Commercial,16,8.0,8,3,R Sulcus temporal inf,2.15
LAY_S_Last_Harvest_Super_Bowl_LX_Commercial,16,8.0,8,4,R Gyrus and Sulcus frontomargin,2.14
LAY_S_Last_Harvest_Super_Bowl_LX_Commercial,16,8.0,8,5,R Lat Fis-post,2.08
LAY_S_Last_Harvest_Super_Bowl_LX_Commercial,16,8.0,8,6,L Gyrus parietal sup,2.05
LAY_S_Last_Harvest_Super_Bowl_LX_Commercial,16,8.0,8,7,L Gyrus and Sulcus subcentral,2.05
LAY_S_Last_Harvest_Super_Bowl_LX_Commercial,16,8.0,8,8,R Gyrus and Sulcus subcentral,2.0
LAY_S_Last_Harvest_Super_Bowl_LX_Commercial,17,8.5,8,1,L Gyrus and Sulcus cingul-Mid-Ant,2.4
LAY_S_Last_Harvest_Super_Bowl_LX_Commercial,17,8.5,8,2,L Gyrus and Sulcus transv frontopol,2.18
LAY_S_Last_Harvest_Super_Bowl_LX_Commercial,17,8.5,8,3,R Sulcus temporal inf,2.15
LAY_S_Last_Harvest_Super_Bowl_LX_Commercial,17,8.5,8,4,R Gyrus and Sulcus frontomargin,2.14
LAY_S_Last_Harvest_Super_Bowl_LX_Commercial,17,8.5,8,5,R Lat Fis-post,2.08
LAY_S_Last_Harvest_Super_Bowl_LX_Commercial,17,8.5,8,6,L Gyrus parietal sup,2.05
LAY_S_Last_Harvest_Super_Bowl_LX_Commercial,17,8.5,8,7,L Gyrus and Sulcus subcentral,2.05
LAY_S_Last_Harvest_Super_Bowl_LX_Commercial,17,8.5,8,8,R Gyrus and Sulcus subcentral,2.0
LAY_S_Last_Harvest_Super_Bowl_LX_Commercial,18,9.0,9,1,L Gyrus and Sulcus cingul-Mid-Ant,2.58
LAY_S_Last_Harvest_Super_Bowl_LX_Commercial,18,9.0,9,2,L Gyrus parietal sup,2.19
LAY_S_Last_Harvest_Super_Bowl_LX_Commercial,18,9.0,9,3,L Gyrus and Sulcus transv frontopol,2.15
LAY_S_Last_Harvest_Super_Bowl_LX_Commercial,18,9.0,9,4,R Sulcus temporal inf,2.11
LAY_S_Last_Harvest_Super_Bowl_LX_Commercial,18,9.0,9,5,R Gyrus and Sulcus subcentral,2.11
LAY_S_Last_Harvest_Super_Bowl_LX_Commercial,18,9.0,9,6,R Gyrus temp sup-Plan tempo,2.11
LAY_S_Last_Harvest_Super_Bowl_LX_Commercial,18,9.0,9,7,L Gyrus and Sulcus subcentral,2.1
LAY_S_Last_Harvest_Super_Bowl_LX_Commercial,18,9.0,9,8,R Gyrus and Sulcus frontomargin,2.1
LAY_S_Last_Harvest_Super_Bowl_LX_Commercial,19,9.5,9,1,L Gyrus and Sulcus cingul-Mid-Ant,2.58
LAY_S_Last_Harvest_Super_Bowl_LX_Commercial,19,9.5,9,2,L Gyrus parietal sup,2.19
LAY_S_Last_Harvest_Super_Bowl_LX_Commercial,19,9.5,9,3,L Gyrus and Sulcus transv frontopol,2.15
LAY_S_Last_Harvest_Super_Bowl_LX_Commercial,19,9.5,9,4,R Sulcus temporal inf,2.11
LAY_S_Last_Harvest_Super_Bowl_LX_Commercial,19,9.5,9,5,R Gyrus and Sulcus subcentral,2.11
LAY_S_Last_Harvest_Super_Bowl_LX_Commercial,19,9.5,9,6,R Gyrus temp sup-Plan tempo,2.11
LAY_S_Last_Harvest_Super_Bowl_LX_Commercial,19,9.5,9,7,L Gyrus and Sulcus subcentral,2.1
LAY_S_Last_Harvest_Super_Bowl_LX_Commercial,19,9.5,9,8,R Gyrus and Sulcus frontomargin,2.1
LAY_S_Last_Harvest_Super_Bowl_LX_Commercial,20,10.0,10,1,L Gyrus and Sulcus cingul-Mid-Ant,2.37
LAY_S_Last_Harvest_Super_Bowl_LX_Commercial,20,10.0,10,2,L Gyrus parietal sup,2.17
LAY_S_Last_Harvest_Super_Bowl_LX_Commercial,20,10.0,10,3,R Gyrus and Sulcus subcentral,2.15
LAY_S_Last_Harvest_Super_Bowl_LX_Commercial,20,10.0,10,4,L Gyrus and Sulcus subcentral,2.14
LAY_S_Last_Harvest_Super_Bowl_LX_Commercial,20,10.0,10,5,R Gyrus front middle,2.11
LAY_S_Last_Harvest_Super_Bowl_LX_Commercial,20,10.0,10,6,L Gyrus and Sulcus cingul-Mid-Post,2.1
LAY_S_Last_Harvest_Super_Bowl_LX_Commercial,20,10.0,10,7,R Gyrus and Sulcus cingul-Mid-Post,2.09
LAY_S_Last_Harvest_Super_Bowl_LX_Commercial,20,10.0,10,8,L Sulcus central,2.08
LAY_S_Last_Harvest_Super_Bowl_LX_Commercial,21,10.5,10,1,L Gyrus and Sulcus cingul-Mid-Ant,2.37
LAY_S_Last_Harvest_Super_Bowl_LX_Commercial,21,10.5,10,2,L Gyrus parietal sup,2.17
LAY_S_Last_Harvest_Super_Bowl_LX_Commercial,21,10.5,10,3,R Gyrus and Sulcus subcentral,2.15
LAY_S_Last_Harvest_Super_Bowl_LX_Commercial,21,10.5,10,4,L Gyrus and Sulcus subcentral,2.14
LAY_S_Last_Harvest_Super_Bowl_LX_Commercial,21,10.5,10,5,R Gyrus front middle,2.11
LAY_S_Last_Harvest_Super_Bowl_LX_Commercial,21,10.5,10,6,L Gyrus and Sulcus cingul-Mid-Post,2.1
LAY_S_Last_Harvest_Super_Bowl_LX_Commercial,21,10.5,10,7,R Gyrus and Sulcus cingul-Mid-Post,2.09
LAY_S_Last_Harvest_Super_Bowl_LX_Commercial,21,10.5,10,8,L Sulcus central,2.08
LAY_S_Last_Harvest_Super_Bowl_LX_Commercial,22,11.0,11,1,R Gyrus front middle,2.17
LAY_S_Last_Harvest_Super_Bowl_LX_Commercial,22,11.0,11,2,R Gyrus and Sulcus subcentral,2.11
LAY_S_Last_Harvest_Super_Bowl_LX_Commercial,22,11.0,11,3,L Gyrus front middle,2.09
LAY_S_Last_Harvest_Super_Bowl_LX_Commercial,22,11.0,11,4,L Sulcus central,2.07
LAY_S_Last_Harvest_Super_Bowl_LX_Commercial,22,11.0,11,5,R Gyrus and Sulcus paracentral,2.07
LAY_S_Last_Harvest_Super_Bowl_LX_Commercial,22,11.0,11,6,L Gyrus and Sulcus subcentral,2.06
LAY_S_Last_Harvest_Super_Bowl_LX_Commercial,22,11.0,11,7,L Gyrus temporal inf,2.05
LAY_S_Last_Harvest_Super_Bowl_LX_Commercial,22,11.0,11,8,L Gyrus and Sulcus cingul-Mid-Post,2.01
LAY_S_Last_Harvest_Super_Bowl_LX_Commercial,23,11.5,11,1,R Gyrus front middle,2.17
LAY_S_Last_Harvest_Super_Bowl_LX_Commercial,23,11.5,11,2,R Gyrus and Sulcus subcentral,2.11
LAY_S_Last_Harvest_Super_Bowl_LX_Commercial,23,11.5,11,3,L Gyrus front middle,2.09
LAY_S_Last_Harvest_Super_Bowl_LX_Commercial,23,11.5,11,4,L Sulcus central,2.07
LAY_S_Last_Harvest_Super_Bowl_LX_Commercial,23,11.5,11,5,R Gyrus and Sulcus paracentral,2.07
LAY_S_Last_Harvest_Super_Bowl_LX_Commercial,23,11.5,11,6,L Gyrus and Sulcus subcentral,2.06
LAY_S_Last_Harvest_Super_Bowl_LX_Commercial,23,11.5,11,7,L Gyrus temporal inf,2.05
LAY_S_Last_Harvest_Super_Bowl_LX_Commercial,23,11.5,11,8,L Gyrus and Sulcus cingul-Mid-Post,2.01
LAY_S_Last_Harvest_Super_Bowl_LX_Commercial,24,12.0,12,1,R Gyrus front middle,2.13
LAY_S_Last_Harvest_Super_Bowl_LX_Commercial,24,12.0,12,2,L Gyrus front middle,2.08
LAY_S_Last_Harvest_Super_Bowl_LX_Commercial,24,12.0,12,3,R Gyrus and Sulcus paracentral,2.06
LAY_S_Last_Harvest_Super_Bowl_LX_Commercial,24,12.0,12,4,L Sulcus central,2.06
LAY_S_Last_Harvest_Super_Bowl_LX_Commercial,24,12.0,12,5,L Gyrus temporal inf,2.04
LAY_S_Last_Harvest_Super_Bowl_LX_Commercial,24,12.0,12,6,L Sulcus precentral-inf-part,2.02
LAY_S_Last_Harvest_Super_Bowl_LX_Commercial,24,12.0,12,7,R Sulcus temporal sup,2.01
LAY_S_Last_Harvest_Super_Bowl_LX_Commercial,24,12.0,12,8,R Gyrus temporal middle,2.01
LAY_S_Last_Harvest_Super_Bowl_LX_Commercial,25,12.5,12,1,R Gyrus front middle,2.13
LAY_S_Last_Harvest_Super_Bowl_LX_Commercial,25,12.5,12,2,L Gyrus front middle,2.08
LAY_S_Last_Harvest_Super_Bowl_LX_Commercial,25,12.5,12,3,R Gyrus and Sulcus paracentral,2.06
LAY_S_Last_Harvest_Super_Bowl_LX_Commercial,25,12.5,12,4,L Sulcus central,2.06
LAY_S_Last_Harvest_Super_Bowl_LX_Commercial,25,12.5,12,5,L Gyrus temporal inf,2.04
LAY_S_Last_Harvest_Super_Bowl_LX_Commercial,25,12.5,12,6,L Sulcus precentral-inf-part,2.02
LAY_S_Last_Harvest_Super_Bowl_LX_Commercial,25,12.5,12,7,R Sulcus temporal sup,2.01
LAY_S_Last_Harvest_Super_Bowl_LX_Commercial,25,12.5,12,8,R Gyrus temporal middle,2.01
LAY_S_Last_Harvest_Super_Bowl_LX_Commercial,26,13.0,13,1,R Sulcus central,2.04
LAY_S_Last_Harvest_Super_Bowl_LX_Commercial,26,13.0,13,2,L Gyrus front middle,2.02
LAY_S_Last_Harvest_Super_Bowl_LX_Commercial,26,13.0,13,3,L Gyrus temporal inf,2.01
LAY_S_Last_Harvest_Super_Bowl_LX_Commercial,26,13.0,13,4,L Sulcus central,2.0
LAY_S_Last_Harvest_Super_Bowl_LX_Commercial,26,13.0,13,5,L Sulcus precentral-inf-part,1.98
LAY_S_Last_Harvest_Super_Bowl_LX_Commercial,26,13.0,13,6,L Sulcus temporal sup,1.97
LAY_S_Last_Harvest_Super_Bowl_LX_Commercial,26,13.0,13,7,R Gyrus and Sulcus paracentral,1.96
LAY_S_Last_Harvest_Super_Bowl_LX_Commercial,26,13.0,13,8,R Sulcus temporal sup,1.95
LAY_S_Last_Harvest_Super_Bowl_LX_Commercial,27,13.5,13,1,R Sulcus central,2.04
LAY_S_Last_Harvest_Super_Bowl_LX_Commercial,27,13.5,13,2,L Gyrus front middle,2.02
LAY_S_Last_Harvest_Super_Bowl_LX_Commercial,27,13.5,13,3,L Gyrus temporal inf,2.01
LAY_S_Last_Harvest_Super_Bowl_LX_Commercial,27,13.5,13,4,L Sulcus central,2.0
LAY_S_Last_Harvest_Super_Bowl_LX_Commercial,27,13.5,13,5,L Sulcus precentral-inf-part,1.98
LAY_S_Last_Harvest_Super_Bowl_LX_Commercial,27,13.5,13,6,L Sulcus temporal sup,1.97
LAY_S_Last_Harvest_Super_Bowl_LX_Commercial,27,13.5,13,7,R Gyrus and Sulcus paracentral,1.96
LAY_S_Last_Harvest_Super_Bowl_LX_Commercial,27,13.5,13,8,R Sulcus temporal sup,1.95
LAY_S_Last_Harvest_Super_Bowl_LX_Commercial,28,14.0,14,1,L Sulcus front sup,1.99
LAY_S_Last_Harvest_Super_Bowl_LX_Commercial,28,14.0,14,2,L Sulcus orbital med-olfact,1.97
LAY_S_Last_Harvest_Super_Bowl_LX_Commercial,28,14.0,14,3,L Sulcus central,1.96
LAY_S_Last_Harvest_Super_Bowl_LX_Commercial,28,14.0,14,4,L Gyrus temporal inf,1.95
LAY_S_Last_Harvest_Super_Bowl_LX_Commercial,28,14.0,14,5,L Gyrus front middle,1.93
LAY_S_Last_Harvest_Super_Bowl_LX_Commercial,28,14.0,14,6,R Gyrus and Sulcus subcentral,1.91
LAY_S_Last_Harvest_Super_Bowl_LX_Commercial,28,14.0,14,7,R Sulcus central,1.9
LAY_S_Last_Harvest_Super_Bowl_LX_Commercial,28,14.0,14,8,L Sulcus temporal sup,1.9
LAY_S_Last_Harvest_Super_Bowl_LX_Commercial,29,14.5,14,1,L Sulcus front sup,1.99
LAY_S_Last_Harvest_Super_Bowl_LX_Commercial,29,14.5,14,2,L Sulcus orbital med-olfact,1.97
LAY_S_Last_Harvest_Super_Bowl_LX_Commercial,29,14.5,14,3,L Sulcus central,1.96
LAY_S_Last_Harvest_Super_Bowl_LX_Commercial,29,14.5,14,4,L Gyrus temporal inf,1.95
LAY_S_Last_Harvest_Super_Bowl_LX_Commercial,29,14.5,14,5,L Gyrus front middle,1.93
LAY_S_Last_Harvest_Super_Bowl_LX_Commercial,29,14.5,14,6,R Gyrus and Sulcus subcentral,1.91
LAY_S_Last_Harvest_Super_Bowl_LX_Commercial,29,14.5,14,7,R Sulcus central,1.9
LAY_S_Last_Harvest_Super_Bowl_LX_Commercial,29,14.5,14,8,L Sulcus temporal sup,1.9
LAY_S_Last_Harvest_Super_Bowl_LX_Commercial,30,15.0,15,1,L Sulcus orbital med-olfact,2.2
LAY_S_Last_Harvest_Super_Bowl_LX_Commercial,30,15.0,15,2,L Sulcus front sup,2.0
LAY_S_Last_Harvest_Super_Bowl_LX_Commercial,30,15.0,15,3,L Gyrus rectus,1.9
LAY_S_Last_Harvest_Super_Bowl_LX_Commercial,30,15.0,15,4,R Sulcus temporal sup,1.89
LAY_S_Last_Harvest_Super_Bowl_LX_Commercial,30,15.0,15,5,R Sulcus subparietal,1.88
LAY_S_Last_Harvest_Super_Bowl_LX_Commercial,30,15.0,15,6,R Gyrus temporal inf,1.88
LAY_S_Last_Harvest_Super_Bowl_LX_Commercial,30,15.0,15,7,R Sulcus front sup,1.87
LAY_S_Last_Harvest_Super_Bowl_LX_Commercial,30,15.0,15,8,L Sulcus suborbital,1.87
LAY_S_Last_Harvest_Super_Bowl_LX_Commercial,31,15.5,15,1,L Sulcus orbital med-olfact,2.2
LAY_S_Last_Harvest_Super_Bowl_LX_Commercial,31,15.5,15,2,L Sulcus front sup,2.0
LAY_S_Last_Harvest_Super_Bowl_LX_Commercial,31,15.5,15,3,L Gyrus rectus,1.9
LAY_S_Last_Harvest_Super_Bowl_LX_Commercial,31,15.5,15,4,R Sulcus temporal sup,1.89
LAY_S_Last_Harvest_Super_Bowl_LX_Commercial,31,15.5,15,5,R Sulcus subparietal,1.88
LAY_S_Last_Harvest_Super_Bowl_LX_Commercial,31,15.5,15,6,R Gyrus temporal inf,1.88
LAY_S_Last_Harvest_Super_Bowl_LX_Commercial,31,15.5,15,7,R Sulcus front sup,1.87
LAY_S_Last_Harvest_Super_Bowl_LX_Commercial,31,15.5,15,8,L Sulcus suborbital,1.87
LAY_S_Last_Harvest_Super_Bowl_LX_Commercial,32,16.0,16,1,L Sulcus orbital med-olfact,2.1
LAY_S_Last_Harvest_Super_Bowl_LX_Commercial,32,16.0,16,2,L Gyrus rectus,2.03
LAY_S_Last_Harvest_Super_Bowl_LX_Commercial,32,16.0,16,3,R Gyrus orbital,1.99
LAY_S_Last_Harvest_Super_Bowl_LX_Commercial,32,16.0,16,4,R Gyrus temporal middle,1.98
LAY_S_Last_Harvest_Super_Bowl_LX_Commercial,32,16.0,16,5,R Gyrus temporal inf,1.92
LAY_S_Last_Harvest_Super_Bowl_LX_Commercial,32,16.0,16,6,R Sulcus temporal sup,1.91
LAY_S_Last_Harvest_Super_Bowl_LX_Commercial,32,16.0,16,7,L Sulcus front sup,1.9
LAY_S_Last_Harvest_Super_Bowl_LX_Commercial,32,16.0,16,8,R Sulcus front sup,1.87
LAY_S_Last_Harvest_Super_Bowl_LX_Commercial,33,16.5,16,1,L Sulcus orbital med-olfact,2.1
LAY_S_Last_Harvest_Super_Bowl_LX_Commercial,33,16.5,16,2,L Gyrus rectus,2.03
LAY_S_Last_Harvest_Super_Bowl_LX_Commercial,33,16.5,16,3,R Gyrus orbital,1.99
LAY_S_Last_Harvest_Super_Bowl_LX_Commercial,33,16.5,16,4,R Gyrus temporal middle,1.98
LAY_S_Last_Harvest_Super_Bowl_LX_Commercial,33,16.5,16,5,R Gyrus temporal inf,1.92
LAY_S_Last_Harvest_Super_Bowl_LX_Commercial,33,16.5,16,6,R Sulcus temporal sup,1.91
LAY_S_Last_Harvest_Super_Bowl_LX_Commercial,33,16.5,16,7,L Sulcus front sup,1.9
LAY_S_Last_Harvest_Super_Bowl_LX_Commercial,33,16.5,16,8,R Sulcus front sup,1.87
LAY_S_Last_Harvest_Super_Bowl_LX_Commercial,34,17.0,17,1,L Sulcus orbital med-olfact,2.02
LAY_S_Last_Harvest_Super_Bowl_LX_Commercial,34,17.0,17,2,R Gyrus pariet inf-Angular,1.99
LAY_S_Last_Harvest_Super_Bowl_LX_Commercial,34,17.0,17,3,R Gyrus temporal middle,1.97
LAY_S_Last_Harvest_Super_Bowl_LX_Commercial,34,17.0,17,4,R Gyrus orbital,1.93
LAY_S_Last_Harvest_Super_Bowl_LX_Commercial,34,17.0,17,5,L Gyrus orbital,1.91
LAY_S_Last_Harvest_Super_Bowl_LX_Commercial,34,17.0,17,6,R Sulcus precentral-sup-part,1.9
LAY_S_Last_Harvest_Super_Bowl_LX_Commercial,34,17.0,17,7,R Sulcus temporal sup,1.9
LAY_S_Last_Harvest_Super_Bowl_LX_Commercial,34,17.0,17,8,R Gyrus temporal inf,1.89
LAY_S_Last_Harvest_Super_Bowl_LX_Commercial,35,17.5,17,1,L Sulcus orbital med-olfact,2.02
LAY_S_Last_Harvest_Super_Bowl_LX_Commercial,35,17.5,17,2,R Gyrus pariet inf-Angular,1.99
LAY_S_Last_Harvest_Super_Bowl_LX_Commercial,35,17.5,17,3,R Gyrus temporal middle,1.97
LAY_S_Last_Harvest_Super_Bowl_LX_Commercial,35,17.5,17,4,R Gyrus orbital,1.93
LAY_S_Last_Harvest_Super_Bowl_LX_Commercial,35,17.5,17,5,L Gyrus orbital,1.91
LAY_S_Last_Harvest_Super_Bowl_LX_Commercial,35,17.5,17,6,R Sulcus precentral-sup-part,1.9
LAY_S_Last_Harvest_Super_Bowl_LX_Commercial,35,17.5,17,7,R Sulcus temporal sup,1.9
LAY_S_Last_Harvest_Super_Bowl_LX_Commercial,35,17.5,17,8,R Gyrus temporal inf,1.89
LAY_S_Last_Harvest_Super_Bowl_LX_Commercial,36,18.0,18,1,L Sulcus orbital med-olfact,2.12
LAY_S_Last_Harvest_Super_Bowl_LX_Commercial,36,18.0,18,2,R Gyrus subcallosal,2.1
LAY_S_Last_Harvest_Super_Bowl_LX_Commercial,36,18.0,18,3,R Gyrus pariet inf-Angular,2.02
LAY_S_Last_Harvest_Super_Bowl_LX_Commercial,36,18.0,18,4,R Gyrus temp sup-Lateral,1.99
LAY_S_Last_Harvest_Super_Bowl_LX_Commercial,36,18.0,18,5,R Gyrus oc-temp med-Parahip,1.97
LAY_S_Last_Harvest_Super_Bowl_LX_Commercial,36,18.0,18,6,R Gyrus pariet inf-Supramar,1.96
LAY_S_Last_Harvest_Super_Bowl_LX_Commercial,36,18.0,18,7,R Gyrus precentral,1.94
LAY_S_Last_Harvest_Super_Bowl_LX_Commercial,36,18.0,18,8,R Sulcus precentral-inf-part,1.94
LAY_S_Last_Harvest_Super_Bowl_LX_Commercial,37,18.5,18,1,L Sulcus orbital med-olfact,2.12
LAY_S_Last_Harvest_Super_Bowl_LX_Commercial,37,18.5,18,2,R Gyrus subcallosal,2.1
LAY_S_Last_Harvest_Super_Bowl_LX_Commercial,37,18.5,18,3,R Gyrus pariet inf-Angular,2.02
LAY_S_Last_Harvest_Super_Bowl_LX_Commercial,37,18.5,18,4,R Gyrus temp sup-Lateral,1.99
LAY_S_Last_Harvest_Super_Bowl_LX_Commercial,37,18.5,18,5,R Gyrus oc-temp med-Parahip,1.97
LAY_S_Last_Harvest_Super_Bowl_LX_Commercial,37,18.5,18,6,R Gyrus pariet inf-Supramar,1.96
LAY_S_Last_Harvest_Super_Bowl_LX_Commercial,37,18.5,18,7,R Gyrus precentral,1.94
LAY_S_Last_Harvest_Super_Bowl_LX_Commercial,37,18.5,18,8,R Sulcus precentral-inf-part,1.94
LAY_S_Last_Harvest_Super_Bowl_LX_Commercial,38,19.0,19,1,R Gyrus subcallosal,2.1
LAY_S_Last_Harvest_Super_Bowl_LX_Commercial,38,19.0,19,2,R Gyrus oc-temp med-Parahip,2.07
LAY_S_Last_Harvest_Super_Bowl_LX_Commercial,38,19.0,19,3,R Gyrus pariet inf-Angular,2.01
LAY_S_Last_Harvest_Super_Bowl_LX_Commercial,38,19.0,19,4,L Sulcus suborbital,2.01
LAY_S_Last_Harvest_Super_Bowl_LX_Commercial,38,19.0,19,5,R Gyrus temp sup-Lateral,2.0
LAY_S_Last_Harvest_Super_Bowl_LX_Commercial,38,19.0,19,6,R Sulcus temporal sup,1.96
LAY_S_Last_Harvest_Super_Bowl_LX_Commercial,38,19.0,19,7,L Lat Fis-post,1.95
LAY_S_Last_Harvest_Super_Bowl_LX_Commercial,38,19.0,19,8,R Gyrus pariet inf-Supramar,1.95
LAY_S_Last_Harvest_Super_Bowl_LX_Commercial,39,19.5,19,1,R Gyrus subcallosal,2.1
LAY_S_Last_Harvest_Super_Bowl_LX_Commercial,39,19.5,19,2,R Gyrus oc-temp med-Parahip,2.07
LAY_S_Last_Harvest_Super_Bowl_LX_Commercial,39,19.5,19,3,R Gyrus pariet inf-Angular,2.01
LAY_S_Last_Harvest_Super_Bowl_LX_Commercial,39,19.5,19,4,L Sulcus suborbital,2.01
LAY_S_Last_Harvest_Super_Bowl_LX_Commercial,39,19.5,19,5,R Gyrus temp sup-Lateral,2.0
LAY_S_Last_Harvest_Super_Bowl_LX_Commercial,39,19.5,19,6,R Sulcus temporal sup,1.96
LAY_S_Last_Harvest_Super_Bowl_LX_Commercial,39,19.5,19,7,L Lat Fis-post,1.95
LAY_S_Last_Harvest_Super_Bowl_LX_Commercial,39,19.5,19,8,R Gyrus pariet inf-Supramar,1.95
LAY_S_Last_Harvest_Super_Bowl_LX_Commercial,40,20.0,20,1,R Gyrus oc-temp med-Parahip,2.07
LAY_S_Last_Harvest_Super_Bowl_LX_Commercial,40,20.0,20,2,L Sulcus calcarine,1.99
LAY_S_Last_Harvest_Super_Bowl_LX_Commercial,40,20.0,20,3,R Gyrus pariet inf-Angular,1.98
LAY_S_Last_Harvest_Super_Bowl_LX_Commercial,40,20.0,20,4,R Gyrus subcallosal,1.96
LAY_S_Last_Harvest_Super_Bowl_LX_Commercial,40,20.0,20,5,L Gyrus rectus,1.96
LAY_S_Last_Harvest_Super_Bowl_LX_Commercial,40,20.0,20,6,L Sulcus temporal sup,1.95
LAY_S_Last_Harvest_Super_Bowl_LX_Commercial,40,20.0,20,7,R Gyrus pariet inf-Supramar,1.95
LAY_S_Last_Harvest_Super_Bowl_LX_Commercial,40,20.0,20,8,R Sulcus calcarine,1.95
LAY_S_Last_Harvest_Super_Bowl_LX_Commercial,41,20.5,20,1,R Gyrus oc-temp med-Parahip,2.07
LAY_S_Last_Harvest_Super_Bowl_LX_Commercial,41,20.5,20,2,L Sulcus calcarine,1.99
LAY_S_Last_Harvest_Super_Bowl_LX_Commercial,41,20.5,20,3,R Gyrus pariet inf-Angular,1.98
LAY_S_Last_Harvest_Super_Bowl_LX_Commercial,41,20.5,20,4,R Gyrus subcallosal,1.96
LAY_S_Last_Harvest_Super_Bowl_LX_Commercial,41,20.5,20,5,L Gyrus rectus,1.96
LAY_S_Last_Harvest_Super_Bowl_LX_Commercial,41,20.5,20,6,L Sulcus temporal sup,1.95
LAY_S_Last_Harvest_Super_Bowl_LX_Commercial,41,20.5,20,7,R Gyrus pariet inf-Supramar,1.95
LAY_S_Last_Harvest_Super_Bowl_LX_Commercial,41,20.5,20,8,R Sulcus calcarine,1.95
LAY_S_Last_Harvest_Super_Bowl_LX_Commercial,42,21.0,21,1,R Gyrus and Sulcus transv frontopol,2.03
LAY_S_Last_Harvest_Super_Bowl_LX_Commercial,42,21.0,21,2,L Sulcus calcarine,1.96
LAY_S_Last_Harvest_Super_Bowl_LX_Commercial,42,21.0,21,3,L Gyrus orbital,1.96
LAY_S_Last_Harvest_Super_Bowl_LX_Commercial,42,21.0,21,4,R Gyrus oc-temp med-Parahip,1.95
LAY_S_Last_Harvest_Super_Bowl_LX_Commercial,42,21.0,21,5,L Gyrus cuneus,1.94
LAY_S_Last_Harvest_Super_Bowl_LX_Commercial,42,21.0,21,6,R Sulcus central,1.94
LAY_S_Last_Harvest_Super_Bowl_LX_Commercial,42,21.0,21,7,R Gyrus and Sulcus subcentral,1.94
LAY_S_Last_Harvest_Super_Bowl_LX_Commercial,42,21.0,21,8,R Gyrus rectus,1.94
LAY_S_Last_Harvest_Super_Bowl_LX_Commercial,43,21.5,21,1,R Gyrus and Sulcus transv frontopol,2.03
LAY_S_Last_Harvest_Super_Bowl_LX_Commercial,43,21.5,21,2,L Sulcus calcarine,1.96
LAY_S_Last_Harvest_Super_Bowl_LX_Commercial,43,21.5,21,3,L Gyrus orbital,1.96
LAY_S_Last_Harvest_Super_Bowl_LX_Commercial,43,21.5,21,4,R Gyrus oc-temp med-Parahip,1.95
LAY_S_Last_Harvest_Super_Bowl_LX_Commercial,43,21.5,21,5,L Gyrus cuneus,1.94
LAY_S_Last_Harvest_Super_Bowl_LX_Commercial,43,21.5,21,6,R Sulcus central,1.94
LAY_S_Last_Harvest_Super_Bowl_LX_Commercial,43,21.5,21,7,R Gyrus and Sulcus subcentral,1.94
LAY_S_Last_Harvest_Super_Bowl_LX_Commercial,43,21.5,21,8,R Gyrus rectus,1.94
LAY_S_Last_Harvest_Super_Bowl_LX_Commercial,44,22.0,22,1,L Gyrus rectus,2.02
LAY_S_Last_Harvest_Super_Bowl_LX_Commercial,44,22.0,22,2,R Sulcus central,2.02
LAY_S_Last_Harvest_Super_Bowl_LX_Commercial,44,22.0,22,3,L Gyrus postcentral,1.97
LAY_S_Last_Harvest_Super_Bowl_LX_Commercial,44,22.0,22,4,R Gyrus and Sulcus transv frontopol,1.96
LAY_S_Last_Harvest_Super_Bowl_LX_Commercial,44,22.0,22,5,L Gyrus and Sulcus paracentral,1.94
LAY_S_Last_Harvest_Super_Bowl_LX_Commercial,44,22.0,22,6,L Gyrus and Sulcus subcentral,1.94
LAY_S_Last_Harvest_Super_Bowl_LX_Commercial,44,22.0,22,7,R Sulcus circular insula sup,1.94
LAY_S_Last_Harvest_Super_Bowl_LX_Commercial,44,22.0,22,8,L Sulcus central,1.93
LAY_S_Last_Harvest_Super_Bowl_LX_Commercial,45,22.5,22,1,L Gyrus rectus,2.02
LAY_S_Last_Harvest_Super_Bowl_LX_Commercial,45,22.5,22,2,R Sulcus central,2.02
LAY_S_Last_Harvest_Super_Bowl_LX_Commercial,45,22.5,22,3,L Gyrus postcentral,1.97
LAY_S_Last_Harvest_Super_Bowl_LX_Commercial,45,22.5,22,4,R Gyrus and Sulcus transv frontopol,1.96
LAY_S_Last_Harvest_Super_Bowl_LX_Commercial,45,22.5,22,5,L Gyrus and Sulcus paracentral,1.94
LAY_S_Last_Harvest_Super_Bowl_LX_Commercial,45,22.5,22,6,L Gyrus and Sulcus subcentral,1.94
LAY_S_Last_Harvest_Super_Bowl_LX_Commercial,45,22.5,22,7,R Sulcus circular insula sup,1.94
LAY_S_Last_Harvest_Super_Bowl_LX_Commercial,45,22.5,22,8,L Sulcus central,1.93
LAY_S_Last_Harvest_Super_Bowl_LX_Commercial,46,23.0,23,1,L Gyrus rectus,2.02
LAY_S_Last_Harvest_Super_Bowl_LX_Commercial,46,23.0,23,2,L Gyrus cingul-Post-dorsal,2.02
LAY_S_Last_Harvest_Super_Bowl_LX_Commercial,46,23.0,23,3,R Sulcus central,2.02
LAY_S_Last_Harvest_Super_Bowl_LX_Commercial,46,23.0,23,4,R Sulcus circular insula sup,2.01
LAY_S_Last_Harvest_Super_Bowl_LX_Commercial,46,23.0,23,5,L Gyrus postcentral,1.99
LAY_S_Last_Harvest_Super_Bowl_LX_Commercial,46,23.0,23,6,L Gyrus and Sulcus paracentral,1.98
LAY_S_Last_Harvest_Super_Bowl_LX_Commercial,46,23.0,23,7,L Sulcus temporal inf,1.98
LAY_S_Last_Harvest_Super_Bowl_LX_Commercial,46,23.0,23,8,L Sulcus central,1.96
LAY_S_Last_Harvest_Super_Bowl_LX_Commercial,47,23.5,23,1,L Gyrus rectus,2.02
LAY_S_Last_Harvest_Super_Bowl_LX_Commercial,47,23.5,23,2,L Gyrus cingul-Post-dorsal,2.02
LAY_S_Last_Harvest_Super_Bowl_LX_Commercial,47,23.5,23,3,R Sulcus central,2.02
LAY_S_Last_Harvest_Super_Bowl_LX_Commercial,47,23.5,23,4,R Sulcus circular insula sup,2.01
LAY_S_Last_Harvest_Super_Bowl_LX_Commercial,47,23.5,23,5,L Gyrus postcentral,1.99
LAY_S_Last_Harvest_Super_Bowl_LX_Commercial,47,23.5,23,6,L Gyrus and Sulcus paracentral,1.98
LAY_S_Last_Harvest_Super_Bowl_LX_Commercial,47,23.5,23,7,L Sulcus temporal inf,1.98
LAY_S_Last_Harvest_Super_Bowl_LX_Commercial,47,23.5,23,8,L Sulcus central,1.96
LAY_S_Last_Harvest_Super_Bowl_LX_Commercial,48,24.0,24,1,L Sulcus temporal inf,2.07
LAY_S_Last_Harvest_Super_Bowl_LX_Commercial,48,24.0,24,2,L Gyrus rectus,2.06
LAY_S_Last_Harvest_Super_Bowl_LX_Commercial,48,24.0,24,3,L Gyrus insular short,2.02
LAY_S_Last_Harvest_Super_Bowl_LX_Commercial,48,24.0,24,4,L Gyrus Ins lg and Sulcus cent ins,1.98
LAY_S_Last_Harvest_Super_Bowl_LX_Commercial,48,24.0,24,5,L Gyrus oc-temp med-Parahip,1.98
LAY_S_Last_Harvest_Super_Bowl_LX_Commercial,48,24.0,24,6,L Gyrus and Sulcus paracentral,1.97
LAY_S_Last_Harvest_Super_Bowl_LX_Commercial,48,24.0,24,7,R Sulcus central,1.94
LAY_S_Last_Harvest_Super_Bowl_LX_Commercial,48,24.0,24,8,L Sulcus front inf,1.94
LAY_S_Last_Harvest_Super_Bowl_LX_Commercial,49,24.5,24,1,L Sulcus temporal inf,2.07
LAY_S_Last_Harvest_Super_Bowl_LX_Commercial,49,24.5,24,2,L Gyrus rectus,2.06
LAY_S_Last_Harvest_Super_Bowl_LX_Commercial,49,24.5,24,3,L Gyrus insular short,2.02
LAY_S_Last_Harvest_Super_Bowl_LX_Commercial,49,24.5,24,4,L Gyrus Ins lg and Sulcus cent ins,1.98
LAY_S_Last_Harvest_Super_Bowl_LX_Commercial,49,24.5,24,5,L Gyrus oc-temp med-Parahip,1.98
LAY_S_Last_Harvest_Super_Bowl_LX_Commercial,49,24.5,24,6,L Gyrus and Sulcus paracentral,1.97
LAY_S_Last_Harvest_Super_Bowl_LX_Commercial,49,24.5,24,7,R Sulcus central,1.94
LAY_S_Last_Harvest_Super_Bowl_LX_Commercial,49,24.5,24,8,L Sulcus front inf,1.94
LAY_S_Last_Harvest_Super_Bowl_LX_Commercial,50,25.0,25,1,L Gyrus insular short,2.14
LAY_S_Last_Harvest_Super_Bowl_LX_Commercial,50,25.0,25,2,L Gyrus Ins lg and Sulcus cent ins,2.04
LAY_S_Last_Harvest_Super_Bowl_LX_Commercial,50,25.0,25,3,R Gyrus Ins lg and Sulcus cent ins,2.0
LAY_S_Last_Harvest_Super_Bowl_LX_Commercial,50,25.0,25,4,R Sulcus circular insula sup,1.99
LAY_S_Last_Harvest_Super_Bowl_LX_Commercial,50,25.0,25,5,L Sulcus circular insula inf,1.98
LAY_S_Last_Harvest_Super_Bowl_LX_Commercial,50,25.0,25,6,R Gyrus and Sulcus subcentral,1.98
LAY_S_Last_Harvest_Super_Bowl_LX_Commercial,50,25.0,25,7,L Sulcus circular insula sup,1.96
LAY_S_Last_Harvest_Super_Bowl_LX_Commercial,50,25.0,25,8,R Sulcus intrapariet and P trans,1.95
LAY_S_Last_Harvest_Super_Bowl_LX_Commercial,51,25.5,25,1,L Gyrus insular short,2.14
LAY_S_Last_Harvest_Super_Bowl_LX_Commercial,51,25.5,25,2,L Gyrus Ins lg and Sulcus cent ins,2.04
LAY_S_Last_Harvest_Super_Bowl_LX_Commercial,51,25.5,25,3,R Gyrus Ins lg and Sulcus cent ins,2.0
LAY_S_Last_Harvest_Super_Bowl_LX_Commercial,51,25.5,25,4,R Sulcus circular insula sup,1.99
LAY_S_Last_Harvest_Super_Bowl_LX_Commercial,51,25.5,25,5,L Sulcus circular insula inf,1.98
LAY_S_Last_Harvest_Super_Bowl_LX_Commercial,51,25.5,25,6,R Gyrus and Sulcus subcentral,1.98
LAY_S_Last_Harvest_Super_Bowl_LX_Commercial,51,25.5,25,7,L Sulcus circular insula sup,1.96
LAY_S_Last_Harvest_Super_Bowl_LX_Commercial,51,25.5,25,8,R Sulcus intrapariet and P trans,1.95
LAY_S_Last_Harvest_Super_Bowl_LX_Commercial,52,26.0,26,1,L Gyrus insular short,2.17
LAY_S_Last_Harvest_Super_Bowl_LX_Commercial,52,26.0,26,2,L Gyrus Ins lg and Sulcus cent ins,2.1
LAY_S_Last_Harvest_Super_Bowl_LX_Commercial,52,26.0,26,3,L Sulcus circular insula sup,2.09
LAY_S_Last_Harvest_Super_Bowl_LX_Commercial,52,26.0,26,4,R Gyrus and Sulcus subcentral,2.09
LAY_S_Last_Harvest_Super_Bowl_LX_Commercial,52,26.0,26,5,R Sulcus circular insula sup,2.07
LAY_S_Last_Harvest_Super_Bowl_LX_Commercial,52,26.0,26,6,R Gyrus pariet inf-Supramar,2.06
LAY_S_Last_Harvest_Super_Bowl_LX_Commercial,52,26.0,26,7,R Sulcus interm prim-Jensen,2.04
LAY_S_Last_Harvest_Super_Bowl_LX_Commercial,52,26.0,26,8,R Gyrus Ins lg and Sulcus cent ins,2.03
LAY_S_Last_Harvest_Super_Bowl_LX_Commercial,53,26.5,26,1,L Gyrus insular short,2.17
LAY_S_Last_Harvest_Super_Bowl_LX_Commercial,53,26.5,26,2,L Gyrus Ins lg and Sulcus cent ins,2.1
LAY_S_Last_Harvest_Super_Bowl_LX_Commercial,53,26.5,26,3,L Sulcus circular insula sup,2.09
LAY_S_Last_Harvest_Super_Bowl_LX_Commercial,53,26.5,26,4,R Gyrus and Sulcus subcentral,2.09
LAY_S_Last_Harvest_Super_Bowl_LX_Commercial,53,26.5,26,5,R Sulcus circular insula sup,2.07
LAY_S_Last_Harvest_Super_Bowl_LX_Commercial,53,26.5,26,6,R Gyrus pariet inf-Supramar,2.06
LAY_S_Last_Harvest_Super_Bowl_LX_Commercial,53,26.5,26,7,R Sulcus interm prim-Jensen,2.04
LAY_S_Last_Harvest_Super_Bowl_LX_Commercial,53,26.5,26,8,R Gyrus Ins lg and Sulcus cent ins,2.03
LAY_S_Last_Harvest_Super_Bowl_LX_Commercial,54,27.0,27,1,R Gyrus orbital,2.11
LAY_S_Last_Harvest_Super_Bowl_LX_Commercial,54,27.0,27,2,L Sulcus circular insula sup,2.11
LAY_S_Last_Harvest_Super_Bowl_LX_Commercial,54,27.0,27,3,L Gyrus insular short,2.11
LAY_S_Last_Harvest_Super_Bowl_LX_Commercial,54,27.0,27,4,R Gyrus and Sulcus subcentral,2.11
LAY_S_Last_Harvest_Super_Bowl_LX_Commercial,54,27.0,27,5,L Gyrus Ins lg and Sulcus cent ins,2.05
LAY_S_Last_Harvest_Super_Bowl_LX_Commercial,54,27.0,27,6,R Sulcus interm prim-Jensen,2.05
LAY_S_Last_Harvest_Super_Bowl_LX_Commercial,54,27.0,27,7,R Gyrus pariet inf-Supramar,2.04
LAY_S_Last_Harvest_Super_Bowl_LX_Commercial,54,27.0,27,8,R Gyrus front sup,2.04
LAY_S_Last_Harvest_Super_Bowl_LX_Commercial,55,27.5,27,1,R Gyrus orbital,2.11
LAY_S_Last_Harvest_Super_Bowl_LX_Commercial,55,27.5,27,2,L Sulcus circular insula sup,2.11
LAY_S_Last_Harvest_Super_Bowl_LX_Commercial,55,27.5,27,3,L Gyrus insular short,2.11
LAY_S_Last_Harvest_Super_Bowl_LX_Commercial,55,27.5,27,4,R Gyrus and Sulcus subcentral,2.11
LAY_S_Last_Harvest_Super_Bowl_LX_Commercial,55,27.5,27,5,L Gyrus Ins lg and Sulcus cent ins,2.05
LAY_S_Last_Harvest_Super_Bowl_LX_Commercial,55,27.5,27,6,R Sulcus interm prim-Jensen,2.05
LAY_S_Last_Harvest_Super_Bowl_LX_Commercial,55,27.5,27,7,R Gyrus pariet inf-Supramar,2.04
LAY_S_Last_Harvest_Super_Bowl_LX_Commercial,55,27.5,27,8,R Gyrus front sup,2.04
LAY_S_Last_Harvest_Super_Bowl_LX_Commercial,56,28.0,28,1,R Gyrus temporal middle,2.11
LAY_S_Last_Harvest_Super_Bowl_LX_Commercial,56,28.0,28,2,R Gyrus and Sulcus subcentral,2.06
LAY_S_Last_Harvest_Super_Bowl_LX_Commercial,56,28.0,28,3,L Gyrus Ins lg and Sulcus cent ins,2.03
LAY_S_Last_Harvest_Super_Bowl_LX_Commercial,56,28.0,28,4,R Sulcus orbital med-olfact,2.02
LAY_S_Last_Harvest_Super_Bowl_LX_Commercial,56,28.0,28,5,R Gyrus front sup,2.01
LAY_S_Last_Harvest_Super_Bowl_LX_Commercial,56,28.0,28,6,L Sulcus circular insula sup,2.01
LAY_S_Last_Harvest_Super_Bowl_LX_Commercial,56,28.0,28,7,R Gyrus orbital,1.96
LAY_S_Last_Harvest_Super_Bowl_LX_Commercial,56,28.0,28,8,R Gyrus pariet inf-Supramar,1.96
LAY_S_Last_Harvest_Super_Bowl_LX_Commercial,57,28.5,28,1,R Gyrus temporal middle,2.11
LAY_S_Last_Harvest_Super_Bowl_LX_Commercial,57,28.5,28,2,R Gyrus and Sulcus subcentral,2.06
LAY_S_Last_Harvest_Super_Bowl_LX_Commercial,57,28.5,28,3,L Gyrus Ins lg and Sulcus cent ins,2.03
LAY_S_Last_Harvest_Super_Bowl_LX_Commercial,57,28.5,28,4,R Sulcus orbital med-olfact,2.02
LAY_S_Last_Harvest_Super_Bowl_LX_Commercial,57,28.5,28,5,R Gyrus front sup,2.01
LAY_S_Last_Harvest_Super_Bowl_LX_Commercial,57,28.5,28,6,L Sulcus circular insula sup,2.01
LAY_S_Last_Harvest_Super_Bowl_LX_Commercial,57,28.5,28,7,R Gyrus orbital,1.96
LAY_S_Last_Harvest_Super_Bowl_LX_Commercial,57,28.5,28,8,R Gyrus pariet inf-Supramar,1.96
LAY_S_Last_Harvest_Super_Bowl_LX_Commercial,58,29.0,29,1,R Sulcus orbital med-olfact,2.09
LAY_S_Last_Harvest_Super_Bowl_LX_Commercial,58,29.0,29,2,R Gyrus orbital,1.99
LAY_S_Last_Harvest_Super_Bowl_LX_Commercial,58,29.0,29,3,L Sulcus front inf,1.95
LAY_S_Last_Harvest_Super_Bowl_LX_Commercial,58,29.0,29,4,R Gyrus front sup,1.93
LAY_S_Last_Harvest_Super_Bowl_LX_Commercial,58,29.0,29,5,R Gyrus temporal middle,1.92
LAY_S_Last_Harvest_Super_Bowl_LX_Commercial,58,29.0,29,6,L Sulcus orbital-H Shaped,1.9
LAY_S_Last_Harvest_Super_Bowl_LX_Commercial,58,29.0,29,7,R Sulcus cingul-Marginalis,1.9
LAY_S_Last_Harvest_Super_Bowl_LX_Commercial,58,29.0,29,8,L Gyrus rectus,1.89
LAY_S_Last_Harvest_Super_Bowl_LX_Commercial,59,29.5,29,1,R Sulcus orbital med-olfact,2.09
LAY_S_Last_Harvest_Super_Bowl_LX_Commercial,59,29.5,29,2,R Gyrus orbital,1.99
LAY_S_Last_Harvest_Super_Bowl_LX_Commercial,59,29.5,29,3,L Sulcus front inf,1.95
LAY_S_Last_Harvest_Super_Bowl_LX_Commercial,59,29.5,29,4,R Gyrus front sup,1.93
LAY_S_Last_Harvest_Super_Bowl_LX_Commercial,59,29.5,29,5,R Gyrus temporal middle,1.92
LAY_S_Last_Harvest_Super_Bowl_LX_Commercial,59,29.5,29,6,L Sulcus orbital-H Shaped,1.9
LAY_S_Last_Harvest_Super_Bowl_LX_Commercial,59,29.5,29,7,R Sulcus cingul-Marginalis,1.9
LAY_S_Last_Harvest_Super_Bowl_LX_Commercial,59,29.5,29,8,L Gyrus rectus,1.89
LAY_S_Last_Harvest_Super_Bowl_LX_Commercial,60,30.0,30,1,R Gyrus orbital,1.9
LAY_S_Last_Harvest_Super_Bowl_LX_Commercial,60,30.0,30,2,L Gyrus rectus,1.88
LAY_S_Last_Harvest_Super_Bowl_LX_Commercial,60,30.0,30,3,R Gyrus temporal middle,1.88
LAY_S_Last_Harvest_Super_Bowl_LX_Commercial,60,30.0,30,4,R Gyrus rectus,1.86
LAY_S_Last_Harvest_Super_Bowl_LX_Commercial,60,30.0,30,5,L Sulcus front inf,1.84
LAY_S_Last_Harvest_Super_Bowl_LX_Commercial,60,30.0,30,6,L Sulcus orbital-H Shaped,1.84
LAY_S_Last_Harvest_Super_Bowl_LX_Commercial,60,30.0,30,7,R Sulcus orbital med-olfact,1.83
LAY_S_Last_Harvest_Super_Bowl_LX_Commercial,60,30.0,30,8,R Gyrus and Sulcus cingul-Ant,1.8
LAY_S_Last_Harvest_Super_Bowl_LX_Commercial,61,30.5,30,1,R Gyrus orbital,1.9
LAY_S_Last_Harvest_Super_Bowl_LX_Commercial,61,30.5,30,2,L Gyrus rectus,1.88
LAY_S_Last_Harvest_Super_Bowl_LX_Commercial,61,30.5,30,3,R Gyrus temporal middle,1.88
LAY_S_Last_Harvest_Super_Bowl_LX_Commercial,61,30.5,30,4,R Gyrus rectus,1.86
LAY_S_Last_Harvest_Super_Bowl_LX_Commercial,61,30.5,30,5,L Sulcus front inf,1.84
LAY_S_Last_Harvest_Super_Bowl_LX_Commercial,61,30.5,30,6,L Sulcus orbital-H Shaped,1.84
LAY_S_Last_Harvest_Super_Bowl_LX_Commercial,61,30.5,30,7,R Sulcus orbital med-olfact,1.83
LAY_S_Last_Harvest_Super_Bowl_LX_Commercial,61,30.5,30,8,R Gyrus and Sulcus cingul-Ant,1.8
LAY_S_Last_Harvest_Super_Bowl_LX_Commercial,62,31.0,31,1,L Gyrus rectus,1.93
LAY_S_Last_Harvest_Super_Bowl_LX_Commercial,62,31.0,31,2,R Gyrus orbital,1.91
LAY_S_Last_Harvest_Super_Bowl_LX_Commercial,62,31.0,31,3,R Gyrus rectus,1.83
LAY_S_Last_Harvest_Super_Bowl_LX_Commercial,62,31.0,31,4,L Sulcus orbital-H Shaped,1.81
LAY_S_Last_Harvest_Super_Bowl_LX_Commercial,62,31.0,31,5,L Gyrus and Sulcus cingul-Ant,1.76
LAY_S_Last_Harvest_Super_Bowl_LX_Commercial,62,31.0,31,6,R Sulcus orbital-H Shaped,1.76
LAY_S_Last_Harvest_Super_Bowl_LX_Commercial,62,31.0,31,7,R Sulcus orbital med-olfact,1.74
LAY_S_Last_Harvest_Super_Bowl_LX_Commercial,62,31.0,31,8,L Sulcus front inf,1.72
LAY_S_Last_Harvest_Super_Bowl_LX_Commercial,63,31.5,31,1,L Gyrus rectus,1.93
LAY_S_Last_Harvest_Super_Bowl_LX_Commercial,63,31.5,31,2,R Gyrus orbital,1.91
LAY_S_Last_Harvest_Super_Bowl_LX_Commercial,63,31.5,31,3,R Gyrus rectus,1.83
LAY_S_Last_Harvest_Super_Bowl_LX_Commercial,63,31.5,31,4,L Sulcus orbital-H Shaped,1.81
LAY_S_Last_Harvest_Super_Bowl_LX_Commercial,63,31.5,31,5,L Gyrus and Sulcus cingul-Ant,1.76
LAY_S_Last_Harvest_Super_Bowl_LX_Commercial,63,31.5,31,6,R Sulcus orbital-H Shaped,1.76
LAY_S_Last_Harvest_Super_Bowl_LX_Commercial,63,31.5,31,7,R Sulcus orbital med-olfact,1.74
LAY_S_Last_Harvest_Super_Bowl_LX_Commercial,63,31.5,31,8,L Sulcus front inf,1.72
LAY_S_Last_Harvest_Super_Bowl_LX_Commercial,64,32.0,32,1,R Gyrus rectus,1.98
LAY_S_Last_Harvest_Super_Bowl_LX_Commercial,64,32.0,32,2,L Gyrus rectus,1.87
LAY_S_Last_Harvest_Super_Bowl_LX_Commercial,64,32.0,32,3,R Sulcus orbital med-olfact,1.78
LAY_S_Last_Harvest_Super_Bowl_LX_Commercial,64,32.0,32,4,L Sulcus orbital-H Shaped,1.77
LAY_S_Last_Harvest_Super_Bowl_LX_Commercial,64,32.0,32,5,R Sulcus orbital-H Shaped,1.75
LAY_S_Last_Harvest_Super_Bowl_LX_Commercial,64,32.0,32,6,R Gyrus orbital,1.73
LAY_S_Last_Harvest_Super_Bowl_LX_Commercial,65,32.5,32,1,R Gyrus rectus,1.98
LAY_S_Last_Harvest_Super_Bowl_LX_Commercial,65,32.5,32,2,L Gyrus rectus,1.87
LAY_S_Last_Harvest_Super_Bowl_LX_Commercial,65,32.5,32,3,R Sulcus orbital med-olfact,1.78
LAY_S_Last_Harvest_Super_Bowl_LX_Commercial,65,32.5,32,4,L Sulcus orbital-H Shaped,1.77
LAY_S_Last_Harvest_Super_Bowl_LX_Commercial,65,32.5,32,5,R Sulcus orbital-H Shaped,1.75
LAY_S_Last_Harvest_Super_Bowl_LX_Commercial,65,32.5,32,6,R Gyrus orbital,1.73
LAY_S_Last_Harvest_Super_Bowl_LX_Commercial,66,33.0,33,1,R Gyrus rectus,1.94
LAY_S_Last_Harvest_Super_Bowl_LX_Commercial,66,33.0,33,2,R Sulcus orbital med-olfact,1.92
LAY_S_Last_Harvest_Super_Bowl_LX_Commercial,67,33.5,33,1,R Gyrus rectus,1.94
LAY_S_Last_Harvest_Super_Bowl_LX_Commercial,67,33.5,33,2,R Sulcus orbital med-olfact,1.92
LAY_S_Last_Harvest_Super_Bowl_LX_Commercial,68,34.0,34,1,R Sulcus orbital med-olfact,1.95
LAY_S_Last_Harvest_Super_Bowl_LX_Commercial,68,34.0,34,2,R Gyrus rectus,1.82
LAY_S_Last_Harvest_Super_Bowl_LX_Commercial,68,34.0,34,3,L Gyrus temp sup-Lateral,1.82
LAY_S_Last_Harvest_Super_Bowl_LX_Commercial,68,34.0,34,4,L Sulcus circular insula inf,1.81
LAY_S_Last_Harvest_Super_Bowl_LX_Commercial,68,34.0,34,5,L Gyrus rectus,1.8
LAY_S_Last_Harvest_Super_Bowl_LX_Commercial,68,34.0,34,6,R Sulcus orbital-H Shaped,1.75
LAY_S_Last_Harvest_Super_Bowl_LX_Commercial,69,34.5,34,1,R Sulcus orbital med-olfact,1.95
LAY_S_Last_Harvest_Super_Bowl_LX_Commercial,69,34.5,34,2,R Gyrus rectus,1.82
LAY_S_Last_Harvest_Super_Bowl_LX_Commercial,69,34.5,34,3,L Gyrus temp sup-Lateral,1.82
LAY_S_Last_Harvest_Super_Bowl_LX_Commercial,69,34.5,34,4,L Sulcus circular insula inf,1.81
LAY_S_Last_Harvest_Super_Bowl_LX_Commercial,69,34.5,34,5,L Gyrus rectus,1.8
LAY_S_Last_Harvest_Super_Bowl_LX_Commercial,69,34.5,34,6,R Sulcus orbital-H Shaped,1.75
LAY_S_Last_Harvest_Super_Bowl_LX_Commercial,70,35.0,35,1,L Gyrus rectus,1.95
LAY_S_Last_Harvest_Super_Bowl_LX_Commercial,70,35.0,35,2,R Sulcus orbital med-olfact,1.89
LAY_S_Last_Harvest_Super_Bowl_LX_Commercial,70,35.0,35,3,L Gyrus temp sup-Lateral,1.84
LAY_S_Last_Harvest_Super_Bowl_LX_Commercial,70,35.0,35,4,L Sulcus circular insula inf,1.83
LAY_S_Last_Harvest_Super_Bowl_LX_Commercial,70,35.0,35,5,R Gyrus temp sup-Plan polar,1.79
LAY_S_Last_Harvest_Super_Bowl_LX_Commercial,70,35.0,35,6,R Gyrus orbital,1.77
LAY_S_Last_Harvest_Super_Bowl_LX_Commercial,70,35.0,35,7,R Sulcus circular insula inf,1.72
LAY_S_Last_Harvest_Super_Bowl_LX_Commercial,71,35.5,35,1,L Gyrus rectus,1.95
LAY_S_Last_Harvest_Super_Bowl_LX_Commercial,71,35.5,35,2,R Sulcus orbital med-olfact,1.89
LAY_S_Last_Harvest_Super_Bowl_LX_Commercial,71,35.5,35,3,L Gyrus temp sup-Lateral,1.84
LAY_S_Last_Harvest_Super_Bowl_LX_Commercial,71,35.5,35,4,L Sulcus circular insula inf,1.83
LAY_S_Last_Harvest_Super_Bowl_LX_Commercial,71,35.5,35,5,R Gyrus temp sup-Plan polar,1.79
LAY_S_Last_Harvest_Super_Bowl_LX_Commercial,71,35.5,35,6,R Gyrus orbital,1.77
LAY_S_Last_Harvest_Super_Bowl_LX_Commercial,71,35.5,35,7,R Sulcus circular insula inf,1.72
LAY_S_Last_Harvest_Super_Bowl_LX_Commercial,72,36.0,36,1,L Gyrus rectus,2.07
LAY_S_Last_Harvest_Super_Bowl_LX_Commercial,72,36.0,36,2,R Gyrus orbital,1.94
LAY_S_Last_Harvest_Super_Bowl_LX_Commercial,72,36.0,36,3,L Gyrus orbital,1.87
LAY_S_Last_Harvest_Super_Bowl_LX_Commercial,72,36.0,36,4,L Gyrus temp sup-Lateral,1.86
LAY_S_Last_Harvest_Super_Bowl_LX_Commercial,72,36.0,36,5,R Gyrus temp sup-Plan polar,1.84
LAY_S_Last_Harvest_Super_Bowl_LX_Commercial,72,36.0,36,6,R Gyrus subcallosal,1.84
LAY_S_Last_Harvest_Super_Bowl_LX_Commercial,72,36.0,36,7,L Sulcus circular insula inf,1.82
LAY_S_Last_Harvest_Super_Bowl_LX_Commercial,72,36.0,36,8,R Sulcus orbital med-olfact,1.81
LAY_S_Last_Harvest_Super_Bowl_LX_Commercial,73,36.5,36,1,L Gyrus rectus,2.07
LAY_S_Last_Harvest_Super_Bowl_LX_Commercial,73,36.5,36,2,R Gyrus orbital,1.94
LAY_S_Last_Harvest_Super_Bowl_LX_Commercial,73,36.5,36,3,L Gyrus orbital,1.87
LAY_S_Last_Harvest_Super_Bowl_LX_Commercial,73,36.5,36,4,L Gyrus temp sup-Lateral,1.86
LAY_S_Last_Harvest_Super_Bowl_LX_Commercial,73,36.5,36,5,R Gyrus temp sup-Plan polar,1.84
LAY_S_Last_Harvest_Super_Bowl_LX_Commercial,73,36.5,36,6,R Gyrus subcallosal,1.84
LAY_S_Last_Harvest_Super_Bowl_LX_Commercial,73,36.5,36,7,L Sulcus circular insula inf,1.82
LAY_S_Last_Harvest_Super_Bowl_LX_Commercial,73,36.5,36,8,R Sulcus orbital med-olfact,1.81
LAY_S_Last_Harvest_Super_Bowl_LX_Commercial,74,37.0,37,1,R Gyrus and Sulcus cingul-Ant,2.03
LAY_S_Last_Harvest_Super_Bowl_LX_Commercial,74,37.0,37,2,L Gyrus orbital,1.97
LAY_S_Last_Harvest_Super_Bowl_LX_Commercial,74,37.0,37,3,R Gyrus orbital,1.97
LAY_S_Last_Harvest_Super_Bowl_LX_Commercial,74,37.0,37,4,L Gyrus rectus,1.95
LAY_S_Last_Harvest_Super_Bowl_LX_Commercial,74,37.0,37,5,R Gyrus subcallosal,1.92
LAY_S_Last_Harvest_Super_Bowl_LX_Commercial,74,37.0,37,6,L Gyrus temp sup-Lateral,1.9
LAY_S_Last_Harvest_Super_Bowl_LX_Commercial,74,37.0,37,7,R Gyrus temp sup-Plan polar,1.78
LAY_S_Last_Harvest_Super_Bowl_LX_Commercial,74,37.0,37,8,L Gyrus oc-temp med-Parahip,1.75
LAY_S_Last_Harvest_Super_Bowl_LX_Commercial,75,37.5,37,1,R Gyrus and Sulcus cingul-Ant,2.03
LAY_S_Last_Harvest_Super_Bowl_LX_Commercial,75,37.5,37,2,L Gyrus orbital,1.97
LAY_S_Last_Harvest_Super_Bowl_LX_Commercial,75,37.5,37,3,R Gyrus orbital,1.97
LAY_S_Last_Harvest_Super_Bowl_LX_Commercial,75,37.5,37,4,L Gyrus rectus,1.95
LAY_S_Last_Harvest_Super_Bowl_LX_Commercial,75,37.5,37,5,R Gyrus subcallosal,1.92
LAY_S_Last_Harvest_Super_Bowl_LX_Commercial,75,37.5,37,6,L Gyrus temp sup-Lateral,1.9
LAY_S_Last_Harvest_Super_Bowl_LX_Commercial,75,37.5,37,7,R Gyrus temp sup-Plan polar,1.78
LAY_S_Last_Harvest_Super_Bowl_LX_Commercial,75,37.5,37,8,L Gyrus oc-temp med-Parahip,1.75
LAY_S_Last_Harvest_Super_Bowl_LX_Commercial,76,38.0,38,1,R Gyrus and Sulcus cingul-Ant,1.99
LAY_S_Last_Harvest_Super_Bowl_LX_Commercial,76,38.0,38,2,L Gyrus rectus,1.84
LAY_S_Last_Harvest_Super_Bowl_LX_Commercial,76,38.0,38,3,L Gyrus oc-temp med-Parahip,1.83
LAY_S_Last_Harvest_Super_Bowl_LX_Commercial,76,38.0,38,4,R Gyrus subcallosal,1.83
LAY_S_Last_Harvest_Super_Bowl_LX_Commercial,76,38.0,38,5,L Gyrus orbital,1.82
LAY_S_Last_Harvest_Super_Bowl_LX_Commercial,76,38.0,38,6,R Sulcus pericallosal,1.81
LAY_S_Last_Harvest_Super_Bowl_LX_Commercial,76,38.0,38,7,R Gyrus orbital,1.81
LAY_S_Last_Harvest_Super_Bowl_LX_Commercial,76,38.0,38,8,R Gyrus precuneus,1.78
LAY_S_Last_Harvest_Super_Bowl_LX_Commercial,77,38.5,38,1,R Gyrus and Sulcus cingul-Ant,1.99
LAY_S_Last_Harvest_Super_Bowl_LX_Commercial,77,38.5,38,2,L Gyrus rectus,1.84
LAY_S_Last_Harvest_Super_Bowl_LX_Commercial,77,38.5,38,3,L Gyrus oc-temp med-Parahip,1.83
LAY_S_Last_Harvest_Super_Bowl_LX_Commercial,77,38.5,38,4,R Gyrus subcallosal,1.83
LAY_S_Last_Harvest_Super_Bowl_LX_Commercial,77,38.5,38,5,L Gyrus orbital,1.82
LAY_S_Last_Harvest_Super_Bowl_LX_Commercial,77,38.5,38,6,R Sulcus pericallosal,1.81
LAY_S_Last_Harvest_Super_Bowl_LX_Commercial,77,38.5,38,7,R Gyrus orbital,1.81
LAY_S_Last_Harvest_Super_Bowl_LX_Commercial,77,38.5,38,8,R Gyrus precuneus,1.78
LAY_S_Last_Harvest_Super_Bowl_LX_Commercial,78,39.0,39,1,R Gyrus and Sulcus cingul-Ant,2.11
LAY_S_Last_Harvest_Super_Bowl_LX_Commercial,78,39.0,39,2,R Gyrus cingul-Post-dorsal,1.94
LAY_S_Last_Harvest_Super_Bowl_LX_Commercial,78,39.0,39,3,R Sulcus pericallosal,1.93
LAY_S_Last_Harvest_Super_Bowl_LX_Commercial,78,39.0,39,4,R Gyrus orbital,1.9
LAY_S_Last_Harvest_Super_Bowl_LX_Commercial,78,39.0,39,5,R Gyrus precuneus,1.9
LAY_S_Last_Harvest_Super_Bowl_LX_Commercial,78,39.0,39,6,L Sulcus front sup,1.87
LAY_S_Last_Harvest_Super_Bowl_LX_Commercial,78,39.0,39,7,L Gyrus precuneus,1.87
LAY_S_Last_Harvest_Super_Bowl_LX_Commercial,78,39.0,39,8,L Gyrus oc-temp med-Parahip,1.85
LAY_S_Last_Harvest_Super_Bowl_LX_Commercial,79,39.5,39,1,R Gyrus and Sulcus cingul-Ant,2.11
LAY_S_Last_Harvest_Super_Bowl_LX_Commercial,79,39.5,39,2,R Gyrus cingul-Post-dorsal,1.94
LAY_S_Last_Harvest_Super_Bowl_LX_Commercial,79,39.5,39,3,R Sulcus pericallosal,1.93
LAY_S_Last_Harvest_Super_Bowl_LX_Commercial,79,39.5,39,4,R Gyrus orbital,1.9
LAY_S_Last_Harvest_Super_Bowl_LX_Commercial,79,39.5,39,5,R Gyrus precuneus,1.9
LAY_S_Last_Harvest_Super_Bowl_LX_Commercial,79,39.5,39,6,L Sulcus front sup,1.87
LAY_S_Last_Harvest_Super_Bowl_LX_Commercial,79,39.5,39,7,L Gyrus precuneus,1.87
LAY_S_Last_Harvest_Super_Bowl_LX_Commercial,79,39.5,39,8,L Gyrus oc-temp med-Parahip,1.85
LAY_S_Last_Harvest_Super_Bowl_LX_Commercial,80,40.0,40,1,L Gyrus cingul-Post-dorsal,2.12
LAY_S_Last_Harvest_Super_Bowl_LX_Commercial,80,40.0,40,2,R Gyrus cingul-Post-dorsal,2.09
LAY_S_Last_Harvest_Super_Bowl_LX_Commercial,80,40.0,40,3,R Gyrus precuneus,2.05
LAY_S_Last_Harvest_Super_Bowl_LX_Commercial,80,40.0,40,4,R Gyrus and Sulcus cingul-Ant,2.05
LAY_S_Last_Harvest_Super_Bowl_LX_Commercial,80,40.0,40,5,R Sulcus pericallosal,2.04
LAY_S_Last_Harvest_Super_Bowl_LX_Commercial,80,40.0,40,6,R Sulcus orbital med-olfact,2.0
LAY_S_Last_Harvest_Super_Bowl_LX_Commercial,80,40.0,40,7,L Sulcus front sup,2.0
LAY_S_Last_Harvest_Super_Bowl_LX_Commercial,80,40.0,40,8,L Gyrus precuneus,1.96
LAY_S_Last_Harvest_Super_Bowl_LX_Commercial,81,40.5,40,1,L Gyrus cingul-Post-dorsal,2.12
LAY_S_Last_Harvest_Super_Bowl_LX_Commercial,81,40.5,40,2,R Gyrus cingul-Post-dorsal,2.09
LAY_S_Last_Harvest_Super_Bowl_LX_Commercial,81,40.5,40,3,R Gyrus precuneus,2.05
LAY_S_Last_Harvest_Super_Bowl_LX_Commercial,81,40.5,40,4,R Gyrus and Sulcus cingul-Ant,2.05
LAY_S_Last_Harvest_Super_Bowl_LX_Commercial,81,40.5,40,5,R Sulcus pericallosal,2.04
LAY_S_Last_Harvest_Super_Bowl_LX_Commercial,81,40.5,40,6,R Sulcus orbital med-olfact,2.0
LAY_S_Last_Harvest_Super_Bowl_LX_Commercial,81,40.5,40,7,L Sulcus front sup,2.0
LAY_S_Last_Harvest_Super_Bowl_LX_Commercial,81,40.5,40,8,L Gyrus precuneus,1.96
LAY_S_Last_Harvest_Super_Bowl_LX_Commercial,82,41.0,41,1,R Sulcus pericallosal,2.19
LAY_S_Last_Harvest_Super_Bowl_LX_Commercial,82,41.0,41,2,R Gyrus precuneus,2.15
LAY_S_Last_Harvest_Super_Bowl_LX_Commercial,82,41.0,41,3,R Gyrus cingul-Post-ventral,2.14
LAY_S_Last_Harvest_Super_Bowl_LX_Commercial,82,41.0,41,4,R Gyrus and Sulcus cingul-Ant,2.08
LAY_S_Last_Harvest_Super_Bowl_LX_Commercial,82,41.0,41,5,L Sulcus front sup,2.05
LAY_S_Last_Harvest_Super_Bowl_LX_Commercial,82,41.0,41,6,R Gyrus cingul-Post-dorsal,2.03
LAY_S_Last_Harvest_Super_Bowl_LX_Commercial,82,41.0,41,7,L Gyrus precuneus,2.02
LAY_S_Last_Harvest_Super_Bowl_LX_Commercial,82,41.0,41,8,R Sulcus front sup,2.01
LAY_S_Last_Harvest_Super_Bowl_LX_Commercial,83,41.5,41,1,R Sulcus pericallosal,2.19
LAY_S_Last_Harvest_Super_Bowl_LX_Commercial,83,41.5,41,2,R Gyrus precuneus,2.15
LAY_S_Last_Harvest_Super_Bowl_LX_Commercial,83,41.5,41,3,R Gyrus cingul-Post-ventral,2.14
LAY_S_Last_Harvest_Super_Bowl_LX_Commercial,83,41.5,41,4,R Gyrus and Sulcus cingul-Ant,2.08
LAY_S_Last_Harvest_Super_Bowl_LX_Commercial,83,41.5,41,5,L Sulcus front sup,2.05
LAY_S_Last_Harvest_Super_Bowl_LX_Commercial,83,41.5,41,6,R Gyrus cingul-Post-dorsal,2.03
LAY_S_Last_Harvest_Super_Bowl_LX_Commercial,83,41.5,41,7,L Gyrus precuneus,2.02
LAY_S_Last_Harvest_Super_Bowl_LX_Commercial,83,41.5,41,8,R Sulcus front sup,2.01
LAY_S_Last_Harvest_Super_Bowl_LX_Commercial,84,42.0,42,1,L Gyrus orbital,2.31
LAY_S_Last_Harvest_Super_Bowl_LX_Commercial,84,42.0,42,2,R Gyrus precuneus,2.23
LAY_S_Last_Harvest_Super_Bowl_LX_Commercial,84,42.0,42,3,R Sulcus pericallosal,2.11
LAY_S_Last_Harvest_Super_Bowl_LX_Commercial,84,42.0,42,4,L Sulcus pericallosal,2.05
LAY_S_Last_Harvest_Super_Bowl_LX_Commercial,84,42.0,42,5,R Sulcus front sup,2.01
LAY_S_Last_Harvest_Super_Bowl_LX_Commercial,84,42.0,42,6,R Gyrus cingul-Post-dorsal,2.0
LAY_S_Last_Harvest_Super_Bowl_LX_Commercial,84,42.0,42,7,L Gyrus precuneus,1.99
LAY_S_Last_Harvest_Super_Bowl_LX_Commercial,84,42.0,42,8,L Sulcus temporal inf,1.98
LAY_S_Last_Harvest_Super_Bowl_LX_Commercial,85,42.5,42,1,L Gyrus orbital,2.31
LAY_S_Last_Harvest_Super_Bowl_LX_Commercial,85,42.5,42,2,R Gyrus precuneus,2.23
LAY_S_Last_Harvest_Super_Bowl_LX_Commercial,85,42.5,42,3,R Sulcus pericallosal,2.11
LAY_S_Last_Harvest_Super_Bowl_LX_Commercial,85,42.5,42,4,L Sulcus pericallosal,2.05
LAY_S_Last_Harvest_Super_Bowl_LX_Commercial,85,42.5,42,5,R Sulcus front sup,2.01
LAY_S_Last_Harvest_Super_Bowl_LX_Commercial,85,42.5,42,6,R Gyrus cingul-Post-dorsal,2.0
LAY_S_Last_Harvest_Super_Bowl_LX_Commercial,85,42.5,42,7,L Gyrus precuneus,1.99
LAY_S_Last_Harvest_Super_Bowl_LX_Commercial,85,42.5,42,8,L Sulcus temporal inf,1.98
LAY_S_Last_Harvest_Super_Bowl_LX_Commercial,86,43.0,43,1,L Gyrus orbital,2.3
LAY_S_Last_Harvest_Super_Bowl_LX_Commercial,86,43.0,43,2,L Sulcus temporal inf,2.17
LAY_S_Last_Harvest_Super_Bowl_LX_Commercial,86,43.0,43,3,R Gyrus precuneus,2.16
LAY_S_Last_Harvest_Super_Bowl_LX_Commercial,86,43.0,43,4,L Sulcus orbital med-olfact,2.15
LAY_S_Last_Harvest_Super_Bowl_LX_Commercial,86,43.0,43,5,R Sulcus subparietal,2.08
LAY_S_Last_Harvest_Super_Bowl_LX_Commercial,86,43.0,43,6,R Sulcus pericallosal,2.08
LAY_S_Last_Harvest_Super_Bowl_LX_Commercial,86,43.0,43,7,L Gyrus temporal inf,2.01
LAY_S_Last_Harvest_Super_Bowl_LX_Commercial,86,43.0,43,8,L Sulcus pericallosal,2.01
LAY_S_Last_Harvest_Super_Bowl_LX_Commercial,87,43.5,43,1,L Gyrus orbital,2.3
LAY_S_Last_Harvest_Super_Bowl_LX_Commercial,87,43.5,43,2,L Sulcus temporal inf,2.17
LAY_S_Last_Harvest_Super_Bowl_LX_Commercial,87,43.5,43,3,R Gyrus precuneus,2.16
LAY_S_Last_Harvest_Super_Bowl_LX_Commercial,87,43.5,43,4,L Sulcus orbital med-olfact,2.15
LAY_S_Last_Harvest_Super_Bowl_LX_Commercial,87,43.5,43,5,R Sulcus subparietal,2.08
LAY_S_Last_Harvest_Super_Bowl_LX_Commercial,87,43.5,43,6,R Sulcus pericallosal,2.08
LAY_S_Last_Harvest_Super_Bowl_LX_Commercial,87,43.5,43,7,L Gyrus temporal inf,2.01
LAY_S_Last_Harvest_Super_Bowl_LX_Commercial,87,43.5,43,8,L Sulcus pericallosal,2.01
LAY_S_Last_Harvest_Super_Bowl_LX_Commercial,88,44.0,44,1,L Sulcus temporal inf,2.24
LAY_S_Last_Harvest_Super_Bowl_LX_Commercial,88,44.0,44,2,L Gyrus temporal inf,2.18
LAY_S_Last_Harvest_Super_Bowl_LX_Commercial,88,44.0,44,3,R Sulcus subparietal,2.04
LAY_S_Last_Harvest_Super_Bowl_LX_Commercial,88,44.0,44,4,L Gyrus cingul-Post-dorsal,2.01
LAY_S_Last_Harvest_Super_Bowl_LX_Commercial,88,44.0,44,5,L Gyrus temporal middle,1.96
LAY_S_Last_Harvest_Super_Bowl_LX_Commercial,88,44.0,44,6,R Gyrus precuneus,1.94
LAY_S_Last_Harvest_Super_Bowl_LX_Commercial,88,44.0,44,7,L Gyrus precuneus,1.93
LAY_S_Last_Harvest_Super_Bowl_LX_Commercial,88,44.0,44,8,L Sulcus subparietal,1.92
LAY_S_Last_Harvest_Super_Bowl_LX_Commercial,89,44.5,44,1,L Sulcus temporal inf,2.24
LAY_S_Last_Harvest_Super_Bowl_LX_Commercial,89,44.5,44,2,L Gyrus temporal inf,2.18
LAY_S_Last_Harvest_Super_Bowl_LX_Commercial,89,44.5,44,3,R Sulcus subparietal,2.04
LAY_S_Last_Harvest_Super_Bowl_LX_Commercial,89,44.5,44,4,L Gyrus cingul-Post-dorsal,2.01
LAY_S_Last_Harvest_Super_Bowl_LX_Commercial,89,44.5,44,5,L Gyrus temporal middle,1.96
LAY_S_Last_Harvest_Super_Bowl_LX_Commercial,89,44.5,44,6,R Gyrus precuneus,1.94
LAY_S_Last_Harvest_Super_Bowl_LX_Commercial,89,44.5,44,7,L Gyrus precuneus,1.93
LAY_S_Last_Harvest_Super_Bowl_LX_Commercial,89,44.5,44,8,L Sulcus subparietal,1.92
LAY_S_Last_Harvest_Super_Bowl_LX_Commercial,90,45.0,45,1,L Gyrus temporal middle,2.15
LAY_S_Last_Harvest_Super_Bowl_LX_Commercial,90,45.0,45,2,L Sulcus temporal inf,2.12
LAY_S_Last_Harvest_Super_Bowl_LX_Commercial,90,45.0,45,3,L Gyrus temporal inf,2.04
LAY_S_Last_Harvest_Super_Bowl_LX_Commercial,90,45.0,45,4,L Gyrus rectus,1.98
LAY_S_Last_Harvest_Super_Bowl_LX_Commercial,90,45.0,45,5,L Gyrus cingul-Post-dorsal,1.92
LAY_S_Last_Harvest_Super_Bowl_LX_Commercial,90,45.0,45,6,L Sulcus subparietal,1.88
LAY_S_Last_Harvest_Super_Bowl_LX_Commercial,90,45.0,45,7,L Gyrus orbital,1.87
LAY_S_Last_Harvest_Super_Bowl_LX_Commercial,90,45.0,45,8,R Sulcus subparietal,1.87
LAY_S_Last_Harvest_Super_Bowl_LX_Commercial,91,45.5,45,1,L Gyrus temporal middle,2.15
LAY_S_Last_Harvest_Super_Bowl_LX_Commercial,91,45.5,45,2,L Sulcus temporal inf,2.12
LAY_S_Last_Harvest_Super_Bowl_LX_Commercial,91,45.5,45,3,L Gyrus temporal inf,2.04
LAY_S_Last_Harvest_Super_Bowl_LX_Commercial,91,45.5,45,4,L Gyrus rectus,1.98
LAY_S_Last_Harvest_Super_Bowl_LX_Commercial,91,45.5,45,5,L Gyrus cingul-Post-dorsal,1.92
LAY_S_Last_Harvest_Super_Bowl_LX_Commercial,91,45.5,45,6,L Sulcus subparietal,1.88
LAY_S_Last_Harvest_Super_Bowl_LX_Commercial,91,45.5,45,7,L Gyrus orbital,1.87
LAY_S_Last_Harvest_Super_Bowl_LX_Commercial,91,45.5,45,8,R Sulcus subparietal,1.87
LAY_S_Last_Harvest_Super_Bowl_LX_Commercial,92,46.0,46,1,L Gyrus temporal middle,2.27
LAY_S_Last_Harvest_Super_Bowl_LX_Commercial,92,46.0,46,2,L Sulcus temporal inf,2.27
LAY_S_Last_Harvest_Super_Bowl_LX_Commercial,92,46.0,46,3,L Gyrus rectus,2.05
LAY_S_Last_Harvest_Super_Bowl_LX_Commercial,92,46.0,46,4,L Gyrus temporal inf,2.03
LAY_S_Last_Harvest_Super_Bowl_LX_Commercial,92,46.0,46,5,L Sulcus intrapariet and P trans,2.02
LAY_S_Last_Harvest_Super_Bowl_LX_Commercial,92,46.0,46,6,L Sulcus orbital med-olfact,1.97
LAY_S_Last_Harvest_Super_Bowl_LX_Commercial,92,46.0,46,7,L Gyrus orbital,1.94
LAY_S_Last_Harvest_Super_Bowl_LX_Commercial,92,46.0,46,8,R Sulcus oc-temp lat,1.93
LAY_S_Last_Harvest_Super_Bowl_LX_Commercial,93,46.5,46,1,L Gyrus temporal middle,2.27
LAY_S_Last_Harvest_Super_Bowl_LX_Commercial,93,46.5,46,2,L Sulcus temporal inf,2.27
LAY_S_Last_Harvest_Super_Bowl_LX_Commercial,93,46.5,46,3,L Gyrus rectus,2.05
LAY_S_Last_Harvest_Super_Bowl_LX_Commercial,93,46.5,46,4,L Gyrus temporal inf,2.03
LAY_S_Last_Harvest_Super_Bowl_LX_Commercial,93,46.5,46,5,L Sulcus intrapariet and P trans,2.02
LAY_S_Last_Harvest_Super_Bowl_LX_Commercial,93,46.5,46,6,L Sulcus orbital med-olfact,1.97
LAY_S_Last_Harvest_Super_Bowl_LX_Commercial,93,46.5,46,7,L Gyrus orbital,1.94
LAY_S_Last_Harvest_Super_Bowl_LX_Commercial,93,46.5,46,8,R Sulcus oc-temp lat,1.93
LAY_S_Last_Harvest_Super_Bowl_LX_Commercial,94,47.0,47,1,L Gyrus rectus,2.15
LAY_S_Last_Harvest_Super_Bowl_LX_Commercial,94,47.0,47,2,L Gyrus temporal middle,2.06
LAY_S_Last_Harvest_Super_Bowl_LX_Commercial,94,47.0,47,3,L Sulcus temporal inf,2.05
LAY_S_Last_Harvest_Super_Bowl_LX_Commercial,94,47.0,47,4,R Sulcus oc-temp lat,2.03
LAY_S_Last_Harvest_Super_Bowl_LX_Commercial,94,47.0,47,5,L Sulcus intrapariet and P trans,2.01
LAY_S_Last_Harvest_Super_Bowl_LX_Commercial,94,47.0,47,6,R Gyrus and Sulcus cingul-Ant,1.96
LAY_S_Last_Harvest_Super_Bowl_LX_Commercial,94,47.0,47,7,R Sulcus orbital med-olfact,1.95
LAY_S_Last_Harvest_Super_Bowl_LX_Commercial,94,47.0,47,8,L Sulcus orbital med-olfact,1.9
LAY_S_Last_Harvest_Super_Bowl_LX_Commercial,95,47.5,47,1,L Gyrus rectus,2.15
LAY_S_Last_Harvest_Super_Bowl_LX_Commercial,95,47.5,47,2,L Gyrus temporal middle,2.06
LAY_S_Last_Harvest_Super_Bowl_LX_Commercial,95,47.5,47,3,L Sulcus temporal inf,2.05
LAY_S_Last_Harvest_Super_Bowl_LX_Commercial,95,47.5,47,4,R Sulcus oc-temp lat,2.03
LAY_S_Last_Harvest_Super_Bowl_LX_Commercial,95,47.5,47,5,L Sulcus intrapariet and P trans,2.01
LAY_S_Last_Harvest_Super_Bowl_LX_Commercial,95,47.5,47,6,R Gyrus and Sulcus cingul-Ant,1.96
LAY_S_Last_Harvest_Super_Bowl_LX_Commercial,95,47.5,47,7,R Sulcus orbital med-olfact,1.95
LAY_S_Last_Harvest_Super_Bowl_LX_Commercial,95,47.5,47,8,L Sulcus orbital med-olfact,1.9
LAY_S_Last_Harvest_Super_Bowl_LX_Commercial,96,48.0,48,1,R Sulcus oc-temp lat,2.02
LAY_S_Last_Harvest_Super_Bowl_LX_Commercial,96,48.0,48,2,R Gyrus orbital,1.88
LAY_S_Last_Harvest_Super_Bowl_LX_Commercial,96,48.0,48,3,L Gyrus front inf-Triangul,1.88
LAY_S_Last_Harvest_Super_Bowl_LX_Commercial,96,48.0,48,4,L Gyrus orbital,1.88
LAY_S_Last_Harvest_Super_Bowl_LX_Commercial,96,48.0,48,5,L Sulcus temporal inf,1.87
LAY_S_Last_Harvest_Super_Bowl_LX_Commercial,96,48.0,48,6,R Gyrus and Sulcus cingul-Ant,1.86
LAY_S_Last_Harvest_Super_Bowl_LX_Commercial,96,48.0,48,7,L Sulcus intrapariet and P trans,1.85
LAY_S_Last_Harvest_Super_Bowl_LX_Commercial,96,48.0,48,8,L Gyrus pariet inf-Angular,1.83
LAY_S_Last_Harvest_Super_Bowl_LX_Commercial,97,48.5,48,1,R Sulcus oc-temp lat,2.02
LAY_S_Last_Harvest_Super_Bowl_LX_Commercial,97,48.5,48,2,R Gyrus orbital,1.88
LAY_S_Last_Harvest_Super_Bowl_LX_Commercial,97,48.5,48,3,L Gyrus front inf-Triangul,1.88
LAY_S_Last_Harvest_Super_Bowl_LX_Commercial,97,48.5,48,4,L Gyrus orbital,1.88
LAY_S_Last_Harvest_Super_Bowl_LX_Commercial,97,48.5,48,5,L Sulcus temporal inf,1.87
LAY_S_Last_Harvest_Super_Bowl_LX_Commercial,97,48.5,48,6,R Gyrus and Sulcus cingul-Ant,1.86
LAY_S_Last_Harvest_Super_Bowl_LX_Commercial,97,48.5,48,7,L Sulcus intrapariet and P trans,1.85
LAY_S_Last_Harvest_Super_Bowl_LX_Commercial,97,48.5,48,8,L Gyrus pariet inf-Angular,1.83
LAY_S_Last_Harvest_Super_Bowl_LX_Commercial,98,49.0,49,1,R Sulcus oc-temp lat,1.99
LAY_S_Last_Harvest_Super_Bowl_LX_Commercial,98,49.0,49,2,R Gyrus orbital,1.99
LAY_S_Last_Harvest_Super_Bowl_LX_Commercial,98,49.0,49,3,L Gyrus orbital,1.88
LAY_S_Last_Harvest_Super_Bowl_LX_Commercial,98,49.0,49,4,R Gyrus temporal inf,1.87
LAY_S_Last_Harvest_Super_Bowl_LX_Commercial,98,49.0,49,5,R Sulcus central,1.82
LAY_S_Last_Harvest_Super_Bowl_LX_Commercial,98,49.0,49,6,L Sulcus central,1.82
LAY_S_Last_Harvest_Super_Bowl_LX_Commercial,98,49.0,49,7,L Pole temporal,1.81
LAY_S_Last_Harvest_Super_Bowl_LX_Commercial,98,49.0,49,8,R Gyrus front sup,1.81
LAY_S_Last_Harvest_Super_Bowl_LX_Commercial,99,49.5,49,1,R Sulcus oc-temp lat,1.99
LAY_S_Last_Harvest_Super_Bowl_LX_Commercial,99,49.5,49,2,R Gyrus orbital,1.99
LAY_S_Last_Harvest_Super_Bowl_LX_Commercial,99,49.5,49,3,L Gyrus orbital,1.88
LAY_S_Last_Harvest_Super_Bowl_LX_Commercial,99,49.5,49,4,R Gyrus temporal inf,1.87
LAY_S_Last_Harvest_Super_Bowl_LX_Commercial,99,49.5,49,5,R Sulcus central,1.82
LAY_S_Last_Harvest_Super_Bowl_LX_Commercial,99,49.5,49,6,L Sulcus central,1.82
LAY_S_Last_Harvest_Super_Bowl_LX_Commercial,99,49.5,49,7,L Pole temporal,1.81
LAY_S_Last_Harvest_Super_Bowl_LX_Commercial,99,49.5,49,8,R Gyrus front sup,1.81
LAY_S_Last_Harvest_Super_Bowl_LX_Commercial,100,50.0,50,1,L Gyrus orbital,2.04
LAY_S_Last_Harvest_Super_Bowl_LX_Commercial,100,50.0,50,2,R Sulcus oc-temp lat,1.93
LAY_S_Last_Harvest_Super_Bowl_LX_Commercial,100,50.0,50,3,R Gyrus orbital,1.88
LAY_S_Last_Harvest_Super_Bowl_LX_Commercial,100,50.0,50,4,L Sulcus orbital med-olfact,1.82
LAY_S_Last_Harvest_Super_Bowl_LX_Commercial,100,50.0,50,5,R Gyrus oc-temp lat-fusifor,1.82
LAY_S_Last_Harvest_Super_Bowl_LX_Commercial,100,50.0,50,6,L Pole temporal,1.78
LAY_S_Last_Harvest_Super_Bowl_LX_Commercial,100,50.0,50,7,R Gyrus temporal inf,1.78
LAY_S_Last_Harvest_Super_Bowl_LX_Commercial,100,50.0,50,8,R Sulcus central,1.76
LAY_S_Last_Harvest_Super_Bowl_LX_Commercial,101,50.5,50,1,L Gyrus orbital,2.04
LAY_S_Last_Harvest_Super_Bowl_LX_Commercial,101,50.5,50,2,R Sulcus oc-temp lat,1.93
LAY_S_Last_Harvest_Super_Bowl_LX_Commercial,101,50.5,50,3,R Gyrus orbital,1.88
LAY_S_Last_Harvest_Super_Bowl_LX_Commercial,101,50.5,50,4,L Sulcus orbital med-olfact,1.82
LAY_S_Last_Harvest_Super_Bowl_LX_Commercial,101,50.5,50,5,R Gyrus oc-temp lat-fusifor,1.82
LAY_S_Last_Harvest_Super_Bowl_LX_Commercial,101,50.5,50,6,L Pole temporal,1.78
LAY_S_Last_Harvest_Super_Bowl_LX_Commercial,101,50.5,50,7,R Gyrus temporal inf,1.78
LAY_S_Last_Harvest_Super_Bowl_LX_Commercial,101,50.5,50,8,R Sulcus central,1.76
LAY_S_Last_Harvest_Super_Bowl_LX_Commercial,102,51.0,51,1,L Sulcus orbital med-olfact,2.02
LAY_S_Last_Harvest_Super_Bowl_LX_Commercial,102,51.0,51,2,R Gyrus orbital,1.92
LAY_S_Last_Harvest_Super_Bowl_LX_Commercial,102,51.0,51,3,R Gyrus oc-temp lat-fusifor,1.82
LAY_S_Last_Harvest_Super_Bowl_LX_Commercial,102,51.0,51,4,L Gyrus orbital,1.79
LAY_S_Last_Harvest_Super_Bowl_LX_Commercial,102,51.0,51,5,R Sulcus oc-temp lat,1.78
LAY_S_Last_Harvest_Super_Bowl_LX_Commercial,102,51.0,51,6,L Pole temporal,1.77
LAY_S_Last_Harvest_Super_Bowl_LX_Commercial,102,51.0,51,7,R Pole temporal,1.75
LAY_S_Last_Harvest_Super_Bowl_LX_Commercial,103,51.5,51,1,L Sulcus orbital med-olfact,2.02
LAY_S_Last_Harvest_Super_Bowl_LX_Commercial,103,51.5,51,2,R Gyrus orbital,1.92
LAY_S_Last_Harvest_Super_Bowl_LX_Commercial,103,51.5,51,3,R Gyrus oc-temp lat-fusifor,1.82
LAY_S_Last_Harvest_Super_Bowl_LX_Commercial,103,51.5,51,4,L Gyrus orbital,1.79
LAY_S_Last_Harvest_Super_Bowl_LX_Commercial,103,51.5,51,5,R Sulcus oc-temp lat,1.78
LAY_S_Last_Harvest_Super_Bowl_LX_Commercial,103,51.5,51,6,L Pole temporal,1.77
LAY_S_Last_Harvest_Super_Bowl_LX_Commercial,103,51.5,51,7,R Pole temporal,1.75
LAY_S_Last_Harvest_Super_Bowl_LX_Commercial,104,52.0,52,1,R Gyrus orbital,2.25
LAY_S_Last_Harvest_Super_Bowl_LX_Commercial,104,52.0,52,2,L Gyrus temporal inf,2.12
LAY_S_Last_Harvest_Super_Bowl_LX_Commercial,104,52.0,52,3,L Sulcus orbital med-olfact,2.07
LAY_S_Last_Harvest_Super_Bowl_LX_Commercial,104,52.0,52,4,L Pole temporal,1.79
LAY_S_Last_Harvest_Super_Bowl_LX_Commercial,104,52.0,52,5,R Gyrus oc-temp lat-fusifor,1.76
LAY_S_Last_Harvest_Super_Bowl_LX_Commercial,105,52.5,52,1,R Gyrus orbital,2.25
LAY_S_Last_Harvest_Super_Bowl_LX_Commercial,105,52.5,52,2,L Gyrus temporal inf,2.12
LAY_S_Last_Harvest_Super_Bowl_LX_Commercial,105,52.5,52,3,L Sulcus orbital med-olfact,2.07
LAY_S_Last_Harvest_Super_Bowl_LX_Commercial,105,52.5,52,4,L Pole temporal,1.79
LAY_S_Last_Harvest_Super_Bowl_LX_Commercial,105,52.5,52,5,R Gyrus oc-temp lat-fusifor,1.76
LAY_S_Last_Harvest_Super_Bowl_LX_Commercial,106,53.0,53,1,R Gyrus orbital,2.07
LAY_S_Last_Harvest_Super_Bowl_LX_Commercial,106,53.0,53,2,L Sulcus orbital med-olfact,1.99
LAY_S_Last_Harvest_Super_Bowl_LX_Commercial,106,53.0,53,3,L Gyrus temporal inf,1.91
LAY_S_Last_Harvest_Super_Bowl_LX_Commercial,106,53.0,53,4,L Gyrus rectus,1.77
LAY_S_Last_Harvest_Super_Bowl_LX_Commercial,107,53.5,53,1,R Gyrus orbital,2.07
LAY_S_Last_Harvest_Super_Bowl_LX_Commercial,107,53.5,53,2,L Sulcus orbital med-olfact,1.99
LAY_S_Last_Harvest_Super_Bowl_LX_Commercial,107,53.5,53,3,L Gyrus temporal inf,1.91
LAY_S_Last_Harvest_Super_Bowl_LX_Commercial,107,53.5,53,4,L Gyrus rectus,1.77
LAY_S_Last_Harvest_Super_Bowl_LX_Commercial,108,54.0,54,1,R Gyrus orbital,2.05
LAY_S_Last_Harvest_Super_Bowl_LX_Commercial,108,54.0,54,2,L Sulcus orbital med-olfact,1.75
LAY_S_Last_Harvest_Super_Bowl_LX_Commercial,108,54.0,54,3,L Gyrus orbital,1.74
LAY_S_Last_Harvest_Super_Bowl_LX_Commercial,109,54.5,54,1,R Gyrus orbital,2.05
LAY_S_Last_Harvest_Super_Bowl_LX_Commercial,109,54.5,54,2,L Sulcus orbital med-olfact,1.75
LAY_S_Last_Harvest_Super_Bowl_LX_Commercial,109,54.5,54,3,L Gyrus orbital,1.74
LAY_S_Last_Harvest_Super_Bowl_LX_Commercial,110,55.0,55,1,L Sulcus orbital med-olfact,2.39
LAY_S_Last_Harvest_Super_Bowl_LX_Commercial,110,55.0,55,2,R Gyrus and Sulcus cingul-Ant,2.15
LAY_S_Last_Harvest_Super_Bowl_LX_Commercial,110,55.0,55,3,L Gyrus orbital,2.08
LAY_S_Last_Harvest_Super_Bowl_LX_Commercial,110,55.0,55,4,R Gyrus rectus,1.95
LAY_S_Last_Harvest_Super_Bowl_LX_Commercial,110,55.0,55,5,L Gyrus and Sulcus frontomargin,1.92
LAY_S_Last_Harvest_Super_Bowl_LX_Commercial,110,55.0,55,6,R Gyrus orbital,1.86
LAY_S_Last_Harvest_Super_Bowl_LX_Commercial,110,55.0,55,7,R Pole temporal,1.74
LAY_S_Last_Harvest_Super_Bowl_LX_Commercial,111,55.5,55,1,L Sulcus orbital med-olfact,2.39
LAY_S_Last_Harvest_Super_Bowl_LX_Commercial,111,55.5,55,2,R Gyrus and Sulcus cingul-Ant,2.15
LAY_S_Last_Harvest_Super_Bowl_LX_Commercial,111,55.5,55,3,L Gyrus orbital,2.08
LAY_S_Last_Harvest_Super_Bowl_LX_Commercial,111,55.5,55,4,R Gyrus rectus,1.95
LAY_S_Last_Harvest_Super_Bowl_LX_Commercial,111,55.5,55,5,L Gyrus and Sulcus frontomargin,1.92
LAY_S_Last_Harvest_Super_Bowl_LX_Commercial,111,55.5,55,6,R Gyrus orbital,1.86
LAY_S_Last_Harvest_Super_Bowl_LX_Commercial,111,55.5,55,7,R Pole temporal,1.74
LAY_S_Last_Harvest_Super_Bowl_LX_Commercial,112,56.0,56,1,L Sulcus orbital med-olfact,2.89
LAY_S_Last_Harvest_Super_Bowl_LX_Commercial,112,56.0,56,2,L Lat Fis-ant-Horizont,2.15
LAY_S_Last_Harvest_Super_Bowl_LX_Commercial,112,56.0,56,3,R Sulcus temporal sup,2.11
LAY_S_Last_Harvest_Super_Bowl_LX_Commercial,112,56.0,56,4,L Gyrus orbital,2.05
LAY_S_Last_Harvest_Super_Bowl_LX_Commercial,112,56.0,56,5,L Gyrus front inf-Orbital,2.02
LAY_S_Last_Harvest_Super_Bowl_LX_Commercial,112,56.0,56,6,R Gyrus and Sulcus subcentral,2.0
LAY_S_Last_Harvest_Super_Bowl_LX_Commercial,112,56.0,56,7,R Gyrus rectus,1.99
LAY_S_Last_Harvest_Super_Bowl_LX_Commercial,112,56.0,56,8,L Sulcus front sup,1.99
LAY_S_Last_Harvest_Super_Bowl_LX_Commercial,113,56.5,56,1,L Sulcus orbital med-olfact,2.89
LAY_S_Last_Harvest_Super_Bowl_LX_Commercial,113,56.5,56,2,L Lat Fis-ant-Horizont,2.15
LAY_S_Last_Harvest_Super_Bowl_LX_Commercial,113,56.5,56,3,R Sulcus temporal sup,2.11
LAY_S_Last_Harvest_Super_Bowl_LX_Commercial,113,56.5,56,4,L Gyrus orbital,2.05
LAY_S_Last_Harvest_Super_Bowl_LX_Commercial,113,56.5,56,5,L Gyrus front inf-Orbital,2.02
LAY_S_Last_Harvest_Super_Bowl_LX_Commercial,113,56.5,56,6,R Gyrus and Sulcus subcentral,2.0
LAY_S_Last_Harvest_Super_Bowl_LX_Commercial,113,56.5,56,7,R Gyrus rectus,1.99
LAY_S_Last_Harvest_Super_Bowl_LX_Commercial,113,56.5,56,8,L Sulcus front sup,1.99
LAY_S_Last_Harvest_Super_Bowl_LX_Commercial,114,57.0,57,1,R Lat Fis-ant-Horizont,2.65
LAY_S_Last_Harvest_Super_Bowl_LX_Commercial,114,57.0,57,2,L Lat Fis-ant-Vertical,2.6
LAY_S_Last_Harvest_Super_Bowl_LX_Commercial,114,57.0,57,3,R Gyrus and Sulcus subcentral,2.59
LAY_S_Last_Harvest_Super_Bowl_LX_Commercial,114,57.0,57,4,L Sulcus circular insula sup,2.56
LAY_S_Last_Harvest_Super_Bowl_LX_Commercial,114,57.0,57,5,R Lat Fis-post,2.55
LAY_S_Last_Harvest_Super_Bowl_LX_Commercial,114,57.0,57,6,R Gyrus front inf-Opercular,2.53
LAY_S_Last_Harvest_Super_Bowl_LX_Commercial,114,57.0,57,7,R Gyrus insular short,2.53
LAY_S_Last_Harvest_Super_Bowl_LX_Commercial,114,57.0,57,8,L Gyrus front inf-Orbital,2.53
LAY_S_Last_Harvest_Super_Bowl_LX_Commercial,115,57.5,57,1,R Lat Fis-ant-Horizont,2.65
LAY_S_Last_Harvest_Super_Bowl_LX_Commercial,115,57.5,57,2,L Lat Fis-ant-Vertical,2.6
LAY_S_Last_Harvest_Super_Bowl_LX_Commercial,115,57.5,57,3,R Gyrus and Sulcus subcentral,2.59
LAY_S_Last_Harvest_Super_Bowl_LX_Commercial,115,57.5,57,4,L Sulcus circular insula sup,2.56
LAY_S_Last_Harvest_Super_Bowl_LX_Commercial,115,57.5,57,5,R Lat Fis-post,2.55
LAY_S_Last_Harvest_Super_Bowl_LX_Commercial,115,57.5,57,6,R Gyrus front inf-Opercular,2.53
LAY_S_Last_Harvest_Super_Bowl_LX_Commercial,115,57.5,57,7,R Gyrus insular short,2.53
LAY_S_Last_Harvest_Super_Bowl_LX_Commercial,115,57.5,57,8,L Gyrus front inf-Orbital,2.53
LAY_S_Last_Harvest_Super_Bowl_LX_Commercial,116,58.0,58,1,R Lat Fis-ant-Horizont,3.32
LAY_S_Last_Harvest_Super_Bowl_LX_Commercial,116,58.0,58,2,R Gyrus insular short,3.26
LAY_S_Last_Harvest_Super_Bowl_LX_Commercial,116,58.0,58,3,R Sulcus circular insula sup,3.19
LAY_S_Last_Harvest_Super_Bowl_LX_Commercial,116,58.0,58,4,R Gyrus front inf-Opercular,3.17
LAY_S_Last_Harvest_Super_Bowl_LX_Commercial,116,58.0,58,5,L Sulcus circular insula sup,3.16
LAY_S_Last_Harvest_Super_Bowl_LX_Commercial,116,58.0,58,6,R Gyrus and Sulcus cingul-Mid-Ant,3.15
LAY_S_Last_Harvest_Super_Bowl_LX_Commercial,116,58.0,58,7,L Sulcus pericallosal,3.15
LAY_S_Last_Harvest_Super_Bowl_LX_Commercial,116,58.0,58,8,R Gyrus and Sulcus frontomargin,3.1
LAY_S_Last_Harvest_Super_Bowl_LX_Commercial,117,58.5,58,1,R Lat Fis-ant-Horizont,3.32
LAY_S_Last_Harvest_Super_Bowl_LX_Commercial,117,58.5,58,2,R Gyrus insular short,3.26
LAY_S_Last_Harvest_Super_Bowl_LX_Commercial,117,58.5,58,3,R Sulcus circular insula sup,3.19
LAY_S_Last_Harvest_Super_Bowl_LX_Commercial,117,58.5,58,4,R Gyrus front inf-Opercular,3.17
LAY_S_Last_Harvest_Super_Bowl_LX_Commercial,117,58.5,58,5,L Sulcus circular insula sup,3.16
LAY_S_Last_Harvest_Super_Bowl_LX_Commercial,117,58.5,58,6,R Gyrus and Sulcus cingul-Mid-Ant,3.15
LAY_S_Last_Harvest_Super_Bowl_LX_Commercial,117,58.5,58,7,L Sulcus pericallosal,3.15
LAY_S_Last_Harvest_Super_Bowl_LX_Commercial,117,58.5,58,8,R Gyrus and Sulcus frontomargin,3.1
LAY_S_Last_Harvest_Super_Bowl_LX_Commercial,118,59.0,59,1,R Gyrus insular short,2.97
LAY_S_Last_Harvest_Super_Bowl_LX_Commercial,118,59.0,59,2,R Lat Fis-ant-Horizont,2.94
LAY_S_Last_Harvest_Super_Bowl_LX_Commercial,118,59.0,59,3,R Sulcus circular insula sup,2.92
LAY_S_Last_Harvest_Super_Bowl_LX_Commercial,118,59.0,59,4,L Sulcus pericallosal,2.91
LAY_S_Last_Harvest_Super_Bowl_LX_Commercial,118,59.0,59,5,L Sulcus circular insula sup,2.9
LAY_S_Last_Harvest_Super_Bowl_LX_Commercial,118,59.0,59,6,R Gyrus and Sulcus cingul-Mid-Ant,2.89
LAY_S_Last_Harvest_Super_Bowl_LX_Commercial,118,59.0,59,7,R Sulcus pericallosal,2.85
LAY_S_Last_Harvest_Super_Bowl_LX_Commercial,118,59.0,59,8,R Gyrus and Sulcus frontomargin,2.85
LAY_S_Last_Harvest_Super_Bowl_LX_Commercial,119,59.5,59,1,R Gyrus insular short,2.97
LAY_S_Last_Harvest_Super_Bowl_LX_Commercial,119,59.5,59,2,R Lat Fis-ant-Horizont,2.94
LAY_S_Last_Harvest_Super_Bowl_LX_Commercial,119,59.5,59,3,R Sulcus circular insula sup,2.92
LAY_S_Last_Harvest_Super_Bowl_LX_Commercial,119,59.5,59,4,L Sulcus pericallosal,2.91
LAY_S_Last_Harvest_Super_Bowl_LX_Commercial,119,59.5,59,5,L Sulcus circular insula sup,2.9
LAY_S_Last_Harvest_Super_Bowl_LX_Commercial,119,59.5,59,6,R Gyrus and Sulcus cingul-Mid-Ant,2.89
LAY_S_Last_Harvest_Super_Bowl_LX_Commercial,119,59.5,59,7,R Sulcus pericallosal,2.85
LAY_S_Last_Harvest_Super_Bowl_LX_Commercial,119,59.5,59,8,R Gyrus and Sulcus frontomargin,2.85
LAY_S_Last_Harvest_Super_Bowl_LX_Commercial,120,60.0,60,1,R Gyrus oc-temp med-Parahip,2.55
LAY_S_Last_Harvest_Super_Bowl_LX_Commercial,120,60.0,60,2,R Sulcus temporal sup,2.54
LAY_S_Last_Harvest_Super_Bowl_LX_Commercial,120,60.0,60,3,R Gyrus and Sulcus frontomargin,2.44
LAY_S_Last_Harvest_Super_Bowl_LX_Commercial,120,60.0,60,4,R Sulcus pericallosal,2.43
LAY_S_Last_Harvest_Super_Bowl_LX_Commercial,120,60.0,60,5,R Sulcus circular insula sup,2.42
LAY_S_Last_Harvest_Super_Bowl_LX_Commercial,120,60.0,60,6,L Sulcus pericallosal,2.4
LAY_S_Last_Harvest_Super_Bowl_LX_Commercial,120,60.0,60,7,R Sulcus circular insula inf,2.39
LAY_S_Last_Harvest_Super_Bowl_LX_Commercial,120,60.0,60,8,L Sulcus orbital-H Shaped,2.39
The_Choice_Pepsi_Super_Bowl,0,0.0,0,1,R Sulcus front sup,2.64
The_Choice_Pepsi_Super_Bowl,0,0.0,0,2,R Sulcus orbital-H Shaped,2.48
The_Choice_Pepsi_Super_Bowl,0,0.0,0,3,L Sulcus orbital-H Shaped,2.45
The_Choice_Pepsi_Super_Bowl,0,0.0,0,4,R Gyrus rectus,2.3
The_Choice_Pepsi_Super_Bowl,0,0.0,0,5,R Gyrus temporal middle,2.27
The_Choice_Pepsi_Super_Bowl,0,0.0,0,6,R Sulcus orbital med-olfact,2.16
The_Choice_Pepsi_Super_Bowl,0,0.0,0,7,L Sulcus orbital lateral,2.14
The_Choice_Pepsi_Super_Bowl,0,0.0,0,8,L Gyrus front inf-Orbital,2.1
The_Choice_Pepsi_Super_Bowl,1,0.5,0,1,R Sulcus front sup,2.64
The_Choice_Pepsi_Super_Bowl,1,0.5,0,2,R Sulcus orbital-H Shaped,2.48
The_Choice_Pepsi_Super_Bowl,1,0.5,0,3,L Sulcus orbital-H Shaped,2.45
The_Choice_Pepsi_Super_Bowl,1,0.5,0,4,R Gyrus rectus,2.3
The_Choice_Pepsi_Super_Bowl,1,0.5,0,5,R Gyrus temporal middle,2.27
The_Choice_Pepsi_Super_Bowl,1,0.5,0,6,R Sulcus orbital med-olfact,2.16
The_Choice_Pepsi_Super_Bowl,1,0.5,0,7,L Sulcus orbital lateral,2.14
The_Choice_Pepsi_Super_Bowl,1,0.5,0,8,L Gyrus front inf-Orbital,2.1
The_Choice_Pepsi_Super_Bowl,2,1.0,1,1,R Sulcus front sup,2.45
The_Choice_Pepsi_Super_Bowl,2,1.0,1,2,R Gyrus temporal inf,2.33
The_Choice_Pepsi_Super_Bowl,2,1.0,1,3,R Pole temporal,2.23
The_Choice_Pepsi_Super_Bowl,2,1.0,1,4,R Gyrus temporal middle,2.19
The_Choice_Pepsi_Super_Bowl,2,1.0,1,5,R Gyrus oc-temp med-Parahip,2.17
The_Choice_Pepsi_Super_Bowl,2,1.0,1,6,R Sulcus orbital lateral,2.16
The_Choice_Pepsi_Super_Bowl,2,1.0,1,7,R Gyrus rectus,2.15
The_Choice_Pepsi_Super_Bowl,2,1.0,1,8,R Gyrus front inf-Orbital,2.11
The_Choice_Pepsi_Super_Bowl,3,1.5,1,1,R Sulcus front sup,2.45
The_Choice_Pepsi_Super_Bowl,3,1.5,1,2,R Gyrus temporal inf,2.33
The_Choice_Pepsi_Super_Bowl,3,1.5,1,3,R Pole temporal,2.23
The_Choice_Pepsi_Super_Bowl,3,1.5,1,4,R Gyrus temporal middle,2.19
The_Choice_Pepsi_Super_Bowl,3,1.5,1,5,R Gyrus oc-temp med-Parahip,2.17
The_Choice_Pepsi_Super_Bowl,3,1.5,1,6,R Sulcus orbital lateral,2.16
The_Choice_Pepsi_Super_Bowl,3,1.5,1,7,R Gyrus rectus,2.15
The_Choice_Pepsi_Super_Bowl,3,1.5,1,8,R Gyrus front inf-Orbital,2.11
The_Choice_Pepsi_Super_Bowl,4,2.0,2,1,R Pole temporal,2.41
The_Choice_Pepsi_Super_Bowl,4,2.0,2,2,R Sulcus intrapariet and P trans,2.29
The_Choice_Pepsi_Super_Bowl,4,2.0,2,3,R Gyrus oc-temp lat-fusifor,2.24
The_Choice_Pepsi_Super_Bowl,4,2.0,2,4,R Gyrus parietal sup,2.22
The_Choice_Pepsi_Super_Bowl,4,2.0,2,5,R Gyrus temp sup-Plan tempo,2.2
The_Choice_Pepsi_Super_Bowl,4,2.0,2,6,R Sulcus postcentral,2.2
The_Choice_Pepsi_Super_Bowl,4,2.0,2,7,R Sulcus orbital lateral,2.18
The_Choice_Pepsi_Super_Bowl,4,2.0,2,8,R Gyrus and Sulcus frontomargin,2.17
The_Choice_Pepsi_Super_Bowl,5,2.5,2,1,R Pole temporal,2.41
The_Choice_Pepsi_Super_Bowl,5,2.5,2,2,R Sulcus intrapariet and P trans,2.29
The_Choice_Pepsi_Super_Bowl,5,2.5,2,3,R Gyrus oc-temp lat-fusifor,2.24
The_Choice_Pepsi_Super_Bowl,5,2.5,2,4,R Gyrus parietal sup,2.22
The_Choice_Pepsi_Super_Bowl,5,2.5,2,5,R Gyrus temp sup-Plan tempo,2.2
The_Choice_Pepsi_Super_Bowl,5,2.5,2,6,R Sulcus postcentral,2.2
The_Choice_Pepsi_Super_Bowl,5,2.5,2,7,R Sulcus orbital lateral,2.18
The_Choice_Pepsi_Super_Bowl,5,2.5,2,8,R Gyrus and Sulcus frontomargin,2.17
The_Choice_Pepsi_Super_Bowl,6,3.0,3,1,R Sulcus orbital lateral,2.07
The_Choice_Pepsi_Super_Bowl,6,3.0,3,2,R Pole temporal,2.06
The_Choice_Pepsi_Super_Bowl,6,3.0,3,3,R Gyrus oc-temp lat-fusifor,1.99
The_Choice_Pepsi_Super_Bowl,6,3.0,3,4,R Sulcus orbital-H Shaped,1.95
The_Choice_Pepsi_Super_Bowl,6,3.0,3,5,L Gyrus temporal inf,1.91
The_Choice_Pepsi_Super_Bowl,6,3.0,3,6,R Sulcus intrapariet and P trans,1.85
The_Choice_Pepsi_Super_Bowl,6,3.0,3,7,R Sulcus oc-temp lat,1.85
The_Choice_Pepsi_Super_Bowl,6,3.0,3,8,R Sulcus collat transv ant,1.84
The_Choice_Pepsi_Super_Bowl,7,3.5,3,1,R Sulcus orbital lateral,2.07
The_Choice_Pepsi_Super_Bowl,7,3.5,3,2,R Pole temporal,2.06
The_Choice_Pepsi_Super_Bowl,7,3.5,3,3,R Gyrus oc-temp lat-fusifor,1.99
The_Choice_Pepsi_Super_Bowl,7,3.5,3,4,R Sulcus orbital-H Shaped,1.95
The_Choice_Pepsi_Super_Bowl,7,3.5,3,5,L Gyrus temporal inf,1.91
The_Choice_Pepsi_Super_Bowl,7,3.5,3,6,R Sulcus intrapariet and P trans,1.85
The_Choice_Pepsi_Super_Bowl,7,3.5,3,7,R Sulcus oc-temp lat,1.85
The_Choice_Pepsi_Super_Bowl,7,3.5,3,8,R Sulcus collat transv ant,1.84
The_Choice_Pepsi_Super_Bowl,8,4.0,4,1,R Gyrus temp sup-Plan tempo,1.85
The_Choice_Pepsi_Super_Bowl,8,4.0,4,2,R Sulcus orbital-H Shaped,1.8
The_Choice_Pepsi_Super_Bowl,8,4.0,4,3,R Gyrus pariet inf-Supramar,1.79
The_Choice_Pepsi_Super_Bowl,8,4.0,4,4,L Gyrus precentral,1.76
The_Choice_Pepsi_Super_Bowl,8,4.0,4,5,L Sulcus collat transv ant,1.74
The_Choice_Pepsi_Super_Bowl,8,4.0,4,6,L Gyrus rectus,1.73
The_Choice_Pepsi_Super_Bowl,8,4.0,4,7,L Lat Fis-ant-Vertical,1.73
The_Choice_Pepsi_Super_Bowl,8,4.0,4,8,R Lat Fis-ant-Horizont,1.71
The_Choice_Pepsi_Super_Bowl,9,4.5,4,1,R Gyrus temp sup-Plan tempo,1.85
The_Choice_Pepsi_Super_Bowl,9,4.5,4,2,R Sulcus orbital-H Shaped,1.8
The_Choice_Pepsi_Super_Bowl,9,4.5,4,3,R Gyrus pariet inf-Supramar,1.79
The_Choice_Pepsi_Super_Bowl,9,4.5,4,4,L Gyrus precentral,1.76
The_Choice_Pepsi_Super_Bowl,9,4.5,4,5,L Sulcus collat transv ant,1.74
The_Choice_Pepsi_Super_Bowl,9,4.5,4,6,L Gyrus rectus,1.73
The_Choice_Pepsi_Super_Bowl,9,4.5,4,7,L Lat Fis-ant-Vertical,1.73
The_Choice_Pepsi_Super_Bowl,9,4.5,4,8,R Lat Fis-ant-Horizont,1.71
The_Choice_Pepsi_Super_Bowl,10,5.0,5,1,L Sulcus collat transv ant,2.12
The_Choice_Pepsi_Super_Bowl,10,5.0,5,2,L Gyrus precentral,2.0
The_Choice_Pepsi_Super_Bowl,10,5.0,5,3,L Sulcus oc-temp lat,1.98
The_Choice_Pepsi_Super_Bowl,10,5.0,5,4,R Gyrus temp sup-Gyrus T transv,1.97
The_Choice_Pepsi_Super_Bowl,10,5.0,5,5,L Gyrus front middle,1.93
The_Choice_Pepsi_Super_Bowl,10,5.0,5,6,L Gyrus front inf-Triangul,1.92
The_Choice_Pepsi_Super_Bowl,10,5.0,5,7,L Sulcus front inf,1.92
The_Choice_Pepsi_Super_Bowl,10,5.0,5,8,L Gyrus front inf-Opercular,1.91
The_Choice_Pepsi_Super_Bowl,11,5.5,5,1,L Sulcus collat transv ant,2.12
The_Choice_Pepsi_Super_Bowl,11,5.5,5,2,L Gyrus precentral,2.0
The_Choice_Pepsi_Super_Bowl,11,5.5,5,3,L Sulcus oc-temp lat,1.98
The_Choice_Pepsi_Super_Bowl,11,5.5,5,4,R Gyrus temp sup-Gyrus T transv,1.97
The_Choice_Pepsi_Super_Bowl,11,5.5,5,5,L Gyrus front middle,1.93
The_Choice_Pepsi_Super_Bowl,11,5.5,5,6,L Gyrus front inf-Triangul,1.92
The_Choice_Pepsi_Super_Bowl,11,5.5,5,7,L Sulcus front inf,1.92
The_Choice_Pepsi_Super_Bowl,11,5.5,5,8,L Gyrus front inf-Opercular,1.91
The_Choice_Pepsi_Super_Bowl,12,6.0,6,1,R Gyrus temp sup-Gyrus T transv,2.1
The_Choice_Pepsi_Super_Bowl,12,6.0,6,2,L Gyrus front inf-Opercular,2.06
The_Choice_Pepsi_Super_Bowl,12,6.0,6,3,R Sulcus temporal transverse,2.04
The_Choice_Pepsi_Super_Bowl,12,6.0,6,4,L Gyrus precentral,2.03
The_Choice_Pepsi_Super_Bowl,12,6.0,6,5,L Gyrus temp sup-Lateral,2.02
The_Choice_Pepsi_Super_Bowl,12,6.0,6,6,L Gyrus front inf-Triangul,2.01
The_Choice_Pepsi_Super_Bowl,12,6.0,6,7,R Gyrus temp sup-Lateral,2.01
The_Choice_Pepsi_Super_Bowl,12,6.0,6,8,R Gyrus temp sup-Plan tempo,2.0
The_Choice_Pepsi_Super_Bowl,13,6.5,6,1,R Gyrus temp sup-Gyrus T transv,2.1
The_Choice_Pepsi_Super_Bowl,13,6.5,6,2,L Gyrus front inf-Opercular,2.06
The_Choice_Pepsi_Super_Bowl,13,6.5,6,3,R Sulcus temporal transverse,2.04
The_Choice_Pepsi_Super_Bowl,13,6.5,6,4,L Gyrus precentral,2.03
The_Choice_Pepsi_Super_Bowl,13,6.5,6,5,L Gyrus temp sup-Lateral,2.02
The_Choice_Pepsi_Super_Bowl,13,6.5,6,6,L Gyrus front inf-Triangul,2.01
The_Choice_Pepsi_Super_Bowl,13,6.5,6,7,R Gyrus temp sup-Lateral,2.01
The_Choice_Pepsi_Super_Bowl,13,6.5,6,8,R Gyrus temp sup-Plan tempo,2.0
The_Choice_Pepsi_Super_Bowl,14,7.0,7,1,L Gyrus pariet inf-Angular,2.03
The_Choice_Pepsi_Super_Bowl,14,7.0,7,2,L Sulcus temporal sup,1.93
The_Choice_Pepsi_Super_Bowl,14,7.0,7,3,L Gyrus front inf-Opercular,1.92
The_Choice_Pepsi_Super_Bowl,14,7.0,7,4,L Gyrus temp sup-Lateral,1.91
The_Choice_Pepsi_Super_Bowl,14,7.0,7,5,L Gyrus front inf-Triangul,1.87
The_Choice_Pepsi_Super_Bowl,14,7.0,7,6,L Gyrus front middle,1.87
The_Choice_Pepsi_Super_Bowl,14,7.0,7,7,L Sulcus front inf,1.85
The_Choice_Pepsi_Super_Bowl,14,7.0,7,8,R Gyrus temp sup-Lateral,1.84
The_Choice_Pepsi_Super_Bowl,15,7.5,7,1,L Gyrus pariet inf-Angular,2.03
The_Choice_Pepsi_Super_Bowl,15,7.5,7,2,L Sulcus temporal sup,1.93
The_Choice_Pepsi_Super_Bowl,15,7.5,7,3,L Gyrus front inf-Opercular,1.92
The_Choice_Pepsi_Super_Bowl,15,7.5,7,4,L Gyrus temp sup-Lateral,1.91
The_Choice_Pepsi_Super_Bowl,15,7.5,7,5,L Gyrus front inf-Triangul,1.87
The_Choice_Pepsi_Super_Bowl,15,7.5,7,6,L Gyrus front middle,1.87
The_Choice_Pepsi_Super_Bowl,15,7.5,7,7,L Sulcus front inf,1.85
The_Choice_Pepsi_Super_Bowl,15,7.5,7,8,R Gyrus temp sup-Lateral,1.84
The_Choice_Pepsi_Super_Bowl,16,8.0,8,1,L Gyrus pariet inf-Angular,1.95
The_Choice_Pepsi_Super_Bowl,16,8.0,8,2,L Gyrus and Sulcus frontomargin,1.86
The_Choice_Pepsi_Super_Bowl,16,8.0,8,3,L Gyrus orbital,1.83
The_Choice_Pepsi_Super_Bowl,16,8.0,8,4,R Sulcus front inf,1.83
The_Choice_Pepsi_Super_Bowl,16,8.0,8,5,L Pole temporal,1.82
The_Choice_Pepsi_Super_Bowl,16,8.0,8,6,L Sulcus temporal sup,1.77
The_Choice_Pepsi_Super_Bowl,16,8.0,8,7,R Pole temporal,1.75
The_Choice_Pepsi_Super_Bowl,16,8.0,8,8,L Sulcus interm prim-Jensen,1.74
The_Choice_Pepsi_Super_Bowl,17,8.5,8,1,L Gyrus pariet inf-Angular,1.95
The_Choice_Pepsi_Super_Bowl,17,8.5,8,2,L Gyrus and Sulcus frontomargin,1.86
The_Choice_Pepsi_Super_Bowl,17,8.5,8,3,L Gyrus orbital,1.83
The_Choice_Pepsi_Super_Bowl,17,8.5,8,4,R Sulcus front inf,1.83
The_Choice_Pepsi_Super_Bowl,17,8.5,8,5,L Pole temporal,1.82
The_Choice_Pepsi_Super_Bowl,17,8.5,8,6,L Sulcus temporal sup,1.77
The_Choice_Pepsi_Super_Bowl,17,8.5,8,7,R Pole temporal,1.75
The_Choice_Pepsi_Super_Bowl,17,8.5,8,8,L Sulcus interm prim-Jensen,1.74
The_Choice_Pepsi_Super_Bowl,18,9.0,9,1,L Gyrus front middle,1.9
The_Choice_Pepsi_Super_Bowl,18,9.0,9,2,L Pole temporal,1.82
The_Choice_Pepsi_Super_Bowl,18,9.0,9,3,L Gyrus front inf-Triangul,1.81
The_Choice_Pepsi_Super_Bowl,18,9.0,9,4,R Sulcus temporal inf,1.79
The_Choice_Pepsi_Super_Bowl,18,9.0,9,5,L Gyrus orbital,1.75
The_Choice_Pepsi_Super_Bowl,18,9.0,9,6,R Gyrus postcentral,1.73
The_Choice_Pepsi_Super_Bowl,18,9.0,9,7,R Sulcus central,1.73
The_Choice_Pepsi_Super_Bowl,18,9.0,9,8,R Gyrus oc-temp med-Parahip,1.73
The_Choice_Pepsi_Super_Bowl,19,9.5,9,1,L Gyrus front middle,1.9
The_Choice_Pepsi_Super_Bowl,19,9.5,9,2,L Pole temporal,1.82
The_Choice_Pepsi_Super_Bowl,19,9.5,9,3,L Gyrus front inf-Triangul,1.81
The_Choice_Pepsi_Super_Bowl,19,9.5,9,4,R Sulcus temporal inf,1.79
The_Choice_Pepsi_Super_Bowl,19,9.5,9,5,L Gyrus orbital,1.75
The_Choice_Pepsi_Super_Bowl,19,9.5,9,6,R Gyrus postcentral,1.73
The_Choice_Pepsi_Super_Bowl,19,9.5,9,7,R Sulcus central,1.73
The_Choice_Pepsi_Super_Bowl,19,9.5,9,8,R Gyrus oc-temp med-Parahip,1.73
The_Choice_Pepsi_Super_Bowl,20,10.0,10,1,R Sulcus temporal inf,1.89
The_Choice_Pepsi_Super_Bowl,20,10.0,10,2,L Gyrus rectus,1.88
The_Choice_Pepsi_Super_Bowl,20,10.0,10,3,R Gyrus orbital,1.83
The_Choice_Pepsi_Super_Bowl,20,10.0,10,4,R Sulcus orbital med-olfact,1.8
The_Choice_Pepsi_Super_Bowl,20,10.0,10,5,L Gyrus front middle,1.78
The_Choice_Pepsi_Super_Bowl,20,10.0,10,6,R Gyrus postcentral,1.72
The_Choice_Pepsi_Super_Bowl,20,10.0,10,7,R Gyrus temporal middle,1.71
The_Choice_Pepsi_Super_Bowl,20,10.0,10,8,L Sulcus collat transv ant,1.71
The_Choice_Pepsi_Super_Bowl,21,10.5,10,1,R Sulcus temporal inf,1.89
The_Choice_Pepsi_Super_Bowl,21,10.5,10,2,L Gyrus rectus,1.88
The_Choice_Pepsi_Super_Bowl,21,10.5,10,3,R Gyrus orbital,1.83
The_Choice_Pepsi_Super_Bowl,21,10.5,10,4,R Sulcus orbital med-olfact,1.8
The_Choice_Pepsi_Super_Bowl,21,10.5,10,5,L Gyrus front middle,1.78
The_Choice_Pepsi_Super_Bowl,21,10.5,10,6,R Gyrus postcentral,1.72
The_Choice_Pepsi_Super_Bowl,21,10.5,10,7,R Gyrus temporal middle,1.71
The_Choice_Pepsi_Super_Bowl,21,10.5,10,8,L Sulcus collat transv ant,1.71
The_Choice_Pepsi_Super_Bowl,22,11.0,11,1,L Gyrus and Sulcus cingul-Ant,1.76
The_Choice_Pepsi_Super_Bowl,22,11.0,11,2,R Gyrus orbital,1.74
The_Choice_Pepsi_Super_Bowl,22,11.0,11,3,L Gyrus rectus,1.72
The_Choice_Pepsi_Super_Bowl,22,11.0,11,4,L Sulcus pericallosal,1.68
The_Choice_Pepsi_Super_Bowl,22,11.0,11,5,R Gyrus and Sulcus cingul-Ant,1.68
The_Choice_Pepsi_Super_Bowl,22,11.0,11,6,L Gyrus postcentral,1.67
The_Choice_Pepsi_Super_Bowl,22,11.0,11,7,L Sulcus orbital med-olfact,1.67
The_Choice_Pepsi_Super_Bowl,22,11.0,11,8,L Gyrus front middle,1.67
The_Choice_Pepsi_Super_Bowl,23,11.5,11,1,L Gyrus and Sulcus cingul-Ant,1.76
The_Choice_Pepsi_Super_Bowl,23,11.5,11,2,R Gyrus orbital,1.74
The_Choice_Pepsi_Super_Bowl,23,11.5,11,3,L Gyrus rectus,1.72
The_Choice_Pepsi_Super_Bowl,23,11.5,11,4,L Sulcus pericallosal,1.68
The_Choice_Pepsi_Super_Bowl,23,11.5,11,5,R Gyrus and Sulcus cingul-Ant,1.68
The_Choice_Pepsi_Super_Bowl,23,11.5,11,6,L Gyrus postcentral,1.67
The_Choice_Pepsi_Super_Bowl,23,11.5,11,7,L Sulcus orbital med-olfact,1.67
The_Choice_Pepsi_Super_Bowl,23,11.5,11,8,L Gyrus front middle,1.67
The_Choice_Pepsi_Super_Bowl,24,12.0,12,1,L Gyrus and Sulcus cingul-Ant,1.8
The_Choice_Pepsi_Super_Bowl,24,12.0,12,2,R Gyrus oc-temp med-Parahip,1.77
The_Choice_Pepsi_Super_Bowl,24,12.0,12,3,R Gyrus and Sulcus cingul-Ant,1.77
The_Choice_Pepsi_Super_Bowl,24,12.0,12,4,L Gyrus orbital,1.72
The_Choice_Pepsi_Super_Bowl,24,12.0,12,5,R Gyrus and Sulcus transv frontopol,1.71
The_Choice_Pepsi_Super_Bowl,24,12.0,12,6,L Sulcus pericallosal,1.67
The_Choice_Pepsi_Super_Bowl,24,12.0,12,7,L Sulcus suborbital,1.67
The_Choice_Pepsi_Super_Bowl,24,12.0,12,8,L Gyrus front middle,1.63
The_Choice_Pepsi_Super_Bowl,25,12.5,12,1,L Gyrus and Sulcus cingul-Ant,1.8
The_Choice_Pepsi_Super_Bowl,25,12.5,12,2,R Gyrus oc-temp med-Parahip,1.77
The_Choice_Pepsi_Super_Bowl,25,12.5,12,3,R Gyrus and Sulcus cingul-Ant,1.77
The_Choice_Pepsi_Super_Bowl,25,12.5,12,4,L Gyrus orbital,1.72
The_Choice_Pepsi_Super_Bowl,25,12.5,12,5,R Gyrus and Sulcus transv frontopol,1.71
The_Choice_Pepsi_Super_Bowl,25,12.5,12,6,L Sulcus pericallosal,1.67
The_Choice_Pepsi_Super_Bowl,25,12.5,12,7,L Sulcus suborbital,1.67
The_Choice_Pepsi_Super_Bowl,25,12.5,12,8,L Gyrus front middle,1.63
The_Choice_Pepsi_Super_Bowl,26,13.0,13,1,L Gyrus front middle,1.75
The_Choice_Pepsi_Super_Bowl,26,13.0,13,2,R Gyrus orbital,1.74
The_Choice_Pepsi_Super_Bowl,26,13.0,13,3,L Gyrus and Sulcus cingul-Ant,1.73
The_Choice_Pepsi_Super_Bowl,26,13.0,13,4,L Gyrus orbital,1.73
The_Choice_Pepsi_Super_Bowl,26,13.0,13,5,R Gyrus and Sulcus cingul-Ant,1.71
The_Choice_Pepsi_Super_Bowl,26,13.0,13,6,R Gyrus and Sulcus transv frontopol,1.66
The_Choice_Pepsi_Super_Bowl,26,13.0,13,7,R Gyrus rectus,1.66
The_Choice_Pepsi_Super_Bowl,26,13.0,13,8,L Sulcus suborbital,1.65
The_Choice_Pepsi_Super_Bowl,27,13.5,13,1,L Gyrus front middle,1.75
The_Choice_Pepsi_Super_Bowl,27,13.5,13,2,R Gyrus orbital,1.74
The_Choice_Pepsi_Super_Bowl,27,13.5,13,3,L Gyrus and Sulcus cingul-Ant,1.73
The_Choice_Pepsi_Super_Bowl,27,13.5,13,4,L Gyrus orbital,1.73
The_Choice_Pepsi_Super_Bowl,27,13.5,13,5,R Gyrus and Sulcus cingul-Ant,1.71
The_Choice_Pepsi_Super_Bowl,27,13.5,13,6,R Gyrus and Sulcus transv frontopol,1.66
The_Choice_Pepsi_Super_Bowl,27,13.5,13,7,R Gyrus rectus,1.66
The_Choice_Pepsi_Super_Bowl,27,13.5,13,8,L Sulcus suborbital,1.65
The_Choice_Pepsi_Super_Bowl,28,14.0,14,1,R Gyrus rectus,1.86
The_Choice_Pepsi_Super_Bowl,28,14.0,14,2,R Gyrus orbital,1.72
The_Choice_Pepsi_Super_Bowl,28,14.0,14,3,L Sulcus circular insula ant,1.64
The_Choice_Pepsi_Super_Bowl,28,14.0,14,4,L Sulcus oc-temp med and Lingual,1.63
The_Choice_Pepsi_Super_Bowl,28,14.0,14,5,L Gyrus front middle,1.61
The_Choice_Pepsi_Super_Bowl,28,14.0,14,6,L Gyrus oc-temp med-Parahip,1.58
The_Choice_Pepsi_Super_Bowl,28,14.0,14,7,R Sulcus cingul-Marginalis,1.57
The_Choice_Pepsi_Super_Bowl,28,14.0,14,8,R Sulcus oc-temp med and Lingual,1.56
The_Choice_Pepsi_Super_Bowl,29,14.5,14,1,R Gyrus rectus,1.86
The_Choice_Pepsi_Super_Bowl,29,14.5,14,2,R Gyrus orbital,1.72
The_Choice_Pepsi_Super_Bowl,29,14.5,14,3,L Sulcus circular insula ant,1.64
The_Choice_Pepsi_Super_Bowl,29,14.5,14,4,L Sulcus oc-temp med and Lingual,1.63
The_Choice_Pepsi_Super_Bowl,29,14.5,14,5,L Gyrus front middle,1.61
The_Choice_Pepsi_Super_Bowl,29,14.5,14,6,L Gyrus oc-temp med-Parahip,1.58
The_Choice_Pepsi_Super_Bowl,29,14.5,14,7,R Sulcus cingul-Marginalis,1.57
The_Choice_Pepsi_Super_Bowl,29,14.5,14,8,R Sulcus oc-temp med and Lingual,1.56
The_Choice_Pepsi_Super_Bowl,30,15.0,15,1,L Sulcus oc-temp med and Lingual,1.8
The_Choice_Pepsi_Super_Bowl,30,15.0,15,2,R Gyrus pariet inf-Angular,1.77
The_Choice_Pepsi_Super_Bowl,30,15.0,15,3,R Gyrus temp sup-Plan tempo,1.73
The_Choice_Pepsi_Super_Bowl,30,15.0,15,4,L Sulcus precentral-inf-part,1.7
The_Choice_Pepsi_Super_Bowl,30,15.0,15,5,L Sulcus cingul-Marginalis,1.69
The_Choice_Pepsi_Super_Bowl,30,15.0,15,6,L Gyrus rectus,1.68
The_Choice_Pepsi_Super_Bowl,30,15.0,15,7,R Sulcus cingul-Marginalis,1.67
The_Choice_Pepsi_Super_Bowl,30,15.0,15,8,L Gyrus temporal middle,1.66
The_Choice_Pepsi_Super_Bowl,31,15.5,15,1,L Sulcus oc-temp med and Lingual,1.8
The_Choice_Pepsi_Super_Bowl,31,15.5,15,2,R Gyrus pariet inf-Angular,1.77
The_Choice_Pepsi_Super_Bowl,31,15.5,15,3,R Gyrus temp sup-Plan tempo,1.73
The_Choice_Pepsi_Super_Bowl,31,15.5,15,4,L Sulcus precentral-inf-part,1.7
The_Choice_Pepsi_Super_Bowl,31,15.5,15,5,L Sulcus cingul-Marginalis,1.69
The_Choice_Pepsi_Super_Bowl,31,15.5,15,6,L Gyrus rectus,1.68
The_Choice_Pepsi_Super_Bowl,31,15.5,15,7,R Sulcus cingul-Marginalis,1.67
The_Choice_Pepsi_Super_Bowl,31,15.5,15,8,L Gyrus temporal middle,1.66
The_Choice_Pepsi_Super_Bowl,32,16.0,16,1,L Gyrus rectus,1.82
The_Choice_Pepsi_Super_Bowl,32,16.0,16,2,R Gyrus temp sup-Plan tempo,1.79
The_Choice_Pepsi_Super_Bowl,32,16.0,16,3,R Gyrus front sup,1.78
The_Choice_Pepsi_Super_Bowl,32,16.0,16,4,L Gyrus parietal sup,1.76
The_Choice_Pepsi_Super_Bowl,32,16.0,16,5,R Gyrus pariet inf-Angular,1.74
The_Choice_Pepsi_Super_Bowl,32,16.0,16,6,L Sulcus postcentral,1.74
The_Choice_Pepsi_Super_Bowl,32,16.0,16,7,R Gyrus pariet inf-Supramar,1.7
The_Choice_Pepsi_Super_Bowl,32,16.0,16,8,L Gyrus orbital,1.68
The_Choice_Pepsi_Super_Bowl,33,16.5,16,1,L Gyrus rectus,1.82
The_Choice_Pepsi_Super_Bowl,33,16.5,16,2,R Gyrus temp sup-Plan tempo,1.79
The_Choice_Pepsi_Super_Bowl,33,16.5,16,3,R Gyrus front sup,1.78
The_Choice_Pepsi_Super_Bowl,33,16.5,16,4,L Gyrus parietal sup,1.76
The_Choice_Pepsi_Super_Bowl,33,16.5,16,5,R Gyrus pariet inf-Angular,1.74
The_Choice_Pepsi_Super_Bowl,33,16.5,16,6,L Sulcus postcentral,1.74
The_Choice_Pepsi_Super_Bowl,33,16.5,16,7,R Gyrus pariet inf-Supramar,1.7
The_Choice_Pepsi_Super_Bowl,33,16.5,16,8,L Gyrus orbital,1.68
The_Choice_Pepsi_Super_Bowl,34,17.0,17,1,L Gyrus front sup,1.87
The_Choice_Pepsi_Super_Bowl,34,17.0,17,2,L Gyrus temporal middle,1.81
The_Choice_Pepsi_Super_Bowl,34,17.0,17,3,L Gyrus front inf-Opercular,1.73
The_Choice_Pepsi_Super_Bowl,34,17.0,17,4,L Gyrus orbital,1.72
The_Choice_Pepsi_Super_Bowl,34,17.0,17,5,L Sulcus oc-temp lat,1.72
The_Choice_Pepsi_Super_Bowl,34,17.0,17,6,L Sulcus front inf,1.68
The_Choice_Pepsi_Super_Bowl,34,17.0,17,7,L Sulcus postcentral,1.66
The_Choice_Pepsi_Super_Bowl,34,17.0,17,8,R Gyrus front inf-Triangul,1.66
The_Choice_Pepsi_Super_Bowl,35,17.5,17,1,L Gyrus front sup,1.87
The_Choice_Pepsi_Super_Bowl,35,17.5,17,2,L Gyrus temporal middle,1.81
The_Choice_Pepsi_Super_Bowl,35,17.5,17,3,L Gyrus front inf-Opercular,1.73
The_Choice_Pepsi_Super_Bowl,35,17.5,17,4,L Gyrus orbital,1.72
The_Choice_Pepsi_Super_Bowl,35,17.5,17,5,L Sulcus oc-temp lat,1.72
The_Choice_Pepsi_Super_Bowl,35,17.5,17,6,L Sulcus front inf,1.68
The_Choice_Pepsi_Super_Bowl,35,17.5,17,7,L Sulcus postcentral,1.66
The_Choice_Pepsi_Super_Bowl,35,17.5,17,8,R Gyrus front inf-Triangul,1.66
The_Choice_Pepsi_Super_Bowl,36,18.0,18,1,L Sulcus circular insula sup,1.92
The_Choice_Pepsi_Super_Bowl,36,18.0,18,2,L Gyrus front sup,1.83
The_Choice_Pepsi_Super_Bowl,36,18.0,18,3,L Gyrus temporal middle,1.8
The_Choice_Pepsi_Super_Bowl,36,18.0,18,4,L Sulcus oc-temp lat,1.7
The_Choice_Pepsi_Super_Bowl,36,18.0,18,5,L Sulcus circular insula ant,1.68
The_Choice_Pepsi_Super_Bowl,36,18.0,18,6,L Gyrus front inf-Opercular,1.67
The_Choice_Pepsi_Super_Bowl,36,18.0,18,7,R Gyrus Ins lg and Sulcus cent ins,1.66
The_Choice_Pepsi_Super_Bowl,36,18.0,18,8,L Gyrus front inf-Triangul,1.66
The_Choice_Pepsi_Super_Bowl,37,18.5,18,1,L Sulcus circular insula sup,1.92
The_Choice_Pepsi_Super_Bowl,37,18.5,18,2,L Gyrus front sup,1.83
The_Choice_Pepsi_Super_Bowl,37,18.5,18,3,L Gyrus temporal middle,1.8
The_Choice_Pepsi_Super_Bowl,37,18.5,18,4,L Sulcus oc-temp lat,1.7
The_Choice_Pepsi_Super_Bowl,37,18.5,18,5,L Sulcus circular insula ant,1.68
The_Choice_Pepsi_Super_Bowl,37,18.5,18,6,L Gyrus front inf-Opercular,1.67
The_Choice_Pepsi_Super_Bowl,37,18.5,18,7,R Gyrus Ins lg and Sulcus cent ins,1.66
The_Choice_Pepsi_Super_Bowl,37,18.5,18,8,L Gyrus front inf-Triangul,1.66
The_Choice_Pepsi_Super_Bowl,38,19.0,19,1,L Sulcus circular insula sup,1.74
The_Choice_Pepsi_Super_Bowl,38,19.0,19,2,L Gyrus front sup,1.64
The_Choice_Pepsi_Super_Bowl,38,19.0,19,3,R Gyrus temporal middle,1.63
The_Choice_Pepsi_Super_Bowl,38,19.0,19,4,L Gyrus front inf-Triangul,1.63
The_Choice_Pepsi_Super_Bowl,38,19.0,19,5,L Gyrus temporal middle,1.6
The_Choice_Pepsi_Super_Bowl,38,19.0,19,6,R Gyrus rectus,1.58
The_Choice_Pepsi_Super_Bowl,38,19.0,19,7,L Sulcus circular insula inf,1.57
The_Choice_Pepsi_Super_Bowl,38,19.0,19,8,L Pole temporal,1.56
The_Choice_Pepsi_Super_Bowl,39,19.5,19,1,L Sulcus circular insula sup,1.74
The_Choice_Pepsi_Super_Bowl,39,19.5,19,2,L Gyrus front sup,1.64
The_Choice_Pepsi_Super_Bowl,39,19.5,19,3,R Gyrus temporal middle,1.63
The_Choice_Pepsi_Super_Bowl,39,19.5,19,4,L Gyrus front inf-Triangul,1.63
The_Choice_Pepsi_Super_Bowl,39,19.5,19,5,L Gyrus temporal middle,1.6
The_Choice_Pepsi_Super_Bowl,39,19.5,19,6,R Gyrus rectus,1.58
The_Choice_Pepsi_Super_Bowl,39,19.5,19,7,L Sulcus circular insula inf,1.57
The_Choice_Pepsi_Super_Bowl,39,19.5,19,8,L Pole temporal,1.56
The_Choice_Pepsi_Super_Bowl,40,20.0,20,1,L Sulcus circular insula sup,1.7
The_Choice_Pepsi_Super_Bowl,40,20.0,20,2,L Gyrus front inf-Triangul,1.67
The_Choice_Pepsi_Super_Bowl,40,20.0,20,3,R Gyrus rectus,1.63
The_Choice_Pepsi_Super_Bowl,40,20.0,20,4,L Gyrus orbital,1.6
The_Choice_Pepsi_Super_Bowl,40,20.0,20,5,L Gyrus front sup,1.59
The_Choice_Pepsi_Super_Bowl,40,20.0,20,6,R Sulcus circular insula inf,1.55
The_Choice_Pepsi_Super_Bowl,40,20.0,20,7,L Pole temporal,1.54
The_Choice_Pepsi_Super_Bowl,40,20.0,20,8,R Gyrus orbital,1.52
The_Choice_Pepsi_Super_Bowl,41,20.5,20,1,L Sulcus circular insula sup,1.7
The_Choice_Pepsi_Super_Bowl,41,20.5,20,2,L Gyrus front inf-Triangul,1.67
The_Choice_Pepsi_Super_Bowl,41,20.5,20,3,R Gyrus rectus,1.63
The_Choice_Pepsi_Super_Bowl,41,20.5,20,4,L Gyrus orbital,1.6
The_Choice_Pepsi_Super_Bowl,41,20.5,20,5,L Gyrus front sup,1.59
The_Choice_Pepsi_Super_Bowl,41,20.5,20,6,R Sulcus circular insula inf,1.55
The_Choice_Pepsi_Super_Bowl,41,20.5,20,7,L Pole temporal,1.54
The_Choice_Pepsi_Super_Bowl,41,20.5,20,8,R Gyrus orbital,1.52
The_Choice_Pepsi_Super_Bowl,42,21.0,21,1,R Gyrus rectus,1.84
The_Choice_Pepsi_Super_Bowl,42,21.0,21,2,L Pole temporal,1.63
The_Choice_Pepsi_Super_Bowl,42,21.0,21,3,L Gyrus oc-temp med-Parahip,1.61
The_Choice_Pepsi_Super_Bowl,42,21.0,21,4,R Gyrus oc-temp med-Parahip,1.57
The_Choice_Pepsi_Super_Bowl,42,21.0,21,5,L Gyrus orbital,1.57
The_Choice_Pepsi_Super_Bowl,42,21.0,21,6,R Gyrus pariet inf-Supramar,1.55
The_Choice_Pepsi_Super_Bowl,42,21.0,21,7,R Gyrus and Sulcus cingul-Mid-Post,1.55
The_Choice_Pepsi_Super_Bowl,42,21.0,21,8,R Sulcus collat transv ant,1.54
The_Choice_Pepsi_Super_Bowl,43,21.5,21,1,R Gyrus rectus,1.84
The_Choice_Pepsi_Super_Bowl,43,21.5,21,2,L Pole temporal,1.63
The_Choice_Pepsi_Super_Bowl,43,21.5,21,3,L Gyrus oc-temp med-Parahip,1.61
The_Choice_Pepsi_Super_Bowl,43,21.5,21,4,R Gyrus oc-temp med-Parahip,1.57
The_Choice_Pepsi_Super_Bowl,43,21.5,21,5,L Gyrus orbital,1.57
The_Choice_Pepsi_Super_Bowl,43,21.5,21,6,R Gyrus pariet inf-Supramar,1.55
The_Choice_Pepsi_Super_Bowl,43,21.5,21,7,R Gyrus and Sulcus cingul-Mid-Post,1.55
The_Choice_Pepsi_Super_Bowl,43,21.5,21,8,R Sulcus collat transv ant,1.54
The_Choice_Pepsi_Super_Bowl,44,22.0,22,1,R Gyrus rectus,1.96
The_Choice_Pepsi_Super_Bowl,44,22.0,22,2,L Gyrus front middle,1.92
The_Choice_Pepsi_Super_Bowl,44,22.0,22,3,L Sulcus temporal inf,1.89
The_Choice_Pepsi_Super_Bowl,44,22.0,22,4,L Gyrus oc-temp med-Parahip,1.84
The_Choice_Pepsi_Super_Bowl,44,22.0,22,5,L Gyrus temporal middle,1.73
The_Choice_Pepsi_Super_Bowl,44,22.0,22,6,L Pole temporal,1.66
The_Choice_Pepsi_Super_Bowl,44,22.0,22,7,L Gyrus front inf-Orbital,1.6
The_Choice_Pepsi_Super_Bowl,44,22.0,22,8,L Sulcus collat transv ant,1.59
The_Choice_Pepsi_Super_Bowl,45,22.5,22,1,R Gyrus rectus,1.96
The_Choice_Pepsi_Super_Bowl,45,22.5,22,2,L Gyrus front middle,1.92
The_Choice_Pepsi_Super_Bowl,45,22.5,22,3,L Sulcus temporal inf,1.89
The_Choice_Pepsi_Super_Bowl,45,22.5,22,4,L Gyrus oc-temp med-Parahip,1.84
The_Choice_Pepsi_Super_Bowl,45,22.5,22,5,L Gyrus temporal middle,1.73
The_Choice_Pepsi_Super_Bowl,45,22.5,22,6,L Pole temporal,1.66
The_Choice_Pepsi_Super_Bowl,45,22.5,22,7,L Gyrus front inf-Orbital,1.6
The_Choice_Pepsi_Super_Bowl,45,22.5,22,8,L Sulcus collat transv ant,1.59
The_Choice_Pepsi_Super_Bowl,46,23.0,23,1,L Sulcus temporal inf,2.06
The_Choice_Pepsi_Super_Bowl,46,23.0,23,2,L Gyrus oc-temp med-Parahip,1.92
The_Choice_Pepsi_Super_Bowl,46,23.0,23,3,L Gyrus front middle,1.91
The_Choice_Pepsi_Super_Bowl,46,23.0,23,4,L Gyrus temporal middle,1.86
The_Choice_Pepsi_Super_Bowl,46,23.0,23,5,R Gyrus rectus,1.71
The_Choice_Pepsi_Super_Bowl,46,23.0,23,6,L Sulcus collat transv ant,1.64
The_Choice_Pepsi_Super_Bowl,46,23.0,23,7,L Pole temporal,1.62
The_Choice_Pepsi_Super_Bowl,46,23.0,23,8,R Gyrus orbital,1.59
The_Choice_Pepsi_Super_Bowl,47,23.5,23,1,L Sulcus temporal inf,2.06
The_Choice_Pepsi_Super_Bowl,47,23.5,23,2,L Gyrus oc-temp med-Parahip,1.92
The_Choice_Pepsi_Super_Bowl,47,23.5,23,3,L Gyrus front middle,1.91
The_Choice_Pepsi_Super_Bowl,47,23.5,23,4,L Gyrus temporal middle,1.86
The_Choice_Pepsi_Super_Bowl,47,23.5,23,5,R Gyrus rectus,1.71
The_Choice_Pepsi_Super_Bowl,47,23.5,23,6,L Sulcus collat transv ant,1.64
The_Choice_Pepsi_Super_Bowl,47,23.5,23,7,L Pole temporal,1.62
The_Choice_Pepsi_Super_Bowl,47,23.5,23,8,R Gyrus orbital,1.59
The_Choice_Pepsi_Super_Bowl,48,24.0,24,1,L Sulcus temporal inf,1.76
The_Choice_Pepsi_Super_Bowl,48,24.0,24,2,R Gyrus subcallosal,1.69
The_Choice_Pepsi_Super_Bowl,48,24.0,24,3,L Gyrus oc-temp med-Parahip,1.63
The_Choice_Pepsi_Super_Bowl,48,24.0,24,4,R Gyrus rectus,1.59
The_Choice_Pepsi_Super_Bowl,48,24.0,24,5,R Gyrus orbital,1.58
The_Choice_Pepsi_Super_Bowl,48,24.0,24,6,L Gyrus temporal middle,1.53
The_Choice_Pepsi_Super_Bowl,48,24.0,24,7,L Sulcus orbital med-olfact,1.49
The_Choice_Pepsi_Super_Bowl,48,24.0,24,8,L Sulcus suborbital,1.49
The_Choice_Pepsi_Super_Bowl,49,24.5,24,1,L Sulcus temporal inf,1.76
The_Choice_Pepsi_Super_Bowl,49,24.5,24,2,R Gyrus subcallosal,1.69
The_Choice_Pepsi_Super_Bowl,49,24.5,24,3,L Gyrus oc-temp med-Parahip,1.63
The_Choice_Pepsi_Super_Bowl,49,24.5,24,4,R Gyrus rectus,1.59
The_Choice_Pepsi_Super_Bowl,49,24.5,24,5,R Gyrus orbital,1.58
The_Choice_Pepsi_Super_Bowl,49,24.5,24,6,L Gyrus temporal middle,1.53
The_Choice_Pepsi_Super_Bowl,49,24.5,24,7,L Sulcus orbital med-olfact,1.49
The_Choice_Pepsi_Super_Bowl,49,24.5,24,8,L Sulcus suborbital,1.49
The_Choice_Pepsi_Super_Bowl,50,25.0,25,1,R Pole occipital,1.66
The_Choice_Pepsi_Super_Bowl,50,25.0,25,2,L Pole occipital,1.62
The_Choice_Pepsi_Super_Bowl,50,25.0,25,3,L Gyrus temporal inf,1.61
The_Choice_Pepsi_Super_Bowl,50,25.0,25,4,R Gyrus rectus,1.55
The_Choice_Pepsi_Super_Bowl,50,25.0,25,5,R Gyrus subcallosal,1.5
The_Choice_Pepsi_Super_Bowl,50,25.0,25,6,L Gyrus front sup,1.47
The_Choice_Pepsi_Super_Bowl,50,25.0,25,7,R Sulcus collat transv ant,1.47
The_Choice_Pepsi_Super_Bowl,51,25.5,25,1,R Pole occipital,1.66
The_Choice_Pepsi_Super_Bowl,51,25.5,25,2,L Pole occipital,1.62
The_Choice_Pepsi_Super_Bowl,51,25.5,25,3,L Gyrus temporal inf,1.61
The_Choice_Pepsi_Super_Bowl,51,25.5,25,4,R Gyrus rectus,1.55
The_Choice_Pepsi_Super_Bowl,51,25.5,25,5,R Gyrus subcallosal,1.5
The_Choice_Pepsi_Super_Bowl,51,25.5,25,6,L Gyrus front sup,1.47
The_Choice_Pepsi_Super_Bowl,51,25.5,25,7,R Sulcus collat transv ant,1.47
The_Choice_Pepsi_Super_Bowl,52,26.0,26,1,R Pole temporal,1.97
The_Choice_Pepsi_Super_Bowl,52,26.0,26,2,R Pole occipital,1.87
The_Choice_Pepsi_Super_Bowl,52,26.0,26,3,L Pole occipital,1.83
The_Choice_Pepsi_Super_Bowl,52,26.0,26,4,L Gyrus rectus,1.76
The_Choice_Pepsi_Super_Bowl,52,26.0,26,5,R Gyrus subcallosal,1.72
The_Choice_Pepsi_Super_Bowl,52,26.0,26,6,L Sulcus orbital med-olfact,1.69
The_Choice_Pepsi_Super_Bowl,52,26.0,26,7,L Sulcus oc-temp med and Lingual,1.64
The_Choice_Pepsi_Super_Bowl,52,26.0,26,8,R Sulcus collat transv ant,1.61
The_Choice_Pepsi_Super_Bowl,53,26.5,26,1,R Pole temporal,1.97
The_Choice_Pepsi_Super_Bowl,53,26.5,26,2,R Pole occipital,1.87
The_Choice_Pepsi_Super_Bowl,53,26.5,26,3,L Pole occipital,1.83
The_Choice_Pepsi_Super_Bowl,53,26.5,26,4,L Gyrus rectus,1.76
The_Choice_Pepsi_Super_Bowl,53,26.5,26,5,R Gyrus subcallosal,1.72
The_Choice_Pepsi_Super_Bowl,53,26.5,26,6,L Sulcus orbital med-olfact,1.69
The_Choice_Pepsi_Super_Bowl,53,26.5,26,7,L Sulcus oc-temp med and Lingual,1.64
The_Choice_Pepsi_Super_Bowl,53,26.5,26,8,R Sulcus collat transv ant,1.61
The_Choice_Pepsi_Super_Bowl,54,27.0,27,1,L Pole occipital,2.12
The_Choice_Pepsi_Super_Bowl,54,27.0,27,2,R Pole occipital,1.94
The_Choice_Pepsi_Super_Bowl,54,27.0,27,3,L Gyrus rectus,1.87
The_Choice_Pepsi_Super_Bowl,54,27.0,27,4,R Pole temporal,1.86
The_Choice_Pepsi_Super_Bowl,54,27.0,27,5,R Gyrus subcallosal,1.85
The_Choice_Pepsi_Super_Bowl,54,27.0,27,6,R Sulcus cingul-Marginalis,1.84
The_Choice_Pepsi_Super_Bowl,54,27.0,27,7,R Gyrus oc-temp med-Parahip,1.83
The_Choice_Pepsi_Super_Bowl,54,27.0,27,8,L Gyrus oc-temp lat-fusifor,1.77
The_Choice_Pepsi_Super_Bowl,55,27.5,27,1,L Pole occipital,2.12
The_Choice_Pepsi_Super_Bowl,55,27.5,27,2,R Pole occipital,1.94
The_Choice_Pepsi_Super_Bowl,55,27.5,27,3,L Gyrus rectus,1.87
The_Choice_Pepsi_Super_Bowl,55,27.5,27,4,R Pole temporal,1.86
The_Choice_Pepsi_Super_Bowl,55,27.5,27,5,R Gyrus subcallosal,1.85
The_Choice_Pepsi_Super_Bowl,55,27.5,27,6,R Sulcus cingul-Marginalis,1.84
The_Choice_Pepsi_Super_Bowl,55,27.5,27,7,R Gyrus oc-temp med-Parahip,1.83
The_Choice_Pepsi_Super_Bowl,55,27.5,27,8,L Gyrus oc-temp lat-fusifor,1.77
The_Choice_Pepsi_Super_Bowl,56,28.0,28,1,R Gyrus pariet inf-Supramar,2.58
The_Choice_Pepsi_Super_Bowl,56,28.0,28,2,R Gyrus and Sulcus frontomargin,2.47
The_Choice_Pepsi_Super_Bowl,56,28.0,28,3,R Gyrus front inf-Opercular,2.47
The_Choice_Pepsi_Super_Bowl,56,28.0,28,4,R Sulcus circular insula sup,2.46
The_Choice_Pepsi_Super_Bowl,56,28.0,28,5,R Sulcus postcentral,2.43
The_Choice_Pepsi_Super_Bowl,56,28.0,28,6,R Gyrus oc-temp med-Parahip,2.4
The_Choice_Pepsi_Super_Bowl,56,28.0,28,7,R Gyrus and Sulcus cingul-Mid-Post,2.36
The_Choice_Pepsi_Super_Bowl,56,28.0,28,8,R Gyrus precentral,2.31
The_Choice_Pepsi_Super_Bowl,57,28.5,28,1,R Gyrus pariet inf-Supramar,2.58
The_Choice_Pepsi_Super_Bowl,57,28.5,28,2,R Gyrus and Sulcus frontomargin,2.47
The_Choice_Pepsi_Super_Bowl,57,28.5,28,3,R Gyrus front inf-Opercular,2.47
The_Choice_Pepsi_Super_Bowl,57,28.5,28,4,R Sulcus circular insula sup,2.46
The_Choice_Pepsi_Super_Bowl,57,28.5,28,5,R Sulcus postcentral,2.43
The_Choice_Pepsi_Super_Bowl,57,28.5,28,6,R Gyrus oc-temp med-Parahip,2.4
The_Choice_Pepsi_Super_Bowl,57,28.5,28,7,R Gyrus and Sulcus cingul-Mid-Post,2.36
The_Choice_Pepsi_Super_Bowl,57,28.5,28,8,R Gyrus precentral,2.31
The_Choice_Pepsi_Super_Bowl,58,29.0,29,1,R Sulcus calcarine,2.51
The_Choice_Pepsi_Super_Bowl,58,29.0,29,2,R Gyrus temp sup-Plan tempo,2.45
The_Choice_Pepsi_Super_Bowl,58,29.0,29,3,R Gyrus and Sulcus frontomargin,2.44
The_Choice_Pepsi_Super_Bowl,58,29.0,29,4,R Gyrus front inf-Opercular,2.4
The_Choice_Pepsi_Super_Bowl,58,29.0,29,5,L Sulcus calcarine,2.38
The_Choice_Pepsi_Super_Bowl,58,29.0,29,6,L Gyrus oc-temp med-Parahip,2.33
The_Choice_Pepsi_Super_Bowl,58,29.0,29,7,L Gyrus and Sulcus frontomargin,2.31
The_Choice_Pepsi_Super_Bowl,58,29.0,29,8,R Sulcus circular insula sup,2.31
The_Choice_Pepsi_Super_Bowl,59,29.5,29,1,R Sulcus calcarine,2.51
The_Choice_Pepsi_Super_Bowl,59,29.5,29,2,R Gyrus temp sup-Plan tempo,2.45
The_Choice_Pepsi_Super_Bowl,59,29.5,29,3,R Gyrus and Sulcus frontomargin,2.44
The_Choice_Pepsi_Super_Bowl,59,29.5,29,4,R Gyrus front inf-Opercular,2.4
The_Choice_Pepsi_Super_Bowl,59,29.5,29,5,L Sulcus calcarine,2.38
The_Choice_Pepsi_Super_Bowl,59,29.5,29,6,L Gyrus oc-temp med-Parahip,2.33
The_Choice_Pepsi_Super_Bowl,59,29.5,29,7,L Gyrus and Sulcus frontomargin,2.31
The_Choice_Pepsi_Super_Bowl,59,29.5,29,8,R Sulcus circular insula sup,2.31
The_Choice_Pepsi_Super_Bowl,60,30.0,30,1,R Sulcus calcarine,2.83
The_Choice_Pepsi_Super_Bowl,60,30.0,30,2,L Sulcus calcarine,2.55
The_Choice_Pepsi_Super_Bowl,60,30.0,30,3,L Gyrus oc-temp med-Parahip,2.52
The_Choice_Pepsi_Super_Bowl,60,30.0,30,4,L Gyrus and Sulcus frontomargin,2.48
The_Choice_Pepsi_Super_Bowl,60,30.0,30,5,R Gyrus and Sulcus frontomargin,2.41
The_Choice_Pepsi_Super_Bowl,60,30.0,30,6,R Sulcus pericallosal,2.33
The_Choice_Pepsi_Super_Bowl,60,30.0,30,7,L Sulcus central,2.31
The_Choice_Pepsi_Super_Bowl,60,30.0,30,8,R Sulcus orbital med-olfact,2.31
